cve_id,cve_year,state,date_published,date_reserved,date_updated,assigner_org_id,assigner_short_name,title,description,affected_products,cvss_version,cvss_base_score,cvss_severity,cvss_vector,cvss_source,cwe_id,cwe_description,ssvc_exploitation,ssvc_automatable,ssvc_technical_impact,references,raw
CVE-2026-14791,2026,PUBLISHED,2026-07-06T02:30:11.384Z,2026-07-05T18:16:17.170Z,2026-07-06T02:30:11.384Z,1af790b2-7ee1-4545-860a-a788eba489b5,VulDB,crater-invoice-inc crater Invoice Note InvoicesRequest.php getFormattedString cross site scripting,A weakness has been identified in crater-invoice-inc crater up to 6.0.6. This affects the function getFormattedString of the file app/Http/Requests/InvoicesRequest.php of the component Invoice Note Handler. Executing a manipulation of the argument notes can lead to cross site scripting. The attack may be launched remotely. The exploit has been made available to the public and could be used for attacks. The project was informed of the problem early through an issue report but has not responded yet.,"[{""vendor"":""crater-invoice-inc"",""product"":""crater"",""defaultStatus"":null,""platforms"":null,""versions"":[{""version"":""6.0.0"",""status"":""affected"",""lessThan"":null,""lessThanOrEqual"":null,""versionType"":null},{""version"":""6.0.1"",""status"":""affected"",""lessThan"":null,""lessThanOrEqual"":null,""versionType"":null},{""version"":""6.0.2"",""status"":""affected"",""lessThan"":null,""lessThanOrEqual"":null,""versionType"":null},{""version"":""6.0.3"",""status"":""affected"",""lessThan"":null,""lessThanOrEqual"":null,""versionType"":null},{""version"":""6.0.4"",""status"":""affected"",""lessThan"":null,""lessThanOrEqual"":null,""versionType"":null},{""version"":""6.0.5"",""status"":""affected"",""lessThan"":null,""lessThanOrEqual"":null,""versionType"":null},{""version"":""6.0.6"",""status"":""affected"",""lessThan"":null,""lessThanOrEqual"":null,""versionType"":null}]}]",4.0,5.1,MEDIUM,CVSS:4.0/AV:N/AC:L/AT:N/PR:L/UI:P/VC:N/VI:L/VA:N/SC:N/SI:N/SA:N/E:P,CNA,CWE-79,Cross Site Scripting,null,null,null,"[{""url"":""https://vuldb.com/vuln/376385"",""name"":""VDB-376385 | crater-invoice-inc crater Invoice Note InvoicesRequest.php getFormattedString cross site scripting"",""tags"":[""vdb-entry"",""technical-description""]},{""url"":""https://vuldb.com/vuln/376385/cti"",""name"":""VDB-376385 | CTI Indicators (IOB, IOC, TTP, IOA)"",""tags"":[""signature"",""permissions-required""]},{""url"":""https://vuldb.com/cve/CVE-2026-14791"",""name"":""CVE-2026-14791 | CVE Analysis and Report"",""tags"":[""third-party-advisory""]},{""url"":""https://vuldb.com/submit/850787"",""name"":""Submit #850787 | crater-invoice crater 6.0.6 XSS"",""tags"":[""third-party-advisory""]},{""url"":""https://github.com/crater-invoice-inc/crater/issues/1327"",""name"":null,""tags"":[""exploit"",""issue-tracking""]},{""url"":""https://github.com/crater-invoice-inc/crater/"",""name"":null,""tags"":[""product""]}]","{""containers"":{""cna"":{""affected"":[{""cpes"":[""cpe:2.3:a:crater-invoice-inc:crater:*:*:*:*:*:*:*:*""],""modules"":[""Invoice Note Handler""],""product"":""crater"",""vendor"":""crater-invoice-inc"",""versions"":[{""status"":""affected"",""version"":""6.0.0""},{""status"":""affected"",""version"":""6.0.1""},{""status"":""affected"",""version"":""6.0.2""},{""status"":""affected"",""version"":""6.0.3""},{""status"":""affected"",""version"":""6.0.4""},{""status"":""affected"",""version"":""6.0.5""},{""status"":""affected"",""version"":""6.0.6""}]}],""credits"":[{""lang"":""en"",""type"":""reporter"",""value"":""geochen (VulDB User)""},{""lang"":""en"",""type"":""coordinator"",""value"":""VulDB CNA Team""}],""descriptions"":[{""lang"":""en"",""value"":""A weakness has been identified in crater-invoice-inc crater up to 6.0.6. This affects the function getFormattedString of the file app/Http/Requests/InvoicesRequest.php of the component Invoice Note Handler. Executing a manipulation of the argument notes can lead to cross site scripting. The attack may be launched remotely. The exploit has been made available to the public and could be used for attacks. The project was informed of the problem early through an issue report but has not responded yet.""}],""metrics"":[{""cvssV4_0"":{""baseScore"":5.1,""baseSeverity"":""MEDIUM"",""vectorString"":""CVSS:4.0/AV:N/AC:L/AT:N/PR:L/UI:P/VC:N/VI:L/VA:N/SC:N/SI:N/SA:N/E:P"",""version"":""4.0""}},{""cvssV3_1"":{""baseScore"":3.5,""baseSeverity"":""LOW"",""vectorString"":""CVSS:3.1/AV:N/AC:L/PR:L/UI:R/S:U/C:N/I:L/A:N/E:P/RL:X/RC:R"",""version"":""3.1""}},{""cvssV3_0"":{""baseScore"":3.5,""baseSeverity"":""LOW"",""vectorString"":""CVSS:3.0/AV:N/AC:L/PR:L/UI:R/S:U/C:N/I:L/A:N/E:P/RL:X/RC:R"",""version"":""3.0""}},{""cvssV2_0"":{""baseScore"":4,""vectorString"":""AV:N/AC:L/Au:S/C:N/I:P/A:N/E:POC/RL:ND/RC:UR"",""version"":""2.0""}}],""problemTypes"":[{""descriptions"":[{""cweId"":""CWE-79"",""description"":""Cross Site Scripting"",""lang"":""en"",""type"":""CWE""}]},{""descriptions"":[{""cweId"":""CWE-94"",""description"":""Code Injection"",""lang"":""en"",""type"":""CWE""}]}],""providerMetadata"":{""dateUpdated"":""2026-07-06T02:30:11.384Z"",""orgId"":""1af790b2-7ee1-4545-860a-a788eba489b5"",""shortName"":""VulDB""},""references"":[{""name"":""VDB-376385 | crater-invoice-inc crater Invoice Note InvoicesRequest.php getFormattedString cross site scripting"",""tags"":[""vdb-entry"",""technical-description""],""url"":""https://vuldb.com/vuln/376385""},{""name"":""VDB-376385 | CTI Indicators (IOB, IOC, TTP, IOA)"",""tags"":[""signature"",""permissions-required""],""url"":""https://vuldb.com/vuln/376385/cti""},{""name"":""CVE-2026-14791 | CVE Analysis and Report"",""tags"":[""third-party-advisory""],""url"":""https://vuldb.com/cve/CVE-2026-14791""},{""name"":""Submit #850787 | crater-invoice crater 6.0.6 XSS"",""tags"":[""third-party-advisory""],""url"":""https://vuldb.com/submit/850787""},{""tags"":[""exploit"",""issue-tracking""],""url"":""https://github.com/crater-invoice-inc/crater/issues/1327""},{""tags"":[""product""],""url"":""https://github.com/crater-invoice-inc/crater/""}],""timeline"":[{""lang"":""en"",""time"":""2026-07-05T00:00:00.000Z"",""value"":""Advisory disclosed""},{""lang"":""en"",""time"":""2026-07-05T02:00:00.000Z"",""value"":""VulDB entry created""},{""lang"":""en"",""time"":""2026-07-05T20:21:21.000Z"",""value"":""VulDB entry last update""}],""title"":""crater-invoice-inc crater Invoice Note InvoicesRequest.php getFormattedString cross site scripting""}},""cveMetadata"":{""assignerOrgId"":""1af790b2-7ee1-4545-860a-a788eba489b5"",""assignerShortName"":""VulDB"",""cveId"":""CVE-2026-14791"",""datePublished"":""2026-07-06T02:30:11.384Z"",""dateReserved"":""2026-07-05T18:16:17.170Z"",""dateUpdated"":""2026-07-06T02:30:11.384Z"",""state"":""PUBLISHED""},""dataType"":""CVE_RECORD"",""dataVersion"":""5.2""}"
CVE-2026-14790,2026,PUBLISHED,2026-07-06T02:15:09.433Z,2026-07-05T16:07:15.466Z,2026-07-06T02:15:09.433Z,1af790b2-7ee1-4545-860a-a788eba489b5,VulDB,GPAC Media File write_nhml.c nhmldump_send_frame null pointer dereference,"A flaw has been found in GPAC 26.02.0. This affects the function nhmldump_send_frame of the file src/filters/write_nhml.c of the component Media File Handler. Executing a manipulation can lead to null pointer dereference. The attack requires local access. The exploit has been published and may be used. This patch is called bd1d94e70e3bef364c07c5a1d94eca5c9f56e160. A patch should be applied to remediate this issue. The project explains: ""I would consider most of these more as bugs than vulns but anyway they're good to fix"".","[{""vendor"":""n/a"",""product"":""GPAC"",""defaultStatus"":null,""platforms"":null,""versions"":[{""version"":""26.02.0"",""status"":""affected"",""lessThan"":null,""lessThanOrEqual"":null,""versionType"":null}]}]",4.0,4.8,MEDIUM,CVSS:4.0/AV:L/AC:L/AT:N/PR:L/UI:N/VC:N/VI:N/VA:L/SC:N/SI:N/SA:N/E:P,CNA,CWE-476,NULL Pointer Dereference,null,null,null,"[{""url"":""https://vuldb.com/vuln/376379"",""name"":""VDB-376379 | GPAC Media File write_nhml.c nhmldump_send_frame null pointer dereference"",""tags"":[""vdb-entry"",""technical-description""]},{""url"":""https://vuldb.com/vuln/376379/cti"",""name"":""VDB-376379 | CTI Indicators (IOB, IOC, IOA)"",""tags"":[""signature"",""permissions-required""]},{""url"":""https://vuldb.com/cve/CVE-2026-14790"",""name"":""CVE-2026-14790 | CVE Analysis and Report"",""tags"":[""third-party-advisory""]},{""url"":""https://vuldb.com/submit/850391"",""name"":""Submit #850391 | gpac v26.02.0 NULL Pointer Dereference"",""tags"":[""third-party-advisory""]},{""url"":""https://github.com/gpac/gpac/issues/3596"",""name"":null,""tags"":[""exploit"",""issue-tracking""]},{""url"":""https://github.com/gpac/gpac/commit/bd1d94e70e3bef364c07c5a1d94eca5c9f56e160"",""name"":null,""tags"":[""patch""]},{""url"":""https://github.com/gpac/gpac/"",""name"":null,""tags"":[""product""]}]","{""containers"":{""cna"":{""affected"":[{""cpes"":[""cpe:2.3:a:gpac:gpac:*:*:*:*:*:*:*:*""],""modules"":[""Media File Handler""],""product"":""GPAC"",""vendor"":""n/a"",""versions"":[{""status"":""affected"",""version"":""26.02.0""}]}],""credits"":[{""lang"":""en"",""type"":""reporter"",""value"":""Kery Qi (VulDB User)""},{""lang"":""en"",""type"":""coordinator"",""value"":""VulDB CNA Team""}],""descriptions"":[{""lang"":""en"",""value"":""A flaw has been found in GPAC 26.02.0. This affects the function nhmldump_send_frame of the file src/filters/write_nhml.c of the component Media File Handler. Executing a manipulation can lead to null pointer dereference. The attack requires local access. The exploit has been published and may be used. This patch is called bd1d94e70e3bef364c07c5a1d94eca5c9f56e160. A patch should be applied to remediate this issue. The project explains: \""I would consider most of these more as bugs than vulns but anyway they're good to fix\"".""}],""metrics"":[{""cvssV4_0"":{""baseScore"":4.8,""baseSeverity"":""MEDIUM"",""vectorString"":""CVSS:4.0/AV:L/AC:L/AT:N/PR:L/UI:N/VC:N/VI:N/VA:L/SC:N/SI:N/SA:N/E:P"",""version"":""4.0""}},{""cvssV3_1"":{""baseScore"":3.3,""baseSeverity"":""LOW"",""vectorString"":""CVSS:3.1/AV:L/AC:L/PR:L/UI:N/S:U/C:N/I:N/A:L/E:P/RL:O/RC:C"",""version"":""3.1""}},{""cvssV3_0"":{""baseScore"":3.3,""baseSeverity"":""LOW"",""vectorString"":""CVSS:3.0/AV:L/AC:L/PR:L/UI:N/S:U/C:N/I:N/A:L/E:P/RL:O/RC:C"",""version"":""3.0""}},{""cvssV2_0"":{""baseScore"":1.7,""vectorString"":""AV:L/AC:L/Au:S/C:N/I:N/A:P/E:POC/RL:OF/RC:C"",""version"":""2.0""}}],""problemTypes"":[{""descriptions"":[{""cweId"":""CWE-476"",""description"":""NULL Pointer Dereference"",""lang"":""en"",""type"":""CWE""}]},{""descriptions"":[{""cweId"":""CWE-404"",""description"":""Denial of Service"",""lang"":""en"",""type"":""CWE""}]}],""providerMetadata"":{""dateUpdated"":""2026-07-06T02:15:09.433Z"",""orgId"":""1af790b2-7ee1-4545-860a-a788eba489b5"",""shortName"":""VulDB""},""references"":[{""name"":""VDB-376379 | GPAC Media File write_nhml.c nhmldump_send_frame null pointer dereference"",""tags"":[""vdb-entry"",""technical-description""],""url"":""https://vuldb.com/vuln/376379""},{""name"":""VDB-376379 | CTI Indicators (IOB, IOC, IOA)"",""tags"":[""signature"",""permissions-required""],""url"":""https://vuldb.com/vuln/376379/cti""},{""name"":""CVE-2026-14790 | CVE Analysis and Report"",""tags"":[""third-party-advisory""],""url"":""https://vuldb.com/cve/CVE-2026-14790""},{""name"":""Submit #850391 | gpac v26.02.0 NULL Pointer Dereference"",""tags"":[""third-party-advisory""],""url"":""https://vuldb.com/submit/850391""},{""tags"":[""exploit"",""issue-tracking""],""url"":""https://github.com/gpac/gpac/issues/3596""},{""tags"":[""patch""],""url"":""https://github.com/gpac/gpac/commit/bd1d94e70e3bef364c07c5a1d94eca5c9f56e160""},{""tags"":[""product""],""url"":""https://github.com/gpac/gpac/""}],""tags"":[""x_open-source""],""timeline"":[{""lang"":""en"",""time"":""2026-07-05T00:00:00.000Z"",""value"":""Advisory disclosed""},{""lang"":""en"",""time"":""2026-07-05T02:00:00.000Z"",""value"":""VulDB entry created""},{""lang"":""en"",""time"":""2026-07-05T18:12:19.000Z"",""value"":""VulDB entry last update""}],""title"":""GPAC Media File write_nhml.c nhmldump_send_frame null pointer dereference""}},""cveMetadata"":{""assignerOrgId"":""1af790b2-7ee1-4545-860a-a788eba489b5"",""assignerShortName"":""VulDB"",""cveId"":""CVE-2026-14790"",""datePublished"":""2026-07-06T02:15:09.433Z"",""dateReserved"":""2026-07-05T16:07:15.466Z"",""dateUpdated"":""2026-07-06T02:15:09.433Z"",""state"":""PUBLISHED""},""dataType"":""CVE_RECORD"",""dataVersion"":""5.2""}"
CVE-2026-14789,2026,PUBLISHED,2026-07-06T02:00:10.294Z,2026-07-05T16:03:21.582Z,2026-07-06T02:00:10.294Z,1af790b2-7ee1-4545-860a-a788eba489b5,VulDB,radareorg radare2 Memory64ListStream mdmp.c stack-based overflow,A vulnerability was detected in radareorg radare2 up to 6.1.6. Affected by this issue is some unknown functionality of the file libr/bin/format/mdmp/mdmp.c of the component Memory64ListStream Parser. Performing a manipulation results in stack-based buffer overflow. The attack requires a local approach. The exploit is now public and may be used. The patch is named 175d4addb68981331c85b10681c2161c38fb5762. It is suggested to install a patch to address this issue.,"[{""vendor"":""radareorg"",""product"":""radare2"",""defaultStatus"":null,""platforms"":null,""versions"":[{""version"":""6.1.0"",""status"":""affected"",""lessThan"":null,""lessThanOrEqual"":null,""versionType"":null},{""version"":""6.1.1"",""status"":""affected"",""lessThan"":null,""lessThanOrEqual"":null,""versionType"":null},{""version"":""6.1.2"",""status"":""affected"",""lessThan"":null,""lessThanOrEqual"":null,""versionType"":null},{""version"":""6.1.3"",""status"":""affected"",""lessThan"":null,""lessThanOrEqual"":null,""versionType"":null},{""version"":""6.1.4"",""status"":""affected"",""lessThan"":null,""lessThanOrEqual"":null,""versionType"":null},{""version"":""6.1.5"",""status"":""affected"",""lessThan"":null,""lessThanOrEqual"":null,""versionType"":null},{""version"":""6.1.6"",""status"":""affected"",""lessThan"":null,""lessThanOrEqual"":null,""versionType"":null}]}]",4.0,4.8,MEDIUM,CVSS:4.0/AV:L/AC:L/AT:N/PR:L/UI:N/VC:N/VI:N/VA:L/SC:N/SI:N/SA:N/E:P,CNA,CWE-121,Stack-based Buffer Overflow,null,null,null,"[{""url"":""https://vuldb.com/vuln/376378"",""name"":""VDB-376378 | radareorg radare2 Memory64ListStream mdmp.c stack-based overflow"",""tags"":[""vdb-entry""]},{""url"":""https://vuldb.com/vuln/376378/cti"",""name"":""VDB-376378 | CTI Indicators (IOB, IOC, IOA)"",""tags"":[""signature"",""permissions-required""]},{""url"":""https://vuldb.com/cve/CVE-2026-14789"",""name"":""CVE-2026-14789 | CVE Analysis and Report"",""tags"":[""third-party-advisory""]},{""url"":""https://vuldb.com/submit/850389"",""name"":""Submit #850389 | radareorg radare2 6.1.6 Improper Input Validation"",""tags"":[""third-party-advisory""]},{""url"":""https://github.com/radareorg/radare2/issues/26051"",""name"":null,""tags"":[""exploit"",""issue-tracking""]},{""url"":""https://github.com/mengzhisuoliu/radare2/commit/175d4addb68981331c85b10681c2161c38fb5762"",""name"":null,""tags"":[""patch""]},{""url"":""https://github.com/radareorg/radare2/"",""name"":null,""tags"":[""product""]}]","{""containers"":{""cna"":{""affected"":[{""cpes"":[""cpe:2.3:a:radareorg:radare2:*:*:*:*:*:*:*:*""],""modules"":[""Memory64ListStream Parser""],""product"":""radare2"",""vendor"":""radareorg"",""versions"":[{""status"":""affected"",""version"":""6.1.0""},{""status"":""affected"",""version"":""6.1.1""},{""status"":""affected"",""version"":""6.1.2""},{""status"":""affected"",""version"":""6.1.3""},{""status"":""affected"",""version"":""6.1.4""},{""status"":""affected"",""version"":""6.1.5""},{""status"":""affected"",""version"":""6.1.6""}]}],""credits"":[{""lang"":""en"",""type"":""reporter"",""value"":""Kery Qi (VulDB User)""}],""descriptions"":[{""lang"":""en"",""value"":""A vulnerability was detected in radareorg radare2 up to 6.1.6. Affected by this issue is some unknown functionality of the file libr/bin/format/mdmp/mdmp.c of the component Memory64ListStream Parser. Performing a manipulation results in stack-based buffer overflow. The attack requires a local approach. The exploit is now public and may be used. The patch is named 175d4addb68981331c85b10681c2161c38fb5762. It is suggested to install a patch to address this issue.""}],""metrics"":[{""cvssV4_0"":{""baseScore"":4.8,""baseSeverity"":""MEDIUM"",""vectorString"":""CVSS:4.0/AV:L/AC:L/AT:N/PR:L/UI:N/VC:N/VI:N/VA:L/SC:N/SI:N/SA:N/E:P"",""version"":""4.0""}},{""cvssV3_1"":{""baseScore"":3.3,""baseSeverity"":""LOW"",""vectorString"":""CVSS:3.1/AV:L/AC:L/PR:L/UI:N/S:U/C:N/I:N/A:L/E:P/RL:O/RC:C"",""version"":""3.1""}},{""cvssV3_0"":{""baseScore"":3.3,""baseSeverity"":""LOW"",""vectorString"":""CVSS:3.0/AV:L/AC:L/PR:L/UI:N/S:U/C:N/I:N/A:L/E:P/RL:O/RC:C"",""version"":""3.0""}},{""cvssV2_0"":{""baseScore"":1.7,""vectorString"":""AV:L/AC:L/Au:S/C:N/I:N/A:P/E:POC/RL:OF/RC:C"",""version"":""2.0""}}],""problemTypes"":[{""descriptions"":[{""cweId"":""CWE-121"",""description"":""Stack-based Buffer Overflow"",""lang"":""en"",""type"":""CWE""}]},{""descriptions"":[{""cweId"":""CWE-119"",""description"":""Memory Corruption"",""lang"":""en"",""type"":""CWE""}]}],""providerMetadata"":{""dateUpdated"":""2026-07-06T02:00:10.294Z"",""orgId"":""1af790b2-7ee1-4545-860a-a788eba489b5"",""shortName"":""VulDB""},""references"":[{""name"":""VDB-376378 | radareorg radare2 Memory64ListStream mdmp.c stack-based overflow"",""tags"":[""vdb-entry""],""url"":""https://vuldb.com/vuln/376378""},{""name"":""VDB-376378 | CTI Indicators (IOB, IOC, IOA)"",""tags"":[""signature"",""permissions-required""],""url"":""https://vuldb.com/vuln/376378/cti""},{""name"":""CVE-2026-14789 | CVE Analysis and Report"",""tags"":[""third-party-advisory""],""url"":""https://vuldb.com/cve/CVE-2026-14789""},{""name"":""Submit #850389 | radareorg radare2 6.1.6 Improper Input Validation"",""tags"":[""third-party-advisory""],""url"":""https://vuldb.com/submit/850389""},{""tags"":[""exploit"",""issue-tracking""],""url"":""https://github.com/radareorg/radare2/issues/26051""},{""tags"":[""patch""],""url"":""https://github.com/mengzhisuoliu/radare2/commit/175d4addb68981331c85b10681c2161c38fb5762""},{""tags"":[""product""],""url"":""https://github.com/radareorg/radare2/""}],""tags"":[""x_open-source""],""timeline"":[{""lang"":""en"",""time"":""2026-07-05T00:00:00.000Z"",""value"":""Advisory disclosed""},{""lang"":""en"",""time"":""2026-07-05T02:00:00.000Z"",""value"":""VulDB entry created""},{""lang"":""en"",""time"":""2026-07-05T18:08:35.000Z"",""value"":""VulDB entry last update""}],""title"":""radareorg radare2 Memory64ListStream mdmp.c stack-based overflow""}},""cveMetadata"":{""assignerOrgId"":""1af790b2-7ee1-4545-860a-a788eba489b5"",""assignerShortName"":""VulDB"",""cveId"":""CVE-2026-14789"",""datePublished"":""2026-07-06T02:00:10.294Z"",""dateReserved"":""2026-07-05T16:03:21.582Z"",""dateUpdated"":""2026-07-06T02:00:10.294Z"",""state"":""PUBLISHED""},""dataType"":""CVE_RECORD"",""dataVersion"":""5.2""}"
CVE-2026-14788,2026,PUBLISHED,2026-07-06T01:45:08.467Z,2026-07-05T16:03:19.139Z,2026-07-06T01:45:08.467Z,1af790b2-7ee1-4545-860a-a788eba489b5,VulDB,radareorg radare2 cfile.c r_core_bin_load use after free,A security vulnerability has been detected in radareorg radare2 up to 6.1.6. Affected by this vulnerability is the function r_core_bin_load of the file libr/core/cfile.c. Such manipulation leads to use after free. The attack needs to be performed locally. The exploit has been disclosed publicly and may be used. The name of the patch is 635ab1eeb30340c26076722a90cb91fb2272130b. Applying a patch is advised to resolve this issue.,"[{""vendor"":""radareorg"",""product"":""radare2"",""defaultStatus"":null,""platforms"":null,""versions"":[{""version"":""6.1.0"",""status"":""affected"",""lessThan"":null,""lessThanOrEqual"":null,""versionType"":null},{""version"":""6.1.1"",""status"":""affected"",""lessThan"":null,""lessThanOrEqual"":null,""versionType"":null},{""version"":""6.1.2"",""status"":""affected"",""lessThan"":null,""lessThanOrEqual"":null,""versionType"":null},{""version"":""6.1.3"",""status"":""affected"",""lessThan"":null,""lessThanOrEqual"":null,""versionType"":null},{""version"":""6.1.4"",""status"":""affected"",""lessThan"":null,""lessThanOrEqual"":null,""versionType"":null},{""version"":""6.1.5"",""status"":""affected"",""lessThan"":null,""lessThanOrEqual"":null,""versionType"":null},{""version"":""6.1.6"",""status"":""affected"",""lessThan"":null,""lessThanOrEqual"":null,""versionType"":null}]}]",4.0,4.8,MEDIUM,CVSS:4.0/AV:L/AC:L/AT:N/PR:L/UI:N/VC:N/VI:N/VA:L/SC:N/SI:N/SA:N/E:P,CNA,CWE-416,Use After Free,null,null,null,"[{""url"":""https://vuldb.com/vuln/376377"",""name"":""VDB-376377 | radareorg radare2 cfile.c r_core_bin_load use after free"",""tags"":[""vdb-entry"",""technical-description""]},{""url"":""https://vuldb.com/vuln/376377/cti"",""name"":""VDB-376377 | CTI Indicators (IOB, IOC, IOA)"",""tags"":[""signature"",""permissions-required""]},{""url"":""https://vuldb.com/cve/CVE-2026-14788"",""name"":""CVE-2026-14788 | CVE Analysis and Report"",""tags"":[""third-party-advisory""]},{""url"":""https://vuldb.com/submit/850388"",""name"":""Submit #850388 | radareorg radare2 6.1.6 Use After Free"",""tags"":[""third-party-advisory""]},{""url"":""https://github.com/radareorg/radare2/issues/26049"",""name"":null,""tags"":[""exploit"",""issue-tracking""]},{""url"":""https://github.com/oldzhu/radare2/commit/635ab1eeb30340c26076722a90cb91fb2272130b"",""name"":null,""tags"":[""patch""]},{""url"":""https://github.com/radareorg/radare2/"",""name"":null,""tags"":[""product""]}]","{""containers"":{""cna"":{""affected"":[{""cpes"":[""cpe:2.3:a:radareorg:radare2:*:*:*:*:*:*:*:*""],""product"":""radare2"",""vendor"":""radareorg"",""versions"":[{""status"":""affected"",""version"":""6.1.0""},{""status"":""affected"",""version"":""6.1.1""},{""status"":""affected"",""version"":""6.1.2""},{""status"":""affected"",""version"":""6.1.3""},{""status"":""affected"",""version"":""6.1.4""},{""status"":""affected"",""version"":""6.1.5""},{""status"":""affected"",""version"":""6.1.6""}]}],""credits"":[{""lang"":""en"",""type"":""reporter"",""value"":""Kery Qi (VulDB User)""}],""descriptions"":[{""lang"":""en"",""value"":""A security vulnerability has been detected in radareorg radare2 up to 6.1.6. Affected by this vulnerability is the function r_core_bin_load of the file libr/core/cfile.c. Such manipulation leads to use after free. The attack needs to be performed locally. The exploit has been disclosed publicly and may be used. The name of the patch is 635ab1eeb30340c26076722a90cb91fb2272130b. Applying a patch is advised to resolve this issue.""}],""metrics"":[{""cvssV4_0"":{""baseScore"":4.8,""baseSeverity"":""MEDIUM"",""vectorString"":""CVSS:4.0/AV:L/AC:L/AT:N/PR:L/UI:N/VC:N/VI:N/VA:L/SC:N/SI:N/SA:N/E:P"",""version"":""4.0""}},{""cvssV3_1"":{""baseScore"":3.3,""baseSeverity"":""LOW"",""vectorString"":""CVSS:3.1/AV:L/AC:L/PR:L/UI:N/S:U/C:N/I:N/A:L/E:P/RL:O/RC:C"",""version"":""3.1""}},{""cvssV3_0"":{""baseScore"":3.3,""baseSeverity"":""LOW"",""vectorString"":""CVSS:3.0/AV:L/AC:L/PR:L/UI:N/S:U/C:N/I:N/A:L/E:P/RL:O/RC:C"",""version"":""3.0""}},{""cvssV2_0"":{""baseScore"":1.7,""vectorString"":""AV:L/AC:L/Au:S/C:N/I:N/A:P/E:POC/RL:OF/RC:C"",""version"":""2.0""}}],""problemTypes"":[{""descriptions"":[{""cweId"":""CWE-416"",""description"":""Use After Free"",""lang"":""en"",""type"":""CWE""}]},{""descriptions"":[{""cweId"":""CWE-119"",""description"":""Memory Corruption"",""lang"":""en"",""type"":""CWE""}]}],""providerMetadata"":{""dateUpdated"":""2026-07-06T01:45:08.467Z"",""orgId"":""1af790b2-7ee1-4545-860a-a788eba489b5"",""shortName"":""VulDB""},""references"":[{""name"":""VDB-376377 | radareorg radare2 cfile.c r_core_bin_load use after free"",""tags"":[""vdb-entry"",""technical-description""],""url"":""https://vuldb.com/vuln/376377""},{""name"":""VDB-376377 | CTI Indicators (IOB, IOC, IOA)"",""tags"":[""signature"",""permissions-required""],""url"":""https://vuldb.com/vuln/376377/cti""},{""name"":""CVE-2026-14788 | CVE Analysis and Report"",""tags"":[""third-party-advisory""],""url"":""https://vuldb.com/cve/CVE-2026-14788""},{""name"":""Submit #850388 | radareorg radare2 6.1.6 Use After Free"",""tags"":[""third-party-advisory""],""url"":""https://vuldb.com/submit/850388""},{""tags"":[""exploit"",""issue-tracking""],""url"":""https://github.com/radareorg/radare2/issues/26049""},{""tags"":[""patch""],""url"":""https://github.com/oldzhu/radare2/commit/635ab1eeb30340c26076722a90cb91fb2272130b""},{""tags"":[""product""],""url"":""https://github.com/radareorg/radare2/""}],""tags"":[""x_open-source""],""timeline"":[{""lang"":""en"",""time"":""2026-07-05T00:00:00.000Z"",""value"":""Advisory disclosed""},{""lang"":""en"",""time"":""2026-07-05T02:00:00.000Z"",""value"":""VulDB entry created""},{""lang"":""en"",""time"":""2026-07-05T18:08:32.000Z"",""value"":""VulDB entry last update""}],""title"":""radareorg radare2 cfile.c r_core_bin_load use after free""}},""cveMetadata"":{""assignerOrgId"":""1af790b2-7ee1-4545-860a-a788eba489b5"",""assignerShortName"":""VulDB"",""cveId"":""CVE-2026-14788"",""datePublished"":""2026-07-06T01:45:08.467Z"",""dateReserved"":""2026-07-05T16:03:19.139Z"",""dateUpdated"":""2026-07-06T01:45:08.467Z"",""state"":""PUBLISHED""},""dataType"":""CVE_RECORD"",""dataVersion"":""5.2""}"
CVE-2026-14803,2026,PUBLISHED,2026-07-06T01:34:43.872Z,2026-07-05T21:23:29.979Z,2026-07-06T01:34:43.872Z,9b29abf9-4ab0-4765-b253-1875cd9b441e,CPANSec,Mojo::JSON versions before 9.47 for Perl allow memory exhaustion via unbounded recursion in the pure-Perl decoder,"Mojo::JSON versions before 9.47 for Perl allow memory exhaustion via unbounded recursion in the pure-Perl decoder.

The pure-Perl decode path (`_decode_value` dispatching to `_decode_array` and `_decode_object`) recurses with no depth limit, so a small deeply nested JSON document can consume excessive memory.

This path is the default when Cpanel::JSON::XS is not installed or `MOJO_NO_JSON_XS=1` is set; the Cpanel::JSON::XS fast path is not affected.

Any caller that decodes an untrusted JSON body, for example `Mojo::Message::json` reached through `$c->req->json`, can exhaust process memory and cause denial of service.","[{""vendor"":""SRI"",""product"":""Mojo::JSON"",""defaultStatus"":""unaffected"",""platforms"":null,""versions"":[{""version"":""0"",""status"":""affected"",""lessThan"":""9.47"",""lessThanOrEqual"":null,""versionType"":""custom""}]}]",null,null,null,null,null,CWE-674,CWE-674 Uncontrolled Recursion,null,null,null,"[{""url"":""https://github.com/mojolicious/mojo/commit/cc38b0554275c4d84f6b8b49bcbbc1bec2068fe1.patch"",""name"":null,""tags"":[""patch""]},{""url"":""https://metacpan.org/release/SRI/Mojolicious-9.47/changes"",""name"":null,""tags"":[""release-notes""]}]","{""containers"":{""cna"":{""affected"":[{""collectionURL"":""https://cpan.org/modules"",""defaultStatus"":""unaffected"",""packageName"":""Mojolicious"",""product"":""Mojo::JSON"",""programFiles"":[""lib/Mojo/JSON.pm""],""programRoutines"":[{""name"":""Mojo::JSON::_decode_array""},{""name"":""Mojo::JSON::_decode_object""}],""repo"":""https://github.com/mojolicious/mojo"",""vendor"":""SRI"",""versions"":[{""lessThan"":""9.47"",""status"":""affected"",""version"":""0"",""versionType"":""custom""}]}],""descriptions"":[{""lang"":""en"",""value"":""Mojo::JSON versions before 9.47 for Perl allow memory exhaustion via unbounded recursion in the pure-Perl decoder.\n\nThe pure-Perl decode path (`_decode_value` dispatching to `_decode_array` and `_decode_object`) recurses with no depth limit, so a small deeply nested JSON document can consume excessive memory.\n\nThis path is the default when Cpanel::JSON::XS is not installed or `MOJO_NO_JSON_XS=1` is set; the Cpanel::JSON::XS fast path is not affected.\n\nAny caller that decodes an untrusted JSON body, for example `Mojo::Message::json` reached through `$c->req->json`, can exhaust process memory and cause denial of service.""}],""problemTypes"":[{""descriptions"":[{""cweId"":""CWE-674"",""description"":""CWE-674 Uncontrolled Recursion"",""lang"":""en"",""type"":""CWE""}]}],""providerMetadata"":{""dateUpdated"":""2026-07-06T01:34:43.872Z"",""orgId"":""9b29abf9-4ab0-4765-b253-1875cd9b441e"",""shortName"":""CPANSec""},""references"":[{""tags"":[""patch""],""url"":""https://github.com/mojolicious/mojo/commit/cc38b0554275c4d84f6b8b49bcbbc1bec2068fe1.patch""},{""tags"":[""release-notes""],""url"":""https://metacpan.org/release/SRI/Mojolicious-9.47/changes""}],""solutions"":[{""lang"":""en"",""value"":""Upgrade to Mojolicious 9.47 or later.""}],""source"":{""discovery"":""UNKNOWN""},""timeline"":[{""lang"":""en"",""time"":""2026-07-05T00:00:00.000Z"",""value"":""Version 9.47 released with fix.""}],""title"":""Mojo::JSON versions before 9.47 for Perl allow memory exhaustion via unbounded recursion in the pure-Perl decoder"",""workarounds"":[{""lang"":""en"",""value"":""Where upgrading is not possible, install Cpanel::JSON::XS in the include path and leave `MOJO_NO_JSON_XS` unset.""}],""x_generator"":{""engine"":""cpansec-cna-tool 0.1""}}},""cveMetadata"":{""assignerOrgId"":""9b29abf9-4ab0-4765-b253-1875cd9b441e"",""assignerShortName"":""CPANSec"",""cveId"":""CVE-2026-14803"",""datePublished"":""2026-07-06T01:34:43.872Z"",""dateReserved"":""2026-07-05T21:23:29.979Z"",""dateUpdated"":""2026-07-06T01:34:43.872Z"",""state"":""PUBLISHED""},""dataType"":""CVE_RECORD"",""dataVersion"":""5.2""}"
CVE-2026-14787,2026,PUBLISHED,2026-07-06T01:30:09.280Z,2026-07-05T16:03:16.568Z,2026-07-06T01:30:09.280Z,1af790b2-7ee1-4545-860a-a788eba489b5,VulDB,radareorg radare2 pb Print cmd_print.inc cmd_print integer overflow,A weakness has been identified in radareorg radare2 up to 6.1.6. Affected is the function cmd_print in the library libr/core/cmd_print.inc of the component pb Print Command Handler. This manipulation causes integer overflow. The attack needs to be launched locally. The exploit has been made available to the public and could be used for attacks. Patch name: 2b6265476c75567006b0fcbb749f4ae7b189c5df. It is recommended to apply a patch to fix this issue.,"[{""vendor"":""radareorg"",""product"":""radare2"",""defaultStatus"":null,""platforms"":null,""versions"":[{""version"":""6.1.0"",""status"":""affected"",""lessThan"":null,""lessThanOrEqual"":null,""versionType"":null},{""version"":""6.1.1"",""status"":""affected"",""lessThan"":null,""lessThanOrEqual"":null,""versionType"":null},{""version"":""6.1.2"",""status"":""affected"",""lessThan"":null,""lessThanOrEqual"":null,""versionType"":null},{""version"":""6.1.3"",""status"":""affected"",""lessThan"":null,""lessThanOrEqual"":null,""versionType"":null},{""version"":""6.1.4"",""status"":""affected"",""lessThan"":null,""lessThanOrEqual"":null,""versionType"":null},{""version"":""6.1.5"",""status"":""affected"",""lessThan"":null,""lessThanOrEqual"":null,""versionType"":null},{""version"":""6.1.6"",""status"":""affected"",""lessThan"":null,""lessThanOrEqual"":null,""versionType"":null}]}]",4.0,4.8,MEDIUM,CVSS:4.0/AV:L/AC:L/AT:N/PR:L/UI:N/VC:N/VI:N/VA:L/SC:N/SI:N/SA:N/E:P,CNA,CWE-190,Integer Overflow,null,null,null,"[{""url"":""https://vuldb.com/vuln/376376"",""name"":""VDB-376376 | radareorg radare2 pb Print cmd_print.inc cmd_print integer overflow"",""tags"":[""vdb-entry"",""technical-description""]},{""url"":""https://vuldb.com/vuln/376376/cti"",""name"":""VDB-376376 | CTI Indicators (IOB, IOC, IOA)"",""tags"":[""signature"",""permissions-required""]},{""url"":""https://vuldb.com/cve/CVE-2026-14787"",""name"":""CVE-2026-14787 | CVE Analysis and Report"",""tags"":[""third-party-advisory""]},{""url"":""https://vuldb.com/submit/850387"",""name"":""Submit #850387 | radareorg radare2 6.1.6 Integer Overflow"",""tags"":[""third-party-advisory""]},{""url"":""https://github.com/radareorg/radare2/issues/26048"",""name"":null,""tags"":[""exploit"",""issue-tracking""]},{""url"":""https://github.com/phix33/radare2/commit/2b6265476c75567006b0fcbb749f4ae7b189c5df"",""name"":null,""tags"":[""patch""]},{""url"":""https://github.com/radareorg/radare2/"",""name"":null,""tags"":[""product""]}]","{""containers"":{""cna"":{""affected"":[{""cpes"":[""cpe:2.3:a:radareorg:radare2:*:*:*:*:*:*:*:*""],""modules"":[""pb Print Command Handler""],""product"":""radare2"",""vendor"":""radareorg"",""versions"":[{""status"":""affected"",""version"":""6.1.0""},{""status"":""affected"",""version"":""6.1.1""},{""status"":""affected"",""version"":""6.1.2""},{""status"":""affected"",""version"":""6.1.3""},{""status"":""affected"",""version"":""6.1.4""},{""status"":""affected"",""version"":""6.1.5""},{""status"":""affected"",""version"":""6.1.6""}]}],""credits"":[{""lang"":""en"",""type"":""reporter"",""value"":""Kery Qi (VulDB User)""}],""descriptions"":[{""lang"":""en"",""value"":""A weakness has been identified in radareorg radare2 up to 6.1.6. Affected is the function cmd_print in the library libr/core/cmd_print.inc of the component pb Print Command Handler. This manipulation causes integer overflow. The attack needs to be launched locally. The exploit has been made available to the public and could be used for attacks. Patch name: 2b6265476c75567006b0fcbb749f4ae7b189c5df. It is recommended to apply a patch to fix this issue.""}],""metrics"":[{""cvssV4_0"":{""baseScore"":4.8,""baseSeverity"":""MEDIUM"",""vectorString"":""CVSS:4.0/AV:L/AC:L/AT:N/PR:L/UI:N/VC:N/VI:N/VA:L/SC:N/SI:N/SA:N/E:P"",""version"":""4.0""}},{""cvssV3_1"":{""baseScore"":3.3,""baseSeverity"":""LOW"",""vectorString"":""CVSS:3.1/AV:L/AC:L/PR:L/UI:N/S:U/C:N/I:N/A:L/E:P/RL:O/RC:C"",""version"":""3.1""}},{""cvssV3_0"":{""baseScore"":3.3,""baseSeverity"":""LOW"",""vectorString"":""CVSS:3.0/AV:L/AC:L/PR:L/UI:N/S:U/C:N/I:N/A:L/E:P/RL:O/RC:C"",""version"":""3.0""}},{""cvssV2_0"":{""baseScore"":1.7,""vectorString"":""AV:L/AC:L/Au:S/C:N/I:N/A:P/E:POC/RL:OF/RC:C"",""version"":""2.0""}}],""problemTypes"":[{""descriptions"":[{""cweId"":""CWE-190"",""description"":""Integer Overflow"",""lang"":""en"",""type"":""CWE""}]},{""descriptions"":[{""cweId"":""CWE-189"",""description"":""Numeric Error"",""lang"":""en"",""type"":""CWE""}]}],""providerMetadata"":{""dateUpdated"":""2026-07-06T01:30:09.280Z"",""orgId"":""1af790b2-7ee1-4545-860a-a788eba489b5"",""shortName"":""VulDB""},""references"":[{""name"":""VDB-376376 | radareorg radare2 pb Print cmd_print.inc cmd_print integer overflow"",""tags"":[""vdb-entry"",""technical-description""],""url"":""https://vuldb.com/vuln/376376""},{""name"":""VDB-376376 | CTI Indicators (IOB, IOC, IOA)"",""tags"":[""signature"",""permissions-required""],""url"":""https://vuldb.com/vuln/376376/cti""},{""name"":""CVE-2026-14787 | CVE Analysis and Report"",""tags"":[""third-party-advisory""],""url"":""https://vuldb.com/cve/CVE-2026-14787""},{""name"":""Submit #850387 | radareorg radare2 6.1.6 Integer Overflow"",""tags"":[""third-party-advisory""],""url"":""https://vuldb.com/submit/850387""},{""tags"":[""exploit"",""issue-tracking""],""url"":""https://github.com/radareorg/radare2/issues/26048""},{""tags"":[""patch""],""url"":""https://github.com/phix33/radare2/commit/2b6265476c75567006b0fcbb749f4ae7b189c5df""},{""tags"":[""product""],""url"":""https://github.com/radareorg/radare2/""}],""tags"":[""x_open-source""],""timeline"":[{""lang"":""en"",""time"":""2026-07-05T00:00:00.000Z"",""value"":""Advisory disclosed""},{""lang"":""en"",""time"":""2026-07-05T02:00:00.000Z"",""value"":""VulDB entry created""},{""lang"":""en"",""time"":""2026-07-05T18:08:29.000Z"",""value"":""VulDB entry last update""}],""title"":""radareorg radare2 pb Print cmd_print.inc cmd_print integer overflow""}},""cveMetadata"":{""assignerOrgId"":""1af790b2-7ee1-4545-860a-a788eba489b5"",""assignerShortName"":""VulDB"",""cveId"":""CVE-2026-14787"",""datePublished"":""2026-07-06T01:30:09.280Z"",""dateReserved"":""2026-07-05T16:03:16.568Z"",""dateUpdated"":""2026-07-06T01:30:09.280Z"",""state"":""PUBLISHED""},""dataType"":""CVE_RECORD"",""dataVersion"":""5.2""}"
CVE-2026-14786,2026,PUBLISHED,2026-07-06T01:00:10.542Z,2026-07-05T16:03:14.292Z,2026-07-06T01:00:10.542Z,1af790b2-7ee1-4545-860a-a788eba489b5,VulDB,radareorg radare2 str.c r_str_word_get0set integer overflow,A security flaw has been discovered in radareorg radare2 up to 6.1.6. This impacts the function r_str_word_get0set of the file libr/util/str.c. The manipulation results in integer overflow. The attack must be initiated from a local position. The exploit has been released to the public and may be used for attacks. The patch is identified as 11ac224c0eb8d57830fccc99e1c1cd8e5d958813. It is best practice to apply a patch to resolve this issue.,"[{""vendor"":""radareorg"",""product"":""radare2"",""defaultStatus"":null,""platforms"":null,""versions"":[{""version"":""6.1.0"",""status"":""affected"",""lessThan"":null,""lessThanOrEqual"":null,""versionType"":null},{""version"":""6.1.1"",""status"":""affected"",""lessThan"":null,""lessThanOrEqual"":null,""versionType"":null},{""version"":""6.1.2"",""status"":""affected"",""lessThan"":null,""lessThanOrEqual"":null,""versionType"":null},{""version"":""6.1.3"",""status"":""affected"",""lessThan"":null,""lessThanOrEqual"":null,""versionType"":null},{""version"":""6.1.4"",""status"":""affected"",""lessThan"":null,""lessThanOrEqual"":null,""versionType"":null},{""version"":""6.1.5"",""status"":""affected"",""lessThan"":null,""lessThanOrEqual"":null,""versionType"":null},{""version"":""6.1.6"",""status"":""affected"",""lessThan"":null,""lessThanOrEqual"":null,""versionType"":null}]}]",4.0,4.8,MEDIUM,CVSS:4.0/AV:L/AC:L/AT:N/PR:L/UI:N/VC:N/VI:N/VA:L/SC:N/SI:N/SA:N/E:P,CNA,CWE-190,Integer Overflow,null,null,null,"[{""url"":""https://vuldb.com/vuln/376375"",""name"":""VDB-376375 | radareorg radare2 str.c r_str_word_get0set integer overflow"",""tags"":[""vdb-entry"",""technical-description""]},{""url"":""https://vuldb.com/vuln/376375/cti"",""name"":""VDB-376375 | CTI Indicators (IOB, IOC, IOA)"",""tags"":[""signature"",""permissions-required""]},{""url"":""https://vuldb.com/cve/CVE-2026-14786"",""name"":""CVE-2026-14786 | CVE Analysis and Report"",""tags"":[""third-party-advisory""]},{""url"":""https://vuldb.com/submit/850386"",""name"":""Submit #850386 | radareorg radare2 6.1.6 Integer Overflow"",""tags"":[""third-party-advisory""]},{""url"":""https://github.com/radareorg/radare2/issues/26047"",""name"":null,""tags"":[""exploit"",""issue-tracking""]},{""url"":""https://github.com/radareorg/radare2/commit/11ac224c0eb8d57830fccc99e1c1cd8e5d958813"",""name"":null,""tags"":[""patch""]},{""url"":""https://github.com/radareorg/radare2/"",""name"":null,""tags"":[""product""]}]","{""containers"":{""cna"":{""affected"":[{""cpes"":[""cpe:2.3:a:radareorg:radare2:*:*:*:*:*:*:*:*""],""product"":""radare2"",""vendor"":""radareorg"",""versions"":[{""status"":""affected"",""version"":""6.1.0""},{""status"":""affected"",""version"":""6.1.1""},{""status"":""affected"",""version"":""6.1.2""},{""status"":""affected"",""version"":""6.1.3""},{""status"":""affected"",""version"":""6.1.4""},{""status"":""affected"",""version"":""6.1.5""},{""status"":""affected"",""version"":""6.1.6""}]}],""credits"":[{""lang"":""en"",""type"":""reporter"",""value"":""Kery Qi (VulDB User)""}],""descriptions"":[{""lang"":""en"",""value"":""A security flaw has been discovered in radareorg radare2 up to 6.1.6. This impacts the function r_str_word_get0set of the file libr/util/str.c. The manipulation results in integer overflow. The attack must be initiated from a local position. The exploit has been released to the public and may be used for attacks. The patch is identified as 11ac224c0eb8d57830fccc99e1c1cd8e5d958813. It is best practice to apply a patch to resolve this issue.""}],""metrics"":[{""cvssV4_0"":{""baseScore"":4.8,""baseSeverity"":""MEDIUM"",""vectorString"":""CVSS:4.0/AV:L/AC:L/AT:N/PR:L/UI:N/VC:N/VI:N/VA:L/SC:N/SI:N/SA:N/E:P"",""version"":""4.0""}},{""cvssV3_1"":{""baseScore"":3.3,""baseSeverity"":""LOW"",""vectorString"":""CVSS:3.1/AV:L/AC:L/PR:L/UI:N/S:U/C:N/I:N/A:L/E:P/RL:O/RC:C"",""version"":""3.1""}},{""cvssV3_0"":{""baseScore"":3.3,""baseSeverity"":""LOW"",""vectorString"":""CVSS:3.0/AV:L/AC:L/PR:L/UI:N/S:U/C:N/I:N/A:L/E:P/RL:O/RC:C"",""version"":""3.0""}},{""cvssV2_0"":{""baseScore"":1.7,""vectorString"":""AV:L/AC:L/Au:S/C:N/I:N/A:P/E:POC/RL:OF/RC:C"",""version"":""2.0""}}],""problemTypes"":[{""descriptions"":[{""cweId"":""CWE-190"",""description"":""Integer Overflow"",""lang"":""en"",""type"":""CWE""}]},{""descriptions"":[{""cweId"":""CWE-189"",""description"":""Numeric Error"",""lang"":""en"",""type"":""CWE""}]}],""providerMetadata"":{""dateUpdated"":""2026-07-06T01:00:10.542Z"",""orgId"":""1af790b2-7ee1-4545-860a-a788eba489b5"",""shortName"":""VulDB""},""references"":[{""name"":""VDB-376375 | radareorg radare2 str.c r_str_word_get0set integer overflow"",""tags"":[""vdb-entry"",""technical-description""],""url"":""https://vuldb.com/vuln/376375""},{""name"":""VDB-376375 | CTI Indicators (IOB, IOC, IOA)"",""tags"":[""signature"",""permissions-required""],""url"":""https://vuldb.com/vuln/376375/cti""},{""name"":""CVE-2026-14786 | CVE Analysis and Report"",""tags"":[""third-party-advisory""],""url"":""https://vuldb.com/cve/CVE-2026-14786""},{""name"":""Submit #850386 | radareorg radare2 6.1.6 Integer Overflow"",""tags"":[""third-party-advisory""],""url"":""https://vuldb.com/submit/850386""},{""tags"":[""exploit"",""issue-tracking""],""url"":""https://github.com/radareorg/radare2/issues/26047""},{""tags"":[""patch""],""url"":""https://github.com/radareorg/radare2/commit/11ac224c0eb8d57830fccc99e1c1cd8e5d958813""},{""tags"":[""product""],""url"":""https://github.com/radareorg/radare2/""}],""tags"":[""x_open-source""],""timeline"":[{""lang"":""en"",""time"":""2026-07-05T00:00:00.000Z"",""value"":""Advisory disclosed""},{""lang"":""en"",""time"":""2026-07-05T02:00:00.000Z"",""value"":""VulDB entry created""},{""lang"":""en"",""time"":""2026-07-05T18:08:26.000Z"",""value"":""VulDB entry last update""}],""title"":""radareorg radare2 str.c r_str_word_get0set integer overflow""}},""cveMetadata"":{""assignerOrgId"":""1af790b2-7ee1-4545-860a-a788eba489b5"",""assignerShortName"":""VulDB"",""cveId"":""CVE-2026-14786"",""datePublished"":""2026-07-06T01:00:10.542Z"",""dateReserved"":""2026-07-05T16:03:14.292Z"",""dateUpdated"":""2026-07-06T01:00:10.542Z"",""state"":""PUBLISHED""},""dataType"":""CVE_RECORD"",""dataVersion"":""5.2""}"
CVE-2026-14784,2026,PUBLISHED,2026-07-06T00:00:11.832Z,2026-07-05T14:50:20.884Z,2026-07-06T00:00:11.832Z,1af790b2-7ee1-4545-860a-a788eba489b5,VulDB,vxcontrol PentAGI Docker API client.go sandbox,A vulnerability was identified in vxcontrol PentAGI up to 2.1.0. This affects an unknown function of the file backend/pkg/docker/client.go of the component Docker API. The manipulation leads to sandbox issue. The attack may be initiated remotely. The pull request to fix this issue awaits acceptance.,"[{""vendor"":""vxcontrol"",""product"":""PentAGI"",""defaultStatus"":null,""platforms"":null,""versions"":[{""version"":""2.0"",""status"":""affected"",""lessThan"":null,""lessThanOrEqual"":null,""versionType"":null},{""version"":""2.1.0"",""status"":""affected"",""lessThan"":null,""lessThanOrEqual"":null,""versionType"":null}]}]",4.0,5.3,MEDIUM,CVSS:4.0/AV:N/AC:L/AT:N/PR:L/UI:N/VC:L/VI:L/VA:L/SC:N/SI:N/SA:N/E:X,CNA,CWE-265,Sandbox Issue,null,null,null,"[{""url"":""https://vuldb.com/vuln/376374"",""name"":""VDB-376374 | vxcontrol PentAGI Docker API client.go sandbox"",""tags"":[""vdb-entry""]},{""url"":""https://vuldb.com/vuln/376374/cti"",""name"":""VDB-376374 | CTI Indicators (IOB, IOC, TTP, IOA)"",""tags"":[""signature"",""permissions-required""]},{""url"":""https://vuldb.com/cve/CVE-2026-14784"",""name"":""CVE-2026-14784 | CVE Analysis and Report"",""tags"":[""third-party-advisory""]},{""url"":""https://vuldb.com/submit/849298"",""name"":""Submit #849298 | vxcontrol pentagi <=v2.1.0 Container Escape"",""tags"":[""third-party-advisory""]},{""url"":""https://github.com/vxcontrol/pentagi/issues/337"",""name"":null,""tags"":[""issue-tracking""]},{""url"":""https://github.com/vxcontrol/pentagi/pull/355"",""name"":null,""tags"":[""issue-tracking"",""patch""]},{""url"":""https://github.com/vxcontrol/pentagi/"",""name"":null,""tags"":[""product""]}]","{""containers"":{""cna"":{""affected"":[{""cpes"":[""cpe:2.3:a:vxcontrol:pentagi:*:*:*:*:*:*:*:*""],""modules"":[""Docker API""],""product"":""PentAGI"",""vendor"":""vxcontrol"",""versions"":[{""status"":""affected"",""version"":""2.0""},{""status"":""affected"",""version"":""2.1.0""}]}],""credits"":[{""lang"":""en"",""type"":""reporter"",""value"":""ez-lbz (VulDB User)""},{""lang"":""en"",""type"":""coordinator"",""value"":""VulDB CNA Team""}],""descriptions"":[{""lang"":""en"",""value"":""A vulnerability was identified in vxcontrol PentAGI up to 2.1.0. This affects an unknown function of the file backend/pkg/docker/client.go of the component Docker API. The manipulation leads to sandbox issue. The attack may be initiated remotely. The pull request to fix this issue awaits acceptance.""}],""metrics"":[{""cvssV4_0"":{""baseScore"":5.3,""baseSeverity"":""MEDIUM"",""vectorString"":""CVSS:4.0/AV:N/AC:L/AT:N/PR:L/UI:N/VC:L/VI:L/VA:L/SC:N/SI:N/SA:N/E:X"",""version"":""4.0""}},{""cvssV3_1"":{""baseScore"":6.3,""baseSeverity"":""MEDIUM"",""vectorString"":""CVSS:3.1/AV:N/AC:L/PR:L/UI:N/S:U/C:L/I:L/A:L/E:X/RL:X/RC:R"",""version"":""3.1""}},{""cvssV3_0"":{""baseScore"":6.3,""baseSeverity"":""MEDIUM"",""vectorString"":""CVSS:3.0/AV:N/AC:L/PR:L/UI:N/S:U/C:L/I:L/A:L/E:X/RL:X/RC:R"",""version"":""3.0""}},{""cvssV2_0"":{""baseScore"":6.5,""vectorString"":""AV:N/AC:L/Au:S/C:P/I:P/A:P/E:ND/RL:ND/RC:UR"",""version"":""2.0""}}],""problemTypes"":[{""descriptions"":[{""cweId"":""CWE-265"",""description"":""Sandbox Issue"",""lang"":""en"",""type"":""CWE""}]},{""descriptions"":[{""cweId"":""CWE-264"",""description"":""Improper Access Controls"",""lang"":""en"",""type"":""CWE""}]}],""providerMetadata"":{""dateUpdated"":""2026-07-06T00:00:11.832Z"",""orgId"":""1af790b2-7ee1-4545-860a-a788eba489b5"",""shortName"":""VulDB""},""references"":[{""name"":""VDB-376374 | vxcontrol PentAGI Docker API client.go sandbox"",""tags"":[""vdb-entry""],""url"":""https://vuldb.com/vuln/376374""},{""name"":""VDB-376374 | CTI Indicators (IOB, IOC, TTP, IOA)"",""tags"":[""signature"",""permissions-required""],""url"":""https://vuldb.com/vuln/376374/cti""},{""name"":""CVE-2026-14784 | CVE Analysis and Report"",""tags"":[""third-party-advisory""],""url"":""https://vuldb.com/cve/CVE-2026-14784""},{""name"":""Submit #849298 | vxcontrol pentagi <=v2.1.0 Container Escape"",""tags"":[""third-party-advisory""],""url"":""https://vuldb.com/submit/849298""},{""tags"":[""issue-tracking""],""url"":""https://github.com/vxcontrol/pentagi/issues/337""},{""tags"":[""issue-tracking"",""patch""],""url"":""https://github.com/vxcontrol/pentagi/pull/355""},{""tags"":[""product""],""url"":""https://github.com/vxcontrol/pentagi/""}],""timeline"":[{""lang"":""en"",""time"":""2026-07-05T00:00:00.000Z"",""value"":""Advisory disclosed""},{""lang"":""en"",""time"":""2026-07-05T02:00:00.000Z"",""value"":""VulDB entry created""},{""lang"":""en"",""time"":""2026-07-05T16:56:24.000Z"",""value"":""VulDB entry last update""}],""title"":""vxcontrol PentAGI Docker API client.go sandbox""}},""cveMetadata"":{""assignerOrgId"":""1af790b2-7ee1-4545-860a-a788eba489b5"",""assignerShortName"":""VulDB"",""cveId"":""CVE-2026-14784"",""datePublished"":""2026-07-06T00:00:11.832Z"",""dateReserved"":""2026-07-05T14:50:20.884Z"",""dateUpdated"":""2026-07-06T00:00:11.832Z"",""state"":""PUBLISHED""},""dataType"":""CVE_RECORD"",""dataVersion"":""5.2""}"
CVE-2026-14783,2026,PUBLISHED,2026-07-05T23:45:10.833Z,2026-07-05T14:00:38.992Z,2026-07-05T23:45:10.833Z,1af790b2-7ee1-4545-860a-a788eba489b5,VulDB,NousResearch hermes-agent skills_tool.py skill_view path traversal,A vulnerability was determined in NousResearch hermes-agent 2026.5.29.2. The impacted element is the function skill_view of the file tools/skills_tool.py. Executing a manipulation of the argument Name can lead to path traversal. The attack can be launched remotely. The exploit has been publicly disclosed and may be utilized. This patch is called 56f833efa427ccb444c0f9ad1759af1012f2124d. It is advisable to implement a patch to correct this issue.,"[{""vendor"":""NousResearch"",""product"":""hermes-agent"",""defaultStatus"":null,""platforms"":null,""versions"":[{""version"":""2026.5.29.2"",""status"":""affected"",""lessThan"":null,""lessThanOrEqual"":null,""versionType"":null}]}]",4.0,5.3,MEDIUM,CVSS:4.0/AV:N/AC:L/AT:N/PR:L/UI:N/VC:L/VI:N/VA:N/SC:N/SI:N/SA:N/E:P,CNA,CWE-22,Path Traversal,null,null,null,"[{""url"":""https://vuldb.com/vuln/376373"",""name"":""VDB-376373 | NousResearch hermes-agent skills_tool.py skill_view path traversal"",""tags"":[""vdb-entry"",""technical-description""]},{""url"":""https://vuldb.com/vuln/376373/cti"",""name"":""VDB-376373 | CTI Indicators (IOB, IOC, TTP, IOA)"",""tags"":[""signature"",""permissions-required""]},{""url"":""https://vuldb.com/cve/CVE-2026-14783"",""name"":""CVE-2026-14783 | CVE Analysis and Report"",""tags"":[""third-party-advisory""]},{""url"":""https://vuldb.com/submit/847502"",""name"":""Submit #847502 | NousResearch hermes-agent 2026.5.29.2 Improper Limitation of a Pathname to a Restricted Directory (Path Traversal) (CWE-22)"",""tags"":[""third-party-advisory""]},{""url"":""https://github.com/NousResearch/hermes-agent/issues/38643"",""name"":null,""tags"":[""exploit"",""issue-tracking""]},{""url"":""https://github.com/NousResearch/hermes-agent/pull/40566"",""name"":null,""tags"":[""issue-tracking"",""patch""]},{""url"":""https://github.com/NousResearch/hermes-agent/commit/56f833efa427ccb444c0f9ad1759af1012f2124d"",""name"":null,""tags"":[""patch""]},{""url"":""https://github.com/NousResearch/hermes-agent/"",""name"":null,""tags"":[""product""]}]","{""containers"":{""cna"":{""affected"":[{""cpes"":[""cpe:2.3:a:nousresearch:hermes-agent:*:*:*:*:*:*:*:*""],""product"":""hermes-agent"",""vendor"":""NousResearch"",""versions"":[{""status"":""affected"",""version"":""2026.5.29.2""}]}],""credits"":[{""lang"":""en"",""type"":""reporter"",""value"":""Eric-y (VulDB User)""}],""descriptions"":[{""lang"":""en"",""value"":""A vulnerability was determined in NousResearch hermes-agent 2026.5.29.2. The impacted element is the function skill_view of the file tools/skills_tool.py. Executing a manipulation of the argument Name can lead to path traversal. The attack can be launched remotely. The exploit has been publicly disclosed and may be utilized. This patch is called 56f833efa427ccb444c0f9ad1759af1012f2124d. It is advisable to implement a patch to correct this issue.""}],""metrics"":[{""cvssV4_0"":{""baseScore"":5.3,""baseSeverity"":""MEDIUM"",""vectorString"":""CVSS:4.0/AV:N/AC:L/AT:N/PR:L/UI:N/VC:L/VI:N/VA:N/SC:N/SI:N/SA:N/E:P"",""version"":""4.0""}},{""cvssV3_1"":{""baseScore"":4.3,""baseSeverity"":""MEDIUM"",""vectorString"":""CVSS:3.1/AV:N/AC:L/PR:L/UI:N/S:U/C:L/I:N/A:N/E:P/RL:O/RC:C"",""version"":""3.1""}},{""cvssV3_0"":{""baseScore"":4.3,""baseSeverity"":""MEDIUM"",""vectorString"":""CVSS:3.0/AV:N/AC:L/PR:L/UI:N/S:U/C:L/I:N/A:N/E:P/RL:O/RC:C"",""version"":""3.0""}},{""cvssV2_0"":{""baseScore"":4,""vectorString"":""AV:N/AC:L/Au:S/C:P/I:N/A:N/E:POC/RL:OF/RC:C"",""version"":""2.0""}}],""problemTypes"":[{""descriptions"":[{""cweId"":""CWE-22"",""description"":""Path Traversal"",""lang"":""en"",""type"":""CWE""}]}],""providerMetadata"":{""dateUpdated"":""2026-07-05T23:45:10.833Z"",""orgId"":""1af790b2-7ee1-4545-860a-a788eba489b5"",""shortName"":""VulDB""},""references"":[{""name"":""VDB-376373 | NousResearch hermes-agent skills_tool.py skill_view path traversal"",""tags"":[""vdb-entry"",""technical-description""],""url"":""https://vuldb.com/vuln/376373""},{""name"":""VDB-376373 | CTI Indicators (IOB, IOC, TTP, IOA)"",""tags"":[""signature"",""permissions-required""],""url"":""https://vuldb.com/vuln/376373/cti""},{""name"":""CVE-2026-14783 | CVE Analysis and Report"",""tags"":[""third-party-advisory""],""url"":""https://vuldb.com/cve/CVE-2026-14783""},{""name"":""Submit #847502 | NousResearch hermes-agent 2026.5.29.2 Improper Limitation of a Pathname to a Restricted Directory (Path Traversal) (CWE-22)"",""tags"":[""third-party-advisory""],""url"":""https://vuldb.com/submit/847502""},{""tags"":[""exploit"",""issue-tracking""],""url"":""https://github.com/NousResearch/hermes-agent/issues/38643""},{""tags"":[""issue-tracking"",""patch""],""url"":""https://github.com/NousResearch/hermes-agent/pull/40566""},{""tags"":[""patch""],""url"":""https://github.com/NousResearch/hermes-agent/commit/56f833efa427ccb444c0f9ad1759af1012f2124d""},{""tags"":[""product""],""url"":""https://github.com/NousResearch/hermes-agent/""}],""tags"":[""x_open-source""],""timeline"":[{""lang"":""en"",""time"":""2026-07-05T00:00:00.000Z"",""value"":""Advisory disclosed""},{""lang"":""en"",""time"":""2026-07-05T02:00:00.000Z"",""value"":""VulDB entry created""},{""lang"":""en"",""time"":""2026-07-05T16:05:43.000Z"",""value"":""VulDB entry last update""}],""title"":""NousResearch hermes-agent skills_tool.py skill_view path traversal""}},""cveMetadata"":{""assignerOrgId"":""1af790b2-7ee1-4545-860a-a788eba489b5"",""assignerShortName"":""VulDB"",""cveId"":""CVE-2026-14783"",""datePublished"":""2026-07-05T23:45:10.833Z"",""dateReserved"":""2026-07-05T14:00:38.992Z"",""dateUpdated"":""2026-07-05T23:45:10.833Z"",""state"":""PUBLISHED""},""dataType"":""CVE_RECORD"",""dataVersion"":""5.2""}"
CVE-2026-14778,2026,PUBLISHED,2026-07-05T23:30:09.071Z,2026-07-05T04:08:21.195Z,2026-07-05T23:30:09.071Z,1af790b2-7ee1-4545-860a-a788eba489b5,VulDB,SourceCodester Onlne Examination & Learning Management System Enrollment Management ajax_enroll.php improper authorization,A security vulnerability has been detected in SourceCodester Onlne Examination & Learning Management System 1.0. This affects an unknown part of the file /ajax_enroll.php of the component Enrollment Management. The manipulation of the argument student_id/schedule_id/action leads to improper authorization. The attack is possible to be carried out remotely. The exploit has been disclosed publicly and may be used. The name of the affected product appears to have a typo in it.,"[{""vendor"":""SourceCodester"",""product"":""Onlne Examination & Learning Management System"",""defaultStatus"":null,""platforms"":null,""versions"":[{""version"":""1.0"",""status"":""affected"",""lessThan"":null,""lessThanOrEqual"":null,""versionType"":null}]}]",4.0,6.9,MEDIUM,CVSS:4.0/AV:N/AC:L/AT:N/PR:N/UI:N/VC:L/VI:L/VA:L/SC:N/SI:N/SA:N/E:P,CNA,CWE-285,Improper Authorization,null,null,null,"[{""url"":""https://vuldb.com/vuln/376368"",""name"":""VDB-376368 | SourceCodester Onlne Examination & Learning Management System Enrollment Management ajax_enroll.php improper authorization"",""tags"":[""vdb-entry"",""technical-description""]},{""url"":""https://vuldb.com/vuln/376368/cti"",""name"":""VDB-376368 | CTI Indicators (IOB, IOC, TTP, IOA)"",""tags"":[""signature"",""permissions-required""]},{""url"":""https://vuldb.com/cve/CVE-2026-14778"",""name"":""CVE-2026-14778 | CVE Analysis and Report"",""tags"":[""third-party-advisory""]},{""url"":""https://vuldb.com/submit/850695"",""name"":""Submit #850695 | SourceCodester Online Examination & Learning Management System 1.0 Missing Authorization"",""tags"":[""third-party-advisory""]},{""url"":""https://github.com/nuiifornet/A033/blob/main/OE-LMS-IDOR-ajax_enroll.md"",""name"":null,""tags"":[""exploit""]},{""url"":""https://www.sourcecodester.com/"",""name"":null,""tags"":[""product""]}]","{""containers"":{""cna"":{""affected"":[{""cpes"":[""cpe:2.3:a:sourcecodester:onlne_examination_learning_management_system:*:*:*:*:*:*:*:*""],""modules"":[""Enrollment Management""],""product"":""Onlne Examination & Learning Management System"",""vendor"":""SourceCodester"",""versions"":[{""status"":""affected"",""version"":""1.0""}]}],""credits"":[{""lang"":""en"",""type"":""reporter"",""value"":""Fklov (VulDB User)""}],""descriptions"":[{""lang"":""en"",""value"":""A security vulnerability has been detected in SourceCodester Onlne Examination & Learning Management System 1.0. This affects an unknown part of the file /ajax_enroll.php of the component Enrollment Management. The manipulation of the argument student_id/schedule_id/action leads to improper authorization. The attack is possible to be carried out remotely. The exploit has been disclosed publicly and may be used. The name of the affected product appears to have a typo in it.""}],""metrics"":[{""cvssV4_0"":{""baseScore"":6.9,""baseSeverity"":""MEDIUM"",""vectorString"":""CVSS:4.0/AV:N/AC:L/AT:N/PR:N/UI:N/VC:L/VI:L/VA:L/SC:N/SI:N/SA:N/E:P"",""version"":""4.0""}},{""cvssV3_1"":{""baseScore"":7.3,""baseSeverity"":""HIGH"",""vectorString"":""CVSS:3.1/AV:N/AC:L/PR:N/UI:N/S:U/C:L/I:L/A:L/E:P/RL:X/RC:R"",""version"":""3.1""}},{""cvssV3_0"":{""baseScore"":7.3,""baseSeverity"":""HIGH"",""vectorString"":""CVSS:3.0/AV:N/AC:L/PR:N/UI:N/S:U/C:L/I:L/A:L/E:P/RL:X/RC:R"",""version"":""3.0""}},{""cvssV2_0"":{""baseScore"":7.5,""vectorString"":""AV:N/AC:L/Au:N/C:P/I:P/A:P/E:POC/RL:ND/RC:UR"",""version"":""2.0""}}],""problemTypes"":[{""descriptions"":[{""cweId"":""CWE-285"",""description"":""Improper Authorization"",""lang"":""en"",""type"":""CWE""}]},{""descriptions"":[{""cweId"":""CWE-266"",""description"":""Incorrect Privilege Assignment"",""lang"":""en"",""type"":""CWE""}]}],""providerMetadata"":{""dateUpdated"":""2026-07-05T23:30:09.071Z"",""orgId"":""1af790b2-7ee1-4545-860a-a788eba489b5"",""shortName"":""VulDB""},""references"":[{""name"":""VDB-376368 | SourceCodester Onlne Examination & Learning Management System Enrollment Management ajax_enroll.php improper authorization"",""tags"":[""vdb-entry"",""technical-description""],""url"":""https://vuldb.com/vuln/376368""},{""name"":""VDB-376368 | CTI Indicators (IOB, IOC, TTP, IOA)"",""tags"":[""signature"",""permissions-required""],""url"":""https://vuldb.com/vuln/376368/cti""},{""name"":""CVE-2026-14778 | CVE Analysis and Report"",""tags"":[""third-party-advisory""],""url"":""https://vuldb.com/cve/CVE-2026-14778""},{""name"":""Submit #850695 | SourceCodester Online Examination & Learning Management System 1.0 Missing Authorization"",""tags"":[""third-party-advisory""],""url"":""https://vuldb.com/submit/850695""},{""tags"":[""exploit""],""url"":""https://github.com/nuiifornet/A033/blob/main/OE-LMS-IDOR-ajax_enroll.md""},{""tags"":[""product""],""url"":""https://www.sourcecodester.com/""}],""tags"":[""x_freeware""],""timeline"":[{""lang"":""en"",""time"":""2026-07-05T00:00:00.000Z"",""value"":""Advisory disclosed""},{""lang"":""en"",""time"":""2026-07-05T02:00:00.000Z"",""value"":""VulDB entry created""},{""lang"":""en"",""time"":""2026-07-05T06:13:33.000Z"",""value"":""VulDB entry last update""}],""title"":""SourceCodester Onlne Examination & Learning Management System Enrollment Management ajax_enroll.php improper authorization""}},""cveMetadata"":{""assignerOrgId"":""1af790b2-7ee1-4545-860a-a788eba489b5"",""assignerShortName"":""VulDB"",""cveId"":""CVE-2026-14778"",""datePublished"":""2026-07-05T23:30:09.071Z"",""dateReserved"":""2026-07-05T04:08:21.195Z"",""dateUpdated"":""2026-07-05T23:30:09.071Z"",""state"":""PUBLISHED""},""dataType"":""CVE_RECORD"",""dataVersion"":""5.2""}"
CVE-2026-14777,2026,PUBLISHED,2026-07-05T23:15:11.813Z,2026-07-05T04:08:18.319Z,2026-07-05T23:15:11.813Z,1af790b2-7ee1-4545-860a-a788eba489b5,VulDB,SourceCodester Onlne Examination & Learning Management System announcements.php unrestricted upload,A weakness has been identified in SourceCodester Onlne Examination & Learning Management System 1.0. Affected by this issue is some unknown functionality of the file /announcements.php. Executing a manipulation can lead to unrestricted upload. The attack can be executed remotely. The exploit has been made available to the public and could be used for attacks. The name of the affected product appears to have a typo in it.,"[{""vendor"":""SourceCodester"",""product"":""Onlne Examination & Learning Management System"",""defaultStatus"":null,""platforms"":null,""versions"":[{""version"":""1.0"",""status"":""affected"",""lessThan"":null,""lessThanOrEqual"":null,""versionType"":null}]}]",4.0,5.3,MEDIUM,CVSS:4.0/AV:N/AC:L/AT:N/PR:L/UI:N/VC:L/VI:L/VA:L/SC:N/SI:N/SA:N/E:P,CNA,CWE-434,Unrestricted Upload,null,null,null,"[{""url"":""https://vuldb.com/vuln/376367"",""name"":""VDB-376367 | SourceCodester Onlne Examination & Learning Management System announcements.php unrestricted upload"",""tags"":[""vdb-entry""]},{""url"":""https://vuldb.com/vuln/376367/cti"",""name"":""VDB-376367 | CTI Indicators (IOB, IOC, TTP, IOA)"",""tags"":[""signature"",""permissions-required""]},{""url"":""https://vuldb.com/cve/CVE-2026-14777"",""name"":""CVE-2026-14777 | CVE Analysis and Report"",""tags"":[""third-party-advisory""]},{""url"":""https://vuldb.com/submit/850679"",""name"":""Submit #850679 | SourceCodester Online Examination & Learning Management System 1.0 Unrestricted Upload"",""tags"":[""third-party-advisory""]},{""url"":""https://github.com/nuiifornet/A033/blob/main/OE-LMS-RCE-3-announcements.md"",""name"":null,""tags"":[""exploit""]},{""url"":""https://www.sourcecodester.com/"",""name"":null,""tags"":[""product""]}]","{""containers"":{""cna"":{""affected"":[{""cpes"":[""cpe:2.3:a:sourcecodester:onlne_examination_learning_management_system:*:*:*:*:*:*:*:*""],""product"":""Onlne Examination & Learning Management System"",""vendor"":""SourceCodester"",""versions"":[{""status"":""affected"",""version"":""1.0""}]}],""credits"":[{""lang"":""en"",""type"":""reporter"",""value"":""Fklov (VulDB User)""}],""descriptions"":[{""lang"":""en"",""value"":""A weakness has been identified in SourceCodester Onlne Examination & Learning Management System 1.0. Affected by this issue is some unknown functionality of the file /announcements.php. Executing a manipulation can lead to unrestricted upload. The attack can be executed remotely. The exploit has been made available to the public and could be used for attacks. The name of the affected product appears to have a typo in it.""}],""metrics"":[{""cvssV4_0"":{""baseScore"":5.3,""baseSeverity"":""MEDIUM"",""vectorString"":""CVSS:4.0/AV:N/AC:L/AT:N/PR:L/UI:N/VC:L/VI:L/VA:L/SC:N/SI:N/SA:N/E:P"",""version"":""4.0""}},{""cvssV3_1"":{""baseScore"":6.3,""baseSeverity"":""MEDIUM"",""vectorString"":""CVSS:3.1/AV:N/AC:L/PR:L/UI:N/S:U/C:L/I:L/A:L/E:P/RL:X/RC:R"",""version"":""3.1""}},{""cvssV3_0"":{""baseScore"":6.3,""baseSeverity"":""MEDIUM"",""vectorString"":""CVSS:3.0/AV:N/AC:L/PR:L/UI:N/S:U/C:L/I:L/A:L/E:P/RL:X/RC:R"",""version"":""3.0""}},{""cvssV2_0"":{""baseScore"":6.5,""vectorString"":""AV:N/AC:L/Au:S/C:P/I:P/A:P/E:POC/RL:ND/RC:UR"",""version"":""2.0""}}],""problemTypes"":[{""descriptions"":[{""cweId"":""CWE-434"",""description"":""Unrestricted Upload"",""lang"":""en"",""type"":""CWE""}]},{""descriptions"":[{""cweId"":""CWE-284"",""description"":""Improper Access Controls"",""lang"":""en"",""type"":""CWE""}]}],""providerMetadata"":{""dateUpdated"":""2026-07-05T23:15:11.813Z"",""orgId"":""1af790b2-7ee1-4545-860a-a788eba489b5"",""shortName"":""VulDB""},""references"":[{""name"":""VDB-376367 | SourceCodester Onlne Examination & Learning Management System announcements.php unrestricted upload"",""tags"":[""vdb-entry""],""url"":""https://vuldb.com/vuln/376367""},{""name"":""VDB-376367 | CTI Indicators (IOB, IOC, TTP, IOA)"",""tags"":[""signature"",""permissions-required""],""url"":""https://vuldb.com/vuln/376367/cti""},{""name"":""CVE-2026-14777 | CVE Analysis and Report"",""tags"":[""third-party-advisory""],""url"":""https://vuldb.com/cve/CVE-2026-14777""},{""name"":""Submit #850679 | SourceCodester Online Examination & Learning Management System 1.0 Unrestricted Upload"",""tags"":[""third-party-advisory""],""url"":""https://vuldb.com/submit/850679""},{""tags"":[""exploit""],""url"":""https://github.com/nuiifornet/A033/blob/main/OE-LMS-RCE-3-announcements.md""},{""tags"":[""product""],""url"":""https://www.sourcecodester.com/""}],""tags"":[""x_freeware""],""timeline"":[{""lang"":""en"",""time"":""2026-07-05T00:00:00.000Z"",""value"":""Advisory disclosed""},{""lang"":""en"",""time"":""2026-07-05T02:00:00.000Z"",""value"":""VulDB entry created""},{""lang"":""en"",""time"":""2026-07-05T06:13:31.000Z"",""value"":""VulDB entry last update""}],""title"":""SourceCodester Onlne Examination & Learning Management System announcements.php unrestricted upload""}},""cveMetadata"":{""assignerOrgId"":""1af790b2-7ee1-4545-860a-a788eba489b5"",""assignerShortName"":""VulDB"",""cveId"":""CVE-2026-14777"",""datePublished"":""2026-07-05T23:15:11.813Z"",""dateReserved"":""2026-07-05T04:08:18.319Z"",""dateUpdated"":""2026-07-05T23:15:11.813Z"",""state"":""PUBLISHED""},""dataType"":""CVE_RECORD"",""dataVersion"":""5.2""}"
CVE-2026-14776,2026,PUBLISHED,2026-07-05T23:00:11.544Z,2026-07-05T04:08:15.541Z,2026-07-05T23:00:11.544Z,1af790b2-7ee1-4545-860a-a788eba489b5,VulDB,SourceCodester Onlne Examination & Learning Management System Filename Extension upload_files.php pathinfo unrestricted upload,A security flaw has been discovered in SourceCodester Onlne Examination & Learning Management System 1.0. Affected by this vulnerability is the function pathinfo of the file /upload_files.php of the component Filename Extension. Performing a manipulation results in unrestricted upload. Remote exploitation of the attack is possible. The exploit has been released to the public and may be used for attacks. The name of the affected product appears to have a typo in it.,"[{""vendor"":""SourceCodester"",""product"":""Onlne Examination & Learning Management System"",""defaultStatus"":null,""platforms"":null,""versions"":[{""version"":""1.0"",""status"":""affected"",""lessThan"":null,""lessThanOrEqual"":null,""versionType"":null}]}]",4.0,5.3,MEDIUM,CVSS:4.0/AV:N/AC:L/AT:N/PR:L/UI:N/VC:L/VI:L/VA:L/SC:N/SI:N/SA:N/E:P,CNA,CWE-434,Unrestricted Upload,null,null,null,"[{""url"":""https://vuldb.com/vuln/376366"",""name"":""VDB-376366 | SourceCodester Onlne Examination & Learning Management System Filename Extension upload_files.php pathinfo unrestricted upload"",""tags"":[""vdb-entry"",""technical-description""]},{""url"":""https://vuldb.com/vuln/376366/cti"",""name"":""VDB-376366 | CTI Indicators (IOB, IOC, TTP, IOA)"",""tags"":[""signature"",""permissions-required""]},{""url"":""https://vuldb.com/cve/CVE-2026-14776"",""name"":""CVE-2026-14776 | CVE Analysis and Report"",""tags"":[""third-party-advisory""]},{""url"":""https://vuldb.com/submit/850678"",""name"":""Submit #850678 | SourceCodester Online Examination & Learning Management System 1.0 Unrestricted Upload"",""tags"":[""third-party-advisory""]},{""url"":""https://github.com/nuiifornet/A033/blob/main/OE-LMS-RCE-2-upload_files.md"",""name"":null,""tags"":[""exploit""]},{""url"":""https://www.sourcecodester.com/"",""name"":null,""tags"":[""product""]}]","{""containers"":{""cna"":{""affected"":[{""cpes"":[""cpe:2.3:a:sourcecodester:onlne_examination_learning_management_system:*:*:*:*:*:*:*:*""],""modules"":[""Filename Extension""],""product"":""Onlne Examination & Learning Management System"",""vendor"":""SourceCodester"",""versions"":[{""status"":""affected"",""version"":""1.0""}]}],""credits"":[{""lang"":""en"",""type"":""reporter"",""value"":""Fklov (VulDB User)""}],""descriptions"":[{""lang"":""en"",""value"":""A security flaw has been discovered in SourceCodester Onlne Examination & Learning Management System 1.0. Affected by this vulnerability is the function pathinfo of the file /upload_files.php of the component Filename Extension. Performing a manipulation results in unrestricted upload. Remote exploitation of the attack is possible. The exploit has been released to the public and may be used for attacks. The name of the affected product appears to have a typo in it.""}],""metrics"":[{""cvssV4_0"":{""baseScore"":5.3,""baseSeverity"":""MEDIUM"",""vectorString"":""CVSS:4.0/AV:N/AC:L/AT:N/PR:L/UI:N/VC:L/VI:L/VA:L/SC:N/SI:N/SA:N/E:P"",""version"":""4.0""}},{""cvssV3_1"":{""baseScore"":6.3,""baseSeverity"":""MEDIUM"",""vectorString"":""CVSS:3.1/AV:N/AC:L/PR:L/UI:N/S:U/C:L/I:L/A:L/E:P/RL:X/RC:R"",""version"":""3.1""}},{""cvssV3_0"":{""baseScore"":6.3,""baseSeverity"":""MEDIUM"",""vectorString"":""CVSS:3.0/AV:N/AC:L/PR:L/UI:N/S:U/C:L/I:L/A:L/E:P/RL:X/RC:R"",""version"":""3.0""}},{""cvssV2_0"":{""baseScore"":6.5,""vectorString"":""AV:N/AC:L/Au:S/C:P/I:P/A:P/E:POC/RL:ND/RC:UR"",""version"":""2.0""}}],""problemTypes"":[{""descriptions"":[{""cweId"":""CWE-434"",""description"":""Unrestricted Upload"",""lang"":""en"",""type"":""CWE""}]},{""descriptions"":[{""cweId"":""CWE-284"",""description"":""Improper Access Controls"",""lang"":""en"",""type"":""CWE""}]}],""providerMetadata"":{""dateUpdated"":""2026-07-05T23:00:11.544Z"",""orgId"":""1af790b2-7ee1-4545-860a-a788eba489b5"",""shortName"":""VulDB""},""references"":[{""name"":""VDB-376366 | SourceCodester Onlne Examination & Learning Management System Filename Extension upload_files.php pathinfo unrestricted upload"",""tags"":[""vdb-entry"",""technical-description""],""url"":""https://vuldb.com/vuln/376366""},{""name"":""VDB-376366 | CTI Indicators (IOB, IOC, TTP, IOA)"",""tags"":[""signature"",""permissions-required""],""url"":""https://vuldb.com/vuln/376366/cti""},{""name"":""CVE-2026-14776 | CVE Analysis and Report"",""tags"":[""third-party-advisory""],""url"":""https://vuldb.com/cve/CVE-2026-14776""},{""name"":""Submit #850678 | SourceCodester Online Examination & Learning Management System 1.0 Unrestricted Upload"",""tags"":[""third-party-advisory""],""url"":""https://vuldb.com/submit/850678""},{""tags"":[""exploit""],""url"":""https://github.com/nuiifornet/A033/blob/main/OE-LMS-RCE-2-upload_files.md""},{""tags"":[""product""],""url"":""https://www.sourcecodester.com/""}],""tags"":[""x_freeware""],""timeline"":[{""lang"":""en"",""time"":""2026-07-05T00:00:00.000Z"",""value"":""Advisory disclosed""},{""lang"":""en"",""time"":""2026-07-05T02:00:00.000Z"",""value"":""VulDB entry created""},{""lang"":""en"",""time"":""2026-07-05T06:13:28.000Z"",""value"":""VulDB entry last update""}],""title"":""SourceCodester Onlne Examination & Learning Management System Filename Extension upload_files.php pathinfo unrestricted upload""}},""cveMetadata"":{""assignerOrgId"":""1af790b2-7ee1-4545-860a-a788eba489b5"",""assignerShortName"":""VulDB"",""cveId"":""CVE-2026-14776"",""datePublished"":""2026-07-05T23:00:11.544Z"",""dateReserved"":""2026-07-05T04:08:15.541Z"",""dateUpdated"":""2026-07-05T23:00:11.544Z"",""state"":""PUBLISHED""},""dataType"":""CVE_RECORD"",""dataVersion"":""5.2""}"
CVE-2026-14775,2026,PUBLISHED,2026-07-05T22:45:09.190Z,2026-07-05T04:08:13.179Z,2026-07-05T22:45:09.190Z,1af790b2-7ee1-4545-860a-a788eba489b5,VulDB,SourceCodester Onlne Examination & Learning Management System process_lesson.php unrestricted upload,A vulnerability was identified in SourceCodester Onlne Examination & Learning Management System 1.0. Affected is an unknown function of the file /process_lesson.php. Such manipulation of the argument user_id leads to unrestricted upload. The attack may be launched remotely. The exploit is publicly available and might be used. The name of the affected product appears to have a typo in it.,"[{""vendor"":""SourceCodester"",""product"":""Onlne Examination & Learning Management System"",""defaultStatus"":null,""platforms"":null,""versions"":[{""version"":""1.0"",""status"":""affected"",""lessThan"":null,""lessThanOrEqual"":null,""versionType"":null}]}]",4.0,5.3,MEDIUM,CVSS:4.0/AV:N/AC:L/AT:N/PR:L/UI:N/VC:L/VI:L/VA:L/SC:N/SI:N/SA:N/E:P,CNA,CWE-434,Unrestricted Upload,null,null,null,"[{""url"":""https://vuldb.com/vuln/376365"",""name"":""VDB-376365 | SourceCodester Onlne Examination & Learning Management System process_lesson.php unrestricted upload"",""tags"":[""vdb-entry"",""technical-description""]},{""url"":""https://vuldb.com/vuln/376365/cti"",""name"":""VDB-376365 | CTI Indicators (IOB, IOC, TTP, IOA)"",""tags"":[""signature"",""permissions-required""]},{""url"":""https://vuldb.com/cve/CVE-2026-14775"",""name"":""CVE-2026-14775 | CVE Analysis and Report"",""tags"":[""third-party-advisory""]},{""url"":""https://vuldb.com/submit/850677"",""name"":""Submit #850677 | SourceCodester Online Examination & Learning Management System 1.0 Unrestricted Upload"",""tags"":[""third-party-advisory""]},{""url"":""https://github.com/nuiifornet/A033/blob/main/OE-LMS-RCE-1-process_lesson.md"",""name"":null,""tags"":[""exploit""]},{""url"":""https://www.sourcecodester.com/"",""name"":null,""tags"":[""product""]}]","{""containers"":{""cna"":{""affected"":[{""cpes"":[""cpe:2.3:a:sourcecodester:onlne_examination_learning_management_system:*:*:*:*:*:*:*:*""],""product"":""Onlne Examination & Learning Management System"",""vendor"":""SourceCodester"",""versions"":[{""status"":""affected"",""version"":""1.0""}]}],""credits"":[{""lang"":""en"",""type"":""reporter"",""value"":""Fklov (VulDB User)""}],""descriptions"":[{""lang"":""en"",""value"":""A vulnerability was identified in SourceCodester Onlne Examination & Learning Management System 1.0. Affected is an unknown function of the file /process_lesson.php. Such manipulation of the argument user_id leads to unrestricted upload. The attack may be launched remotely. The exploit is publicly available and might be used. The name of the affected product appears to have a typo in it.""}],""metrics"":[{""cvssV4_0"":{""baseScore"":5.3,""baseSeverity"":""MEDIUM"",""vectorString"":""CVSS:4.0/AV:N/AC:L/AT:N/PR:L/UI:N/VC:L/VI:L/VA:L/SC:N/SI:N/SA:N/E:P"",""version"":""4.0""}},{""cvssV3_1"":{""baseScore"":6.3,""baseSeverity"":""MEDIUM"",""vectorString"":""CVSS:3.1/AV:N/AC:L/PR:L/UI:N/S:U/C:L/I:L/A:L/E:P/RL:X/RC:R"",""version"":""3.1""}},{""cvssV3_0"":{""baseScore"":6.3,""baseSeverity"":""MEDIUM"",""vectorString"":""CVSS:3.0/AV:N/AC:L/PR:L/UI:N/S:U/C:L/I:L/A:L/E:P/RL:X/RC:R"",""version"":""3.0""}},{""cvssV2_0"":{""baseScore"":6.5,""vectorString"":""AV:N/AC:L/Au:S/C:P/I:P/A:P/E:POC/RL:ND/RC:UR"",""version"":""2.0""}}],""problemTypes"":[{""descriptions"":[{""cweId"":""CWE-434"",""description"":""Unrestricted Upload"",""lang"":""en"",""type"":""CWE""}]},{""descriptions"":[{""cweId"":""CWE-284"",""description"":""Improper Access Controls"",""lang"":""en"",""type"":""CWE""}]}],""providerMetadata"":{""dateUpdated"":""2026-07-05T22:45:09.190Z"",""orgId"":""1af790b2-7ee1-4545-860a-a788eba489b5"",""shortName"":""VulDB""},""references"":[{""name"":""VDB-376365 | SourceCodester Onlne Examination & Learning Management System process_lesson.php unrestricted upload"",""tags"":[""vdb-entry"",""technical-description""],""url"":""https://vuldb.com/vuln/376365""},{""name"":""VDB-376365 | CTI Indicators (IOB, IOC, TTP, IOA)"",""tags"":[""signature"",""permissions-required""],""url"":""https://vuldb.com/vuln/376365/cti""},{""name"":""CVE-2026-14775 | CVE Analysis and Report"",""tags"":[""third-party-advisory""],""url"":""https://vuldb.com/cve/CVE-2026-14775""},{""name"":""Submit #850677 | SourceCodester Online Examination & Learning Management System 1.0 Unrestricted Upload"",""tags"":[""third-party-advisory""],""url"":""https://vuldb.com/submit/850677""},{""tags"":[""exploit""],""url"":""https://github.com/nuiifornet/A033/blob/main/OE-LMS-RCE-1-process_lesson.md""},{""tags"":[""product""],""url"":""https://www.sourcecodester.com/""}],""tags"":[""x_freeware""],""timeline"":[{""lang"":""en"",""time"":""2026-07-05T00:00:00.000Z"",""value"":""Advisory disclosed""},{""lang"":""en"",""time"":""2026-07-05T02:00:00.000Z"",""value"":""VulDB entry created""},{""lang"":""en"",""time"":""2026-07-05T06:13:25.000Z"",""value"":""VulDB entry last update""}],""title"":""SourceCodester Onlne Examination & Learning Management System process_lesson.php unrestricted upload""}},""cveMetadata"":{""assignerOrgId"":""1af790b2-7ee1-4545-860a-a788eba489b5"",""assignerShortName"":""VulDB"",""cveId"":""CVE-2026-14775"",""datePublished"":""2026-07-05T22:45:09.190Z"",""dateReserved"":""2026-07-05T04:08:13.179Z"",""dateUpdated"":""2026-07-05T22:45:09.190Z"",""state"":""PUBLISHED""},""dataType"":""CVE_RECORD"",""dataVersion"":""5.2""}"
CVE-2026-14774,2026,PUBLISHED,2026-07-05T22:30:09.884Z,2026-07-05T04:03:52.635Z,2026-07-05T22:30:09.884Z,1af790b2-7ee1-4545-860a-a788eba489b5,VulDB,itsourcecode Hospital Management System paymentdischarge.php sql injection,A vulnerability was determined in itsourcecode Hospital Management System 1.0. This impacts an unknown function of the file /paymentdischarge.php. This manipulation of the argument patientid causes sql injection. The attack may be initiated remotely. The exploit has been publicly disclosed and may be utilized.,"[{""vendor"":""itsourcecode"",""product"":""Hospital Management System"",""defaultStatus"":null,""platforms"":null,""versions"":[{""version"":""1.0"",""status"":""affected"",""lessThan"":null,""lessThanOrEqual"":null,""versionType"":null}]}]",4.0,5.3,MEDIUM,CVSS:4.0/AV:N/AC:L/AT:N/PR:L/UI:N/VC:L/VI:L/VA:L/SC:N/SI:N/SA:N/E:P,CNA,CWE-89,SQL Injection,null,null,null,"[{""url"":""https://vuldb.com/vuln/376364"",""name"":""VDB-376364 | itsourcecode Hospital Management System paymentdischarge.php sql injection"",""tags"":[""vdb-entry"",""technical-description""]},{""url"":""https://vuldb.com/vuln/376364/cti"",""name"":""VDB-376364 | CTI Indicators (IOB, IOC, TTP, IOA)"",""tags"":[""signature"",""permissions-required""]},{""url"":""https://vuldb.com/cve/CVE-2026-14774"",""name"":""CVE-2026-14774 | CVE Analysis and Report"",""tags"":[""third-party-advisory""]},{""url"":""https://vuldb.com/submit/850645"",""name"":""Submit #850645 | itsourcecode Hospital Management System V1.0 SQL Injection"",""tags"":[""third-party-advisory""]},{""url"":""https://github.com/ltranquility/submit_vuln/issues/6"",""name"":null,""tags"":[""exploit"",""issue-tracking""]},{""url"":""https://itsourcecode.com/"",""name"":null,""tags"":[""product""]}]","{""containers"":{""cna"":{""affected"":[{""cpes"":[""cpe:2.3:a:itsourcecode:hospital_management_system:*:*:*:*:*:*:*:*""],""product"":""Hospital Management System"",""vendor"":""itsourcecode"",""versions"":[{""status"":""affected"",""version"":""1.0""}]}],""credits"":[{""lang"":""en"",""type"":""reporter"",""value"":""Meternal (VulDB User)""}],""descriptions"":[{""lang"":""en"",""value"":""A vulnerability was determined in itsourcecode Hospital Management System 1.0. This impacts an unknown function of the file /paymentdischarge.php. This manipulation of the argument patientid causes sql injection. The attack may be initiated remotely. The exploit has been publicly disclosed and may be utilized.""}],""metrics"":[{""cvssV4_0"":{""baseScore"":5.3,""baseSeverity"":""MEDIUM"",""vectorString"":""CVSS:4.0/AV:N/AC:L/AT:N/PR:L/UI:N/VC:L/VI:L/VA:L/SC:N/SI:N/SA:N/E:P"",""version"":""4.0""}},{""cvssV3_1"":{""baseScore"":6.3,""baseSeverity"":""MEDIUM"",""vectorString"":""CVSS:3.1/AV:N/AC:L/PR:L/UI:N/S:U/C:L/I:L/A:L/E:P/RL:X/RC:R"",""version"":""3.1""}},{""cvssV3_0"":{""baseScore"":6.3,""baseSeverity"":""MEDIUM"",""vectorString"":""CVSS:3.0/AV:N/AC:L/PR:L/UI:N/S:U/C:L/I:L/A:L/E:P/RL:X/RC:R"",""version"":""3.0""}},{""cvssV2_0"":{""baseScore"":6.5,""vectorString"":""AV:N/AC:L/Au:S/C:P/I:P/A:P/E:POC/RL:ND/RC:UR"",""version"":""2.0""}}],""problemTypes"":[{""descriptions"":[{""cweId"":""CWE-89"",""description"":""SQL Injection"",""lang"":""en"",""type"":""CWE""}]},{""descriptions"":[{""cweId"":""CWE-74"",""description"":""Injection"",""lang"":""en"",""type"":""CWE""}]}],""providerMetadata"":{""dateUpdated"":""2026-07-05T22:30:09.884Z"",""orgId"":""1af790b2-7ee1-4545-860a-a788eba489b5"",""shortName"":""VulDB""},""references"":[{""name"":""VDB-376364 | itsourcecode Hospital Management System paymentdischarge.php sql injection"",""tags"":[""vdb-entry"",""technical-description""],""url"":""https://vuldb.com/vuln/376364""},{""name"":""VDB-376364 | CTI Indicators (IOB, IOC, TTP, IOA)"",""tags"":[""signature"",""permissions-required""],""url"":""https://vuldb.com/vuln/376364/cti""},{""name"":""CVE-2026-14774 | CVE Analysis and Report"",""tags"":[""third-party-advisory""],""url"":""https://vuldb.com/cve/CVE-2026-14774""},{""name"":""Submit #850645 | itsourcecode Hospital Management System V1.0 SQL Injection"",""tags"":[""third-party-advisory""],""url"":""https://vuldb.com/submit/850645""},{""tags"":[""exploit"",""issue-tracking""],""url"":""https://github.com/ltranquility/submit_vuln/issues/6""},{""tags"":[""product""],""url"":""https://itsourcecode.com/""}],""tags"":[""x_freeware""],""timeline"":[{""lang"":""en"",""time"":""2026-07-05T00:00:00.000Z"",""value"":""Advisory disclosed""},{""lang"":""en"",""time"":""2026-07-05T02:00:00.000Z"",""value"":""VulDB entry created""},{""lang"":""en"",""time"":""2026-07-05T06:09:00.000Z"",""value"":""VulDB entry last update""}],""title"":""itsourcecode Hospital Management System paymentdischarge.php sql injection""}},""cveMetadata"":{""assignerOrgId"":""1af790b2-7ee1-4545-860a-a788eba489b5"",""assignerShortName"":""VulDB"",""cveId"":""CVE-2026-14774"",""datePublished"":""2026-07-05T22:30:09.884Z"",""dateReserved"":""2026-07-05T04:03:52.635Z"",""dateUpdated"":""2026-07-05T22:30:09.884Z"",""state"":""PUBLISHED""},""dataType"":""CVE_RECORD"",""dataVersion"":""5.2""}"
CVE-2026-10657,2026,PUBLISHED,2026-07-05T22:23:37.533Z,2026-06-02T15:24:32.170Z,2026-07-05T22:23:37.533Z,e2e69745-5e70-4e92-8431-deb5529a81ad,zephyr,Out-of-bounds read in Zephyr DNS resolver mDNS suffix check (memcmp past string NUL),"Zephyr's DNS resolver detects mDNS (.local) queries in dns_resolve_name_internal() (subsys/net/lib/dns/resolve.c) with memcmp(strrchr(query, '.'), "".local"", 7), which always reads a fixed 7 bytes from the suffix pointer. When the resolved hostname's final label is shorter than 7 bytes (e.g. names ending in .org, .com, .net, .io, or a trailing dot), the comparison reads 1-2 bytes past the string's NUL terminator. The hostname (query) is the caller-supplied name passed through the standard getaddrinfo()/dns_get_addr_info()/dns_resolve_name() path and is influenceable by operators or remote inputs (server names from configuration, parsed URLs, or app-facing interfaces). On a tightly-sized buffer with no slack (for example a userspace getaddrinfo call where the hostname is copied with k_usermode_string_alloc_copy to exactly strlen+1 bytes), the over-read crosses the allocation boundary; if that boundary is unmapped (guard page, memory-domain boundary under MPU, or an address sanitizer) the over-read faults, causing a denial of service. The over-read bytes are never returned, so there is no information disclosure. The flaw is compiled only when CONFIG_MDNS_RESOLVER is enabled, exists since v1.10.0, and is fixed by replacing the fixed-length memcmp with a NUL-safe strcmp(ptr, "".local"").","[{""vendor"":""zephyrproject"",""product"":""zephyr"",""defaultStatus"":""unaffected"",""platforms"":null,""versions"":[{""version"":""1.10.0"",""status"":""affected"",""lessThan"":""4.5.0"",""lessThanOrEqual"":null,""versionType"":""semver""}]}]",3.1,3.7,LOW,CVSS:3.1/AV:N/AC:H/PR:N/UI:N/S:U/C:N/I:N/A:L,CNA,CWE-125,bounds,null,null,null,"[{""url"":""https://github.com/zephyrproject-rtos/zephyr/commit/448a21da12c9ea28f7fd12c6894e03a987b17a27"",""name"":""Fix commit"",""tags"":[""patch""]},{""url"":""https://github.com/zephyrproject-rtos/zephyr/security/advisories/GHSA-76jh-3j5f-9vq4"",""name"":""GHSA-76jh-3j5f-9vq4"",""tags"":null}]","{""containers"":{""cna"":{""affected"":[{""collectionURL"":""https://github.com/zephyrproject-rtos/zephyr"",""defaultStatus"":""unaffected"",""packageName"":""zephyr"",""product"":""zephyr"",""vendor"":""zephyrproject"",""versions"":[{""lessThan"":""4.5.0"",""status"":""affected"",""version"":""1.10.0"",""versionType"":""semver""}]}],""descriptions"":[{""lang"":""en"",""value"":""Zephyr's DNS resolver detects mDNS (.local) queries in dns_resolve_name_internal() (subsys/net/lib/dns/resolve.c) with memcmp(strrchr(query, '.'), \"".local\"", 7), which always reads a fixed 7 bytes from the suffix pointer. When the resolved hostname's final label is shorter than 7 bytes (e.g. names ending in .org, .com, .net, .io, or a trailing dot), the comparison reads 1-2 bytes past the string's NUL terminator. The hostname (query) is the caller-supplied name passed through the standard getaddrinfo()/dns_get_addr_info()/dns_resolve_name() path and is influenceable by operators or remote inputs (server names from configuration, parsed URLs, or app-facing interfaces). On a tightly-sized buffer with no slack (for example a userspace getaddrinfo call where the hostname is copied with k_usermode_string_alloc_copy to exactly strlen+1 bytes), the over-read crosses the allocation boundary; if that boundary is unmapped (guard page, memory-domain boundary under MPU, or an address sanitizer) the over-read faults, causing a denial of service. The over-read bytes are never returned, so there is no information disclosure. The flaw is compiled only when CONFIG_MDNS_RESOLVER is enabled, exists since v1.10.0, and is fixed by replacing the fixed-length memcmp with a NUL-safe strcmp(ptr, \"".local\"").""}],""metrics"":[{""cvssV3_1"":{""baseScore"":3.7,""baseSeverity"":""LOW"",""vectorString"":""CVSS:3.1/AV:N/AC:H/PR:N/UI:N/S:U/C:N/I:N/A:L"",""version"":""3.1""},""format"":""CVSS""}],""problemTypes"":[{""descriptions"":[{""cweId"":""CWE-125"",""description"":""bounds"",""lang"":""en"",""type"":""CWE""}]}],""providerMetadata"":{""dateUpdated"":""2026-07-05T22:23:37.533Z"",""orgId"":""e2e69745-5e70-4e92-8431-deb5529a81ad"",""shortName"":""zephyr""},""references"":[{""name"":""Fix commit"",""tags"":[""patch""],""url"":""https://github.com/zephyrproject-rtos/zephyr/commit/448a21da12c9ea28f7fd12c6894e03a987b17a27""},{""name"":""GHSA-76jh-3j5f-9vq4"",""url"":""https://github.com/zephyrproject-rtos/zephyr/security/advisories/GHSA-76jh-3j5f-9vq4""}],""title"":""Out-of-bounds read in Zephyr DNS resolver mDNS suffix check (memcmp past string NUL)"",""x_generator"":{""engine"":""cvelib 1.8.0""}}},""cveMetadata"":{""assignerOrgId"":""e2e69745-5e70-4e92-8431-deb5529a81ad"",""assignerShortName"":""zephyr"",""cveId"":""CVE-2026-10657"",""datePublished"":""2026-07-05T22:23:37.533Z"",""dateReserved"":""2026-06-02T15:24:32.170Z"",""dateUpdated"":""2026-07-05T22:23:37.533Z"",""state"":""PUBLISHED""},""dataType"":""CVE_RECORD"",""dataVersion"":""5.2""}"
CVE-2026-10656,2026,PUBLISHED,2026-07-05T22:23:36.983Z,2026-06-02T15:24:30.893Z,2026-07-05T22:23:36.983Z,e2e69745-5e70-4e92-8431-deb5529a81ad,zephyr,NULL-pointer dereference DoS in MAX32 USB device controller transfer-completion handlers,"The MAX32xxx USB device controller driver (drivers/usb/udc/udc_max32.c, compatible adi_max32_usbhs) dereferenced an endpoint buffer in its OUT and IN transfer-completion handlers without checking it for NULL. udc_event_xfer_out_done() called net_buf_add(buf, ep_request->actlen) immediately after buf = udc_buf_get(ep_cfg), where udc_buf_get() returns NULL when the endpoint FIFO is empty. A transfer-completion event is queued from interrupt context and processed asynchronously by the driver thread; between queuing and processing, the endpoint FIFO can be drained by host-controlled control flow — in particular udc_setup_received() drains the EP0 OUT/IN FIFOs whenever a new SETUP packet arrives, and dequeue/disable/purge paths drain it likewise. A USB host that aborts an in-flight EP0 control transfer with a new SETUP packet (legal USB behavior) can therefore cause a stale XFER_OUT_DONE event to be processed against an empty FIFO, producing net_buf_add(NULL, ...), a near-NULL pointer dereference that faults and crashes the device. No authentication is required; the attacker is the USB host the device is connected to (physical bus access). Impact is denial of service (device crash). The defect was introduced when the MAX32 UDC driver was added and shipped in Zephyr v4.4.0. The fix adds NULL-buffer checks that return early with UDC_EVT_ERROR/-ENOBUFS in both the OUT-done and IN-done handlers.","[{""vendor"":""zephyrproject"",""product"":""zephyr"",""defaultStatus"":""unaffected"",""platforms"":null,""versions"":[{""version"":""4.2.0"",""status"":""affected"",""lessThan"":""4.5.0"",""lessThanOrEqual"":null,""versionType"":""semver""}]}]",3.1,4.6,MEDIUM,CVSS:3.1/AV:P/AC:L/PR:N/UI:N/S:U/C:N/I:N/A:H,CNA,CWE-476,memory-safety,null,null,null,"[{""url"":""https://github.com/zephyrproject-rtos/zephyr/commit/a0d8f786559355fb3b38e34799e1ae491ba9545c"",""name"":""Fix commit"",""tags"":[""patch""]},{""url"":""https://github.com/zephyrproject-rtos/zephyr/security/advisories/GHSA-58p9-6mjq-rf2m"",""name"":""GHSA-58p9-6mjq-rf2m"",""tags"":null}]","{""containers"":{""cna"":{""affected"":[{""collectionURL"":""https://github.com/zephyrproject-rtos/zephyr"",""defaultStatus"":""unaffected"",""packageName"":""zephyr"",""product"":""zephyr"",""vendor"":""zephyrproject"",""versions"":[{""lessThan"":""4.5.0"",""status"":""affected"",""version"":""4.2.0"",""versionType"":""semver""}]}],""descriptions"":[{""lang"":""en"",""value"":""The MAX32xxx USB device controller driver (drivers/usb/udc/udc_max32.c, compatible adi_max32_usbhs) dereferenced an endpoint buffer in its OUT and IN transfer-completion handlers without checking it for NULL. udc_event_xfer_out_done() called net_buf_add(buf, ep_request->actlen) immediately after buf = udc_buf_get(ep_cfg), where udc_buf_get() returns NULL when the endpoint FIFO is empty. A transfer-completion event is queued from interrupt context and processed asynchronously by the driver thread; between queuing and processing, the endpoint FIFO can be drained by host-controlled control flow — in particular udc_setup_received() drains the EP0 OUT/IN FIFOs whenever a new SETUP packet arrives, and dequeue/disable/purge paths drain it likewise. A USB host that aborts an in-flight EP0 control transfer with a new SETUP packet (legal USB behavior) can therefore cause a stale XFER_OUT_DONE event to be processed against an empty FIFO, producing net_buf_add(NULL, ...), a near-NULL pointer dereference that faults and crashes the device. No authentication is required; the attacker is the USB host the device is connected to (physical bus access). Impact is denial of service (device crash). The defect was introduced when the MAX32 UDC driver was added and shipped in Zephyr v4.4.0. The fix adds NULL-buffer checks that return early with UDC_EVT_ERROR/-ENOBUFS in both the OUT-done and IN-done handlers.""}],""metrics"":[{""cvssV3_1"":{""baseScore"":4.6,""baseSeverity"":""MEDIUM"",""vectorString"":""CVSS:3.1/AV:P/AC:L/PR:N/UI:N/S:U/C:N/I:N/A:H"",""version"":""3.1""},""format"":""CVSS""}],""problemTypes"":[{""descriptions"":[{""cweId"":""CWE-476"",""description"":""memory-safety"",""lang"":""en"",""type"":""CWE""}]}],""providerMetadata"":{""dateUpdated"":""2026-07-05T22:23:36.983Z"",""orgId"":""e2e69745-5e70-4e92-8431-deb5529a81ad"",""shortName"":""zephyr""},""references"":[{""name"":""Fix commit"",""tags"":[""patch""],""url"":""https://github.com/zephyrproject-rtos/zephyr/commit/a0d8f786559355fb3b38e34799e1ae491ba9545c""},{""name"":""GHSA-58p9-6mjq-rf2m"",""url"":""https://github.com/zephyrproject-rtos/zephyr/security/advisories/GHSA-58p9-6mjq-rf2m""}],""title"":""NULL-pointer dereference DoS in MAX32 USB device controller transfer-completion handlers"",""x_generator"":{""engine"":""cvelib 1.8.0""}}},""cveMetadata"":{""assignerOrgId"":""e2e69745-5e70-4e92-8431-deb5529a81ad"",""assignerShortName"":""zephyr"",""cveId"":""CVE-2026-10656"",""datePublished"":""2026-07-05T22:23:36.983Z"",""dateReserved"":""2026-06-02T15:24:30.893Z"",""dateUpdated"":""2026-07-05T22:23:36.983Z"",""state"":""PUBLISHED""},""dataType"":""CVE_RECORD"",""dataVersion"":""5.2""}"
CVE-2026-14773,2026,PUBLISHED,2026-07-05T22:15:10.143Z,2026-07-05T04:03:50.118Z,2026-07-05T22:15:10.143Z,1af790b2-7ee1-4545-860a-a788eba489b5,VulDB,itsourcecode Hospital Management System payment.php sql injection,A vulnerability was found in itsourcecode Hospital Management System 1.0. This affects an unknown function of the file /payment.php. The manipulation of the argument patientid results in sql injection. The attack can be launched remotely. The exploit has been made public and could be used.,"[{""vendor"":""itsourcecode"",""product"":""Hospital Management System"",""defaultStatus"":null,""platforms"":null,""versions"":[{""version"":""1.0"",""status"":""affected"",""lessThan"":null,""lessThanOrEqual"":null,""versionType"":null}]}]",4.0,5.3,MEDIUM,CVSS:4.0/AV:N/AC:L/AT:N/PR:L/UI:N/VC:L/VI:L/VA:L/SC:N/SI:N/SA:N/E:P,CNA,CWE-89,SQL Injection,null,null,null,"[{""url"":""https://vuldb.com/vuln/376363"",""name"":""VDB-376363 | itsourcecode Hospital Management System payment.php sql injection"",""tags"":[""vdb-entry"",""technical-description""]},{""url"":""https://vuldb.com/vuln/376363/cti"",""name"":""VDB-376363 | CTI Indicators (IOB, IOC, TTP, IOA)"",""tags"":[""signature"",""permissions-required""]},{""url"":""https://vuldb.com/cve/CVE-2026-14773"",""name"":""CVE-2026-14773 | CVE Analysis and Report"",""tags"":[""third-party-advisory""]},{""url"":""https://vuldb.com/submit/850644"",""name"":""Submit #850644 | itsourcecode Hospital Management System V1.0 SQL Injection"",""tags"":[""third-party-advisory""]},{""url"":""https://github.com/ltranquility/submit_vuln/issues/5"",""name"":null,""tags"":[""exploit"",""issue-tracking""]},{""url"":""https://itsourcecode.com/"",""name"":null,""tags"":[""product""]}]","{""containers"":{""cna"":{""affected"":[{""cpes"":[""cpe:2.3:a:itsourcecode:hospital_management_system:*:*:*:*:*:*:*:*""],""product"":""Hospital Management System"",""vendor"":""itsourcecode"",""versions"":[{""status"":""affected"",""version"":""1.0""}]}],""credits"":[{""lang"":""en"",""type"":""reporter"",""value"":""kongcx (VulDB User)""}],""descriptions"":[{""lang"":""en"",""value"":""A vulnerability was found in itsourcecode Hospital Management System 1.0. This affects an unknown function of the file /payment.php. The manipulation of the argument patientid results in sql injection. The attack can be launched remotely. The exploit has been made public and could be used.""}],""metrics"":[{""cvssV4_0"":{""baseScore"":5.3,""baseSeverity"":""MEDIUM"",""vectorString"":""CVSS:4.0/AV:N/AC:L/AT:N/PR:L/UI:N/VC:L/VI:L/VA:L/SC:N/SI:N/SA:N/E:P"",""version"":""4.0""}},{""cvssV3_1"":{""baseScore"":6.3,""baseSeverity"":""MEDIUM"",""vectorString"":""CVSS:3.1/AV:N/AC:L/PR:L/UI:N/S:U/C:L/I:L/A:L/E:P/RL:X/RC:R"",""version"":""3.1""}},{""cvssV3_0"":{""baseScore"":6.3,""baseSeverity"":""MEDIUM"",""vectorString"":""CVSS:3.0/AV:N/AC:L/PR:L/UI:N/S:U/C:L/I:L/A:L/E:P/RL:X/RC:R"",""version"":""3.0""}},{""cvssV2_0"":{""baseScore"":6.5,""vectorString"":""AV:N/AC:L/Au:S/C:P/I:P/A:P/E:POC/RL:ND/RC:UR"",""version"":""2.0""}}],""problemTypes"":[{""descriptions"":[{""cweId"":""CWE-89"",""description"":""SQL Injection"",""lang"":""en"",""type"":""CWE""}]},{""descriptions"":[{""cweId"":""CWE-74"",""description"":""Injection"",""lang"":""en"",""type"":""CWE""}]}],""providerMetadata"":{""dateUpdated"":""2026-07-05T22:15:10.143Z"",""orgId"":""1af790b2-7ee1-4545-860a-a788eba489b5"",""shortName"":""VulDB""},""references"":[{""name"":""VDB-376363 | itsourcecode Hospital Management System payment.php sql injection"",""tags"":[""vdb-entry"",""technical-description""],""url"":""https://vuldb.com/vuln/376363""},{""name"":""VDB-376363 | CTI Indicators (IOB, IOC, TTP, IOA)"",""tags"":[""signature"",""permissions-required""],""url"":""https://vuldb.com/vuln/376363/cti""},{""name"":""CVE-2026-14773 | CVE Analysis and Report"",""tags"":[""third-party-advisory""],""url"":""https://vuldb.com/cve/CVE-2026-14773""},{""name"":""Submit #850644 | itsourcecode Hospital Management System V1.0 SQL Injection"",""tags"":[""third-party-advisory""],""url"":""https://vuldb.com/submit/850644""},{""tags"":[""exploit"",""issue-tracking""],""url"":""https://github.com/ltranquility/submit_vuln/issues/5""},{""tags"":[""product""],""url"":""https://itsourcecode.com/""}],""tags"":[""x_freeware""],""timeline"":[{""lang"":""en"",""time"":""2026-07-05T00:00:00.000Z"",""value"":""Advisory disclosed""},{""lang"":""en"",""time"":""2026-07-05T02:00:00.000Z"",""value"":""VulDB entry created""},{""lang"":""en"",""time"":""2026-07-05T06:08:58.000Z"",""value"":""VulDB entry last update""}],""title"":""itsourcecode Hospital Management System payment.php sql injection""}},""cveMetadata"":{""assignerOrgId"":""1af790b2-7ee1-4545-860a-a788eba489b5"",""assignerShortName"":""VulDB"",""cveId"":""CVE-2026-14773"",""datePublished"":""2026-07-05T22:15:10.143Z"",""dateReserved"":""2026-07-05T04:03:50.118Z"",""dateUpdated"":""2026-07-05T22:15:10.143Z"",""state"":""PUBLISHED""},""dataType"":""CVE_RECORD"",""dataVersion"":""5.2""}"
CVE-2026-14772,2026,PUBLISHED,2026-07-05T22:00:09.168Z,2026-07-05T04:01:35.626Z,2026-07-05T22:00:09.168Z,1af790b2-7ee1-4545-860a-a788eba489b5,VulDB,SourceCodester Class and Exam Timetabling System edit_course1.php sql injection,A vulnerability has been found in SourceCodester Class and Exam Timetabling System 1.0/1.php. The impacted element is an unknown function of the file /edit_course1.php. The manipulation of the argument ID leads to sql injection. The attack can be initiated remotely. The exploit has been disclosed to the public and may be used.,"[{""vendor"":""SourceCodester"",""product"":""Class and Exam Timetabling System"",""defaultStatus"":null,""platforms"":null,""versions"":[{""version"":""1.0"",""status"":""affected"",""lessThan"":null,""lessThanOrEqual"":null,""versionType"":null},{""version"":""1.php"",""status"":""affected"",""lessThan"":null,""lessThanOrEqual"":null,""versionType"":null}]}]",4.0,6.9,MEDIUM,CVSS:4.0/AV:N/AC:L/AT:N/PR:N/UI:N/VC:L/VI:L/VA:L/SC:N/SI:N/SA:N/E:P,CNA,CWE-89,SQL Injection,null,null,null,"[{""url"":""https://vuldb.com/vuln/376362"",""name"":""VDB-376362 | SourceCodester Class and Exam Timetabling System edit_course1.php sql injection"",""tags"":[""vdb-entry"",""technical-description""]},{""url"":""https://vuldb.com/vuln/376362/cti"",""name"":""VDB-376362 | CTI Indicators (IOB, IOC, TTP, IOA)"",""tags"":[""signature"",""permissions-required""]},{""url"":""https://vuldb.com/cve/CVE-2026-14772"",""name"":""CVE-2026-14772 | CVE Analysis and Report"",""tags"":[""third-party-advisory""]},{""url"":""https://vuldb.com/submit/849108"",""name"":""Submit #849108 | sourcecodester  Class and Exam Timetabling System V1.0 SQL injection"",""tags"":[""third-party-advisory""]},{""url"":""https://github.com/orionyan520/cve_report/issues/1"",""name"":null,""tags"":[""exploit"",""issue-tracking""]},{""url"":""https://www.sourcecodester.com/"",""name"":null,""tags"":[""product""]}]","{""containers"":{""cna"":{""affected"":[{""cpes"":[""cpe:2.3:a:sourcecodester:class_and_exam_timetabling_system:*:*:*:*:*:*:*:*""],""product"":""Class and Exam Timetabling System"",""vendor"":""SourceCodester"",""versions"":[{""status"":""affected"",""version"":""1.0""},{""status"":""affected"",""version"":""1.php""}]}],""credits"":[{""lang"":""en"",""type"":""reporter"",""value"":""orionyan (VulDB User)""}],""descriptions"":[{""lang"":""en"",""value"":""A vulnerability has been found in SourceCodester Class and Exam Timetabling System 1.0/1.php. The impacted element is an unknown function of the file /edit_course1.php. The manipulation of the argument ID leads to sql injection. The attack can be initiated remotely. The exploit has been disclosed to the public and may be used.""}],""metrics"":[{""cvssV4_0"":{""baseScore"":6.9,""baseSeverity"":""MEDIUM"",""vectorString"":""CVSS:4.0/AV:N/AC:L/AT:N/PR:N/UI:N/VC:L/VI:L/VA:L/SC:N/SI:N/SA:N/E:P"",""version"":""4.0""}},{""cvssV3_1"":{""baseScore"":7.3,""baseSeverity"":""HIGH"",""vectorString"":""CVSS:3.1/AV:N/AC:L/PR:N/UI:N/S:U/C:L/I:L/A:L/E:P/RL:X/RC:R"",""version"":""3.1""}},{""cvssV3_0"":{""baseScore"":7.3,""baseSeverity"":""HIGH"",""vectorString"":""CVSS:3.0/AV:N/AC:L/PR:N/UI:N/S:U/C:L/I:L/A:L/E:P/RL:X/RC:R"",""version"":""3.0""}},{""cvssV2_0"":{""baseScore"":7.5,""vectorString"":""AV:N/AC:L/Au:N/C:P/I:P/A:P/E:POC/RL:ND/RC:UR"",""version"":""2.0""}}],""problemTypes"":[{""descriptions"":[{""cweId"":""CWE-89"",""description"":""SQL Injection"",""lang"":""en"",""type"":""CWE""}]},{""descriptions"":[{""cweId"":""CWE-74"",""description"":""Injection"",""lang"":""en"",""type"":""CWE""}]}],""providerMetadata"":{""dateUpdated"":""2026-07-05T22:00:09.168Z"",""orgId"":""1af790b2-7ee1-4545-860a-a788eba489b5"",""shortName"":""VulDB""},""references"":[{""name"":""VDB-376362 | SourceCodester Class and Exam Timetabling System edit_course1.php sql injection"",""tags"":[""vdb-entry"",""technical-description""],""url"":""https://vuldb.com/vuln/376362""},{""name"":""VDB-376362 | CTI Indicators (IOB, IOC, TTP, IOA)"",""tags"":[""signature"",""permissions-required""],""url"":""https://vuldb.com/vuln/376362/cti""},{""name"":""CVE-2026-14772 | CVE Analysis and Report"",""tags"":[""third-party-advisory""],""url"":""https://vuldb.com/cve/CVE-2026-14772""},{""name"":""Submit #849108 | sourcecodester  Class and Exam Timetabling System V1.0 SQL injection"",""tags"":[""third-party-advisory""],""url"":""https://vuldb.com/submit/849108""},{""tags"":[""exploit"",""issue-tracking""],""url"":""https://github.com/orionyan520/cve_report/issues/1""},{""tags"":[""product""],""url"":""https://www.sourcecodester.com/""}],""tags"":[""x_freeware""],""timeline"":[{""lang"":""en"",""time"":""2026-07-05T00:00:00.000Z"",""value"":""Advisory disclosed""},{""lang"":""en"",""time"":""2026-07-05T02:00:00.000Z"",""value"":""VulDB entry created""},{""lang"":""en"",""time"":""2026-07-05T06:06:45.000Z"",""value"":""VulDB entry last update""}],""title"":""SourceCodester Class and Exam Timetabling System edit_course1.php sql injection""}},""cveMetadata"":{""assignerOrgId"":""1af790b2-7ee1-4545-860a-a788eba489b5"",""assignerShortName"":""VulDB"",""cveId"":""CVE-2026-14772"",""datePublished"":""2026-07-05T22:00:09.168Z"",""dateReserved"":""2026-07-05T04:01:35.626Z"",""dateUpdated"":""2026-07-05T22:00:09.168Z"",""state"":""PUBLISHED""},""dataType"":""CVE_RECORD"",""dataVersion"":""5.2""}"
CVE-2026-59520,2026,PUBLISHED,2026-07-05T21:44:29.015Z,2026-07-05T21:27:29.081Z,2026-07-05T21:44:29.015Z,21595511-bba5-4825-b968-b78d1f9984a3,Patchstack,WordPress CrawlWP SEO plugin <= 3.0.16 - Cross Site Request Forgery (CSRF) vulnerability,"Cross-Site Request Forgery (CSRF) vulnerability in properfraction CrawlWP SEO allows Cross Site Request Forgery.

This issue affects CrawlWP SEO: from n/a through 3.0.16.","[{""vendor"":""properfraction"",""product"":""CrawlWP SEO"",""defaultStatus"":""unaffected"",""platforms"":null,""versions"":[{""version"":""n/a"",""status"":""affected"",""lessThan"":null,""lessThanOrEqual"":""3.0.16"",""versionType"":""custom""}]}]",3.1,4.3,MEDIUM,CVSS:3.1/AV:N/AC:L/PR:N/UI:R/S:U/C:N/I:L/A:N,CNA,CWE-352,CWE-352 Cross-Site Request Forgery (CSRF),null,null,null,"[{""url"":""https://patchstack.com/database/wordpress/plugin/mihdan-index-now/vulnerability/wordpress-index-now-plugin-3-0-16-cross-site-request-forgery-csrf-vulnerability?_s_id=cve"",""name"":null,""tags"":[""vdb-entry""]}]","{""containers"":{""cna"":{""affected"":[{""collectionURL"":""https://wordpress.org/plugins"",""defaultStatus"":""unaffected"",""packageName"":""mihdan-index-now"",""product"":""CrawlWP SEO"",""vendor"":""properfraction"",""versions"":[{""changes"":[{""at"":""3.0.17"",""status"":""unaffected""}],""lessThanOrEqual"":""3.0.16"",""status"":""affected"",""version"":""n/a"",""versionType"":""custom""}]}],""credits"":[{""lang"":""en"",""type"":""finder"",""user"":""00000000-0000-4000-9000-000000000000"",""value"":""Ananda Dhakal | Patchstack""}],""descriptions"":[{""lang"":""en"",""supportingMedia"":[{""base64"":false,""type"":""text/html"",""value"":""Cross-Site Request Forgery (CSRF) vulnerability in properfraction CrawlWP SEO allows Cross Site Request Forgery.<p>This issue affects CrawlWP SEO: from n/a through 3.0.16.</p>""}],""value"":""Cross-Site Request Forgery (CSRF) vulnerability in properfraction CrawlWP SEO allows Cross Site Request Forgery.\n\nThis issue affects CrawlWP SEO: from n/a through 3.0.16.""}],""impacts"":[{""capecId"":""CAPEC-62"",""descriptions"":[{""lang"":""en"",""value"":""CAPEC-62 Cross Site Request Forgery""}]}],""metrics"":[{""cvssV3_1"":{""attackComplexity"":""LOW"",""attackVector"":""NETWORK"",""availabilityImpact"":""NONE"",""baseScore"":4.3,""baseSeverity"":""MEDIUM"",""confidentialityImpact"":""NONE"",""integrityImpact"":""LOW"",""privilegesRequired"":""NONE"",""scope"":""UNCHANGED"",""userInteraction"":""REQUIRED"",""vectorString"":""CVSS:3.1/AV:N/AC:L/PR:N/UI:R/S:U/C:N/I:L/A:N"",""version"":""3.1""},""format"":""CVSS"",""scenarios"":[{""lang"":""en"",""value"":""GENERAL""}]}],""problemTypes"":[{""descriptions"":[{""cweId"":""CWE-352"",""description"":""CWE-352 Cross-Site Request Forgery (CSRF)"",""lang"":""en"",""type"":""CWE""}]}],""providerMetadata"":{""dateUpdated"":""2026-07-05T21:44:29.015Z"",""orgId"":""21595511-bba5-4825-b968-b78d1f9984a3"",""shortName"":""Patchstack""},""references"":[{""tags"":[""vdb-entry""],""url"":""https://patchstack.com/database/wordpress/plugin/mihdan-index-now/vulnerability/wordpress-index-now-plugin-3-0-16-cross-site-request-forgery-csrf-vulnerability?_s_id=cve""}],""solutions"":[{""lang"":""en"",""supportingMedia"":[{""base64"":false,""type"":""text/html"",""value"":""Update the WordPress Index Now Plugin to the latest available version (at least 3.0.17).""}],""value"":""Update the WordPress Index Now Plugin to the latest available version (at least 3.0.17).""}],""source"":{""discovery"":""EXTERNAL""},""tags"":[""x_open-source""],""title"":""WordPress CrawlWP SEO plugin <= 3.0.16 - Cross Site Request Forgery (CSRF) vulnerability"",""x_generator"":{""engine"":""Vulnogram 0.2.0""}}},""cveMetadata"":{""assignerOrgId"":""21595511-bba5-4825-b968-b78d1f9984a3"",""assignerShortName"":""Patchstack"",""cveId"":""CVE-2026-59520"",""datePublished"":""2026-07-05T21:44:29.015Z"",""dateReserved"":""2026-07-05T21:27:29.081Z"",""dateUpdated"":""2026-07-05T21:44:29.015Z"",""state"":""PUBLISHED""},""dataType"":""CVE_RECORD"",""dataVersion"":""5.2""}"
CVE-2026-59519,2026,PUBLISHED,2026-07-05T21:42:33.988Z,2026-07-05T21:27:29.081Z,2026-07-05T21:42:33.988Z,21595511-bba5-4825-b968-b78d1f9984a3,Patchstack,WordPress FormLayer plugin <= 1.0.6 - Sensitive Data Exposure vulnerability,"Insertion of Sensitive Information Into Sent Data vulnerability in Softaculous FormLayer allows Retrieve Embedded Sensitive Data.

This issue affects FormLayer: from n/a through 1.0.6.","[{""vendor"":""Softaculous"",""product"":""FormLayer"",""defaultStatus"":""unaffected"",""platforms"":null,""versions"":[{""version"":""n/a"",""status"":""affected"",""lessThan"":null,""lessThanOrEqual"":""1.0.6"",""versionType"":""custom""}]}]",3.1,5.3,MEDIUM,CVSS:3.1/AV:N/AC:L/PR:N/UI:N/S:U/C:L/I:N/A:N,CNA,CWE-201,CWE-201 Insertion of Sensitive Information Into Sent Data,null,null,null,"[{""url"":""https://patchstack.com/database/wordpress/plugin/formlayer/vulnerability/wordpress-formlayer-plugin-1-0-6-sensitive-data-exposure-vulnerability?_s_id=cve"",""name"":null,""tags"":[""vdb-entry""]}]","{""containers"":{""cna"":{""affected"":[{""collectionURL"":""https://wordpress.org/plugins"",""defaultStatus"":""unaffected"",""packageName"":""formlayer"",""product"":""FormLayer"",""vendor"":""Softaculous"",""versions"":[{""changes"":[{""at"":""1.0.7"",""status"":""unaffected""}],""lessThanOrEqual"":""1.0.6"",""status"":""affected"",""version"":""n/a"",""versionType"":""custom""}]}],""credits"":[{""lang"":""en"",""type"":""finder"",""user"":""00000000-0000-4000-9000-000000000000"",""value"":""Ananda Dhakal | Patchstack""}],""descriptions"":[{""lang"":""en"",""supportingMedia"":[{""base64"":false,""type"":""text/html"",""value"":""Insertion of Sensitive Information Into Sent Data vulnerability in Softaculous FormLayer allows Retrieve Embedded Sensitive Data.<p>This issue affects FormLayer: from n/a through 1.0.6.</p>""}],""value"":""Insertion of Sensitive Information Into Sent Data vulnerability in Softaculous FormLayer allows Retrieve Embedded Sensitive Data.\n\nThis issue affects FormLayer: from n/a through 1.0.6.""}],""impacts"":[{""capecId"":""CAPEC-37"",""descriptions"":[{""lang"":""en"",""value"":""CAPEC-37 Retrieve Embedded Sensitive Data""}]}],""metrics"":[{""cvssV3_1"":{""attackComplexity"":""LOW"",""attackVector"":""NETWORK"",""availabilityImpact"":""NONE"",""baseScore"":5.3,""baseSeverity"":""MEDIUM"",""confidentialityImpact"":""LOW"",""integrityImpact"":""NONE"",""privilegesRequired"":""NONE"",""scope"":""UNCHANGED"",""userInteraction"":""NONE"",""vectorString"":""CVSS:3.1/AV:N/AC:L/PR:N/UI:N/S:U/C:L/I:N/A:N"",""version"":""3.1""},""format"":""CVSS"",""scenarios"":[{""lang"":""en"",""value"":""GENERAL""}]}],""problemTypes"":[{""descriptions"":[{""cweId"":""CWE-201"",""description"":""CWE-201 Insertion of Sensitive Information Into Sent Data"",""lang"":""en"",""type"":""CWE""}]}],""providerMetadata"":{""dateUpdated"":""2026-07-05T21:42:33.988Z"",""orgId"":""21595511-bba5-4825-b968-b78d1f9984a3"",""shortName"":""Patchstack""},""references"":[{""tags"":[""vdb-entry""],""url"":""https://patchstack.com/database/wordpress/plugin/formlayer/vulnerability/wordpress-formlayer-plugin-1-0-6-sensitive-data-exposure-vulnerability?_s_id=cve""}],""solutions"":[{""lang"":""en"",""supportingMedia"":[{""base64"":false,""type"":""text/html"",""value"":""Update the WordPress FormLayer Plugin to the latest available version (at least 1.0.7).""}],""value"":""Update the WordPress FormLayer Plugin to the latest available version (at least 1.0.7).""}],""source"":{""discovery"":""EXTERNAL""},""tags"":[""x_open-source""],""title"":""WordPress FormLayer plugin <= 1.0.6 - Sensitive Data Exposure vulnerability"",""x_generator"":{""engine"":""Vulnogram 0.2.0""}}},""cveMetadata"":{""assignerOrgId"":""21595511-bba5-4825-b968-b78d1f9984a3"",""assignerShortName"":""Patchstack"",""cveId"":""CVE-2026-59519"",""datePublished"":""2026-07-05T21:42:33.988Z"",""dateReserved"":""2026-07-05T21:27:29.081Z"",""dateUpdated"":""2026-07-05T21:42:33.988Z"",""state"":""PUBLISHED""},""dataType"":""CVE_RECORD"",""dataVersion"":""5.2""}"
CVE-2026-59511,2026,PUBLISHED,2026-07-05T21:36:39.476Z,2026-07-05T21:27:29.080Z,2026-07-05T21:36:39.476Z,21595511-bba5-4825-b968-b78d1f9984a3,Patchstack,WordPress Exclusive Addons Elementor plugin <= 2.7.9.9 - Sensitive Data Exposure vulnerability,"Insertion of Sensitive Information Into Sent Data vulnerability in Tim Strifler Exclusive Addons Elementor allows Retrieve Embedded Sensitive Data.

This issue affects Exclusive Addons Elementor: from n/a through 2.7.9.9.","[{""vendor"":""Tim Strifler"",""product"":""Exclusive Addons Elementor"",""defaultStatus"":""unaffected"",""platforms"":null,""versions"":[{""version"":""n/a"",""status"":""affected"",""lessThan"":null,""lessThanOrEqual"":""2.7.9.9"",""versionType"":""custom""}]}]",3.1,5.3,MEDIUM,CVSS:3.1/AV:N/AC:L/PR:N/UI:N/S:U/C:L/I:N/A:N,CNA,CWE-201,CWE-201 Insertion of Sensitive Information Into Sent Data,null,null,null,"[{""url"":""https://patchstack.com/database/wordpress/plugin/exclusive-addons-for-elementor/vulnerability/wordpress-exclusive-addons-elementor-plugin-2-7-9-9-sensitive-data-exposure-vulnerability?_s_id=cve"",""name"":null,""tags"":[""vdb-entry""]}]","{""containers"":{""cna"":{""affected"":[{""collectionURL"":""https://wordpress.org/plugins"",""defaultStatus"":""unaffected"",""packageName"":""exclusive-addons-for-elementor"",""product"":""Exclusive Addons Elementor"",""vendor"":""Tim Strifler"",""versions"":[{""changes"":[{""at"":""2.8.0"",""status"":""unaffected""}],""lessThanOrEqual"":""2.7.9.9"",""status"":""affected"",""version"":""n/a"",""versionType"":""custom""}]}],""credits"":[{""lang"":""en"",""type"":""finder"",""user"":""00000000-0000-4000-9000-000000000000"",""value"":""Ananda Dhakal | Patchstack""}],""descriptions"":[{""lang"":""en"",""supportingMedia"":[{""base64"":false,""type"":""text/html"",""value"":""Insertion of Sensitive Information Into Sent Data vulnerability in Tim Strifler Exclusive Addons Elementor allows Retrieve Embedded Sensitive Data.<p>This issue affects Exclusive Addons Elementor: from n/a through 2.7.9.9.</p>""}],""value"":""Insertion of Sensitive Information Into Sent Data vulnerability in Tim Strifler Exclusive Addons Elementor allows Retrieve Embedded Sensitive Data.\n\nThis issue affects Exclusive Addons Elementor: from n/a through 2.7.9.9.""}],""impacts"":[{""capecId"":""CAPEC-37"",""descriptions"":[{""lang"":""en"",""value"":""CAPEC-37 Retrieve Embedded Sensitive Data""}]}],""metrics"":[{""cvssV3_1"":{""attackComplexity"":""LOW"",""attackVector"":""NETWORK"",""availabilityImpact"":""NONE"",""baseScore"":5.3,""baseSeverity"":""MEDIUM"",""confidentialityImpact"":""LOW"",""integrityImpact"":""NONE"",""privilegesRequired"":""NONE"",""scope"":""UNCHANGED"",""userInteraction"":""NONE"",""vectorString"":""CVSS:3.1/AV:N/AC:L/PR:N/UI:N/S:U/C:L/I:N/A:N"",""version"":""3.1""},""format"":""CVSS"",""scenarios"":[{""lang"":""en"",""value"":""GENERAL""}]}],""problemTypes"":[{""descriptions"":[{""cweId"":""CWE-201"",""description"":""CWE-201 Insertion of Sensitive Information Into Sent Data"",""lang"":""en"",""type"":""CWE""}]}],""providerMetadata"":{""dateUpdated"":""2026-07-05T21:36:39.476Z"",""orgId"":""21595511-bba5-4825-b968-b78d1f9984a3"",""shortName"":""Patchstack""},""references"":[{""tags"":[""vdb-entry""],""url"":""https://patchstack.com/database/wordpress/plugin/exclusive-addons-for-elementor/vulnerability/wordpress-exclusive-addons-elementor-plugin-2-7-9-9-sensitive-data-exposure-vulnerability?_s_id=cve""}],""solutions"":[{""lang"":""en"",""supportingMedia"":[{""base64"":false,""type"":""text/html"",""value"":""Update the WordPress Exclusive Addons Elementor Plugin to the latest available version (at least 2.8.0).""}],""value"":""Update the WordPress Exclusive Addons Elementor Plugin to the latest available version (at least 2.8.0).""}],""source"":{""discovery"":""EXTERNAL""},""tags"":[""x_open-source""],""title"":""WordPress Exclusive Addons Elementor plugin <= 2.7.9.9 - Sensitive Data Exposure vulnerability"",""x_generator"":{""engine"":""Vulnogram 0.2.0""}}},""cveMetadata"":{""assignerOrgId"":""21595511-bba5-4825-b968-b78d1f9984a3"",""assignerShortName"":""Patchstack"",""cveId"":""CVE-2026-59511"",""datePublished"":""2026-07-05T21:36:39.476Z"",""dateReserved"":""2026-07-05T21:27:29.080Z"",""dateUpdated"":""2026-07-05T21:36:39.476Z"",""state"":""PUBLISHED""},""dataType"":""CVE_RECORD"",""dataVersion"":""5.2""}"
CVE-2026-14771,2026,PUBLISHED,2026-07-05T21:30:09.068Z,2026-07-05T04:01:33.090Z,2026-07-05T21:30:09.068Z,1af790b2-7ee1-4545-860a-a788eba489b5,VulDB,SourceCodester Class and Exam Timetabling System edit_exam1.php sql injection,A flaw has been found in SourceCodester Class and Exam Timetabling System 1.0/1.php. The affected element is an unknown function of the file /edit_exam1.php. Executing a manipulation of the argument ID can lead to sql injection. It is possible to launch the attack remotely. The exploit has been published and may be used.,"[{""vendor"":""SourceCodester"",""product"":""Class and Exam Timetabling System"",""defaultStatus"":null,""platforms"":null,""versions"":[{""version"":""1.0"",""status"":""affected"",""lessThan"":null,""lessThanOrEqual"":null,""versionType"":null},{""version"":""1.php"",""status"":""affected"",""lessThan"":null,""lessThanOrEqual"":null,""versionType"":null}]}]",4.0,6.9,MEDIUM,CVSS:4.0/AV:N/AC:L/AT:N/PR:N/UI:N/VC:L/VI:L/VA:L/SC:N/SI:N/SA:N/E:P,CNA,CWE-89,SQL Injection,null,null,null,"[{""url"":""https://vuldb.com/vuln/376361"",""name"":""VDB-376361 | SourceCodester Class and Exam Timetabling System edit_exam1.php sql injection"",""tags"":[""vdb-entry"",""technical-description""]},{""url"":""https://vuldb.com/vuln/376361/cti"",""name"":""VDB-376361 | CTI Indicators (IOB, IOC, TTP, IOA)"",""tags"":[""signature"",""permissions-required""]},{""url"":""https://vuldb.com/cve/CVE-2026-14771"",""name"":""CVE-2026-14771 | CVE Analysis and Report"",""tags"":[""third-party-advisory""]},{""url"":""https://vuldb.com/submit/849107"",""name"":""Submit #849107 | sourcecodester  Class and Exam Timetabling System V1.0 SQL injection"",""tags"":[""third-party-advisory""]},{""url"":""https://github.com/orionyan520/cve_report/issues/2"",""name"":null,""tags"":[""exploit"",""issue-tracking""]},{""url"":""https://www.sourcecodester.com/"",""name"":null,""tags"":[""product""]}]","{""containers"":{""cna"":{""affected"":[{""cpes"":[""cpe:2.3:a:sourcecodester:class_and_exam_timetabling_system:*:*:*:*:*:*:*:*""],""product"":""Class and Exam Timetabling System"",""vendor"":""SourceCodester"",""versions"":[{""status"":""affected"",""version"":""1.0""},{""status"":""affected"",""version"":""1.php""}]}],""credits"":[{""lang"":""en"",""type"":""reporter"",""value"":""orionyan (VulDB User)""}],""descriptions"":[{""lang"":""en"",""value"":""A flaw has been found in SourceCodester Class and Exam Timetabling System 1.0/1.php. The affected element is an unknown function of the file /edit_exam1.php. Executing a manipulation of the argument ID can lead to sql injection. It is possible to launch the attack remotely. The exploit has been published and may be used.""}],""metrics"":[{""cvssV4_0"":{""baseScore"":6.9,""baseSeverity"":""MEDIUM"",""vectorString"":""CVSS:4.0/AV:N/AC:L/AT:N/PR:N/UI:N/VC:L/VI:L/VA:L/SC:N/SI:N/SA:N/E:P"",""version"":""4.0""}},{""cvssV3_1"":{""baseScore"":7.3,""baseSeverity"":""HIGH"",""vectorString"":""CVSS:3.1/AV:N/AC:L/PR:N/UI:N/S:U/C:L/I:L/A:L/E:P/RL:X/RC:R"",""version"":""3.1""}},{""cvssV3_0"":{""baseScore"":7.3,""baseSeverity"":""HIGH"",""vectorString"":""CVSS:3.0/AV:N/AC:L/PR:N/UI:N/S:U/C:L/I:L/A:L/E:P/RL:X/RC:R"",""version"":""3.0""}},{""cvssV2_0"":{""baseScore"":7.5,""vectorString"":""AV:N/AC:L/Au:N/C:P/I:P/A:P/E:POC/RL:ND/RC:UR"",""version"":""2.0""}}],""problemTypes"":[{""descriptions"":[{""cweId"":""CWE-89"",""description"":""SQL Injection"",""lang"":""en"",""type"":""CWE""}]},{""descriptions"":[{""cweId"":""CWE-74"",""description"":""Injection"",""lang"":""en"",""type"":""CWE""}]}],""providerMetadata"":{""dateUpdated"":""2026-07-05T21:30:09.068Z"",""orgId"":""1af790b2-7ee1-4545-860a-a788eba489b5"",""shortName"":""VulDB""},""references"":[{""name"":""VDB-376361 | SourceCodester Class and Exam Timetabling System edit_exam1.php sql injection"",""tags"":[""vdb-entry"",""technical-description""],""url"":""https://vuldb.com/vuln/376361""},{""name"":""VDB-376361 | CTI Indicators (IOB, IOC, TTP, IOA)"",""tags"":[""signature"",""permissions-required""],""url"":""https://vuldb.com/vuln/376361/cti""},{""name"":""CVE-2026-14771 | CVE Analysis and Report"",""tags"":[""third-party-advisory""],""url"":""https://vuldb.com/cve/CVE-2026-14771""},{""name"":""Submit #849107 | sourcecodester  Class and Exam Timetabling System V1.0 SQL injection"",""tags"":[""third-party-advisory""],""url"":""https://vuldb.com/submit/849107""},{""tags"":[""exploit"",""issue-tracking""],""url"":""https://github.com/orionyan520/cve_report/issues/2""},{""tags"":[""product""],""url"":""https://www.sourcecodester.com/""}],""tags"":[""x_freeware""],""timeline"":[{""lang"":""en"",""time"":""2026-07-05T00:00:00.000Z"",""value"":""Advisory disclosed""},{""lang"":""en"",""time"":""2026-07-05T02:00:00.000Z"",""value"":""VulDB entry created""},{""lang"":""en"",""time"":""2026-07-05T06:06:43.000Z"",""value"":""VulDB entry last update""}],""title"":""SourceCodester Class and Exam Timetabling System edit_exam1.php sql injection""}},""cveMetadata"":{""assignerOrgId"":""1af790b2-7ee1-4545-860a-a788eba489b5"",""assignerShortName"":""VulDB"",""cveId"":""CVE-2026-14771"",""datePublished"":""2026-07-05T21:30:09.068Z"",""dateReserved"":""2026-07-05T04:01:33.090Z"",""dateUpdated"":""2026-07-05T21:30:09.068Z"",""state"":""PUBLISHED""},""dataType"":""CVE_RECORD"",""dataVersion"":""5.2""}"
CVE-2026-14770,2026,PUBLISHED,2026-07-05T21:00:09.712Z,2026-07-05T04:01:30.413Z,2026-07-05T21:00:09.712Z,1af790b2-7ee1-4545-860a-a788eba489b5,VulDB,SourceCodester Class and Exam Timetabling System edit_room.php sql injection,A vulnerability was detected in SourceCodester Class and Exam Timetabling System 1.0. Impacted is an unknown function of the file /edit_room.php. Performing a manipulation of the argument ID results in sql injection. It is possible to initiate the attack remotely. The exploit is now public and may be used.,"[{""vendor"":""SourceCodester"",""product"":""Class and Exam Timetabling System"",""defaultStatus"":null,""platforms"":null,""versions"":[{""version"":""1.0"",""status"":""affected"",""lessThan"":null,""lessThanOrEqual"":null,""versionType"":null}]}]",4.0,6.9,MEDIUM,CVSS:4.0/AV:N/AC:L/AT:N/PR:N/UI:N/VC:L/VI:L/VA:L/SC:N/SI:N/SA:N/E:P,CNA,CWE-89,SQL Injection,null,null,null,"[{""url"":""https://vuldb.com/vuln/376360"",""name"":""VDB-376360 | SourceCodester Class and Exam Timetabling System edit_room.php sql injection"",""tags"":[""vdb-entry"",""technical-description""]},{""url"":""https://vuldb.com/vuln/376360/cti"",""name"":""VDB-376360 | CTI Indicators (IOB, IOC, TTP, IOA)"",""tags"":[""signature"",""permissions-required""]},{""url"":""https://vuldb.com/cve/CVE-2026-14770"",""name"":""CVE-2026-14770 | CVE Analysis and Report"",""tags"":[""third-party-advisory""]},{""url"":""https://vuldb.com/submit/849106"",""name"":""Submit #849106 | sourcecodester  Class and Exam Timetabling System V1.0 SQL injection"",""tags"":[""third-party-advisory""]},{""url"":""https://github.com/orionyan520/cve_report/issues/3"",""name"":null,""tags"":[""exploit"",""issue-tracking""]},{""url"":""https://www.sourcecodester.com/"",""name"":null,""tags"":[""product""]}]","{""containers"":{""cna"":{""affected"":[{""cpes"":[""cpe:2.3:a:sourcecodester:class_and_exam_timetabling_system:*:*:*:*:*:*:*:*""],""product"":""Class and Exam Timetabling System"",""vendor"":""SourceCodester"",""versions"":[{""status"":""affected"",""version"":""1.0""}]}],""credits"":[{""lang"":""en"",""type"":""reporter"",""value"":""orionyan (VulDB User)""}],""descriptions"":[{""lang"":""en"",""value"":""A vulnerability was detected in SourceCodester Class and Exam Timetabling System 1.0. Impacted is an unknown function of the file /edit_room.php. Performing a manipulation of the argument ID results in sql injection. It is possible to initiate the attack remotely. The exploit is now public and may be used.""}],""metrics"":[{""cvssV4_0"":{""baseScore"":6.9,""baseSeverity"":""MEDIUM"",""vectorString"":""CVSS:4.0/AV:N/AC:L/AT:N/PR:N/UI:N/VC:L/VI:L/VA:L/SC:N/SI:N/SA:N/E:P"",""version"":""4.0""}},{""cvssV3_1"":{""baseScore"":7.3,""baseSeverity"":""HIGH"",""vectorString"":""CVSS:3.1/AV:N/AC:L/PR:N/UI:N/S:U/C:L/I:L/A:L/E:P/RL:X/RC:R"",""version"":""3.1""}},{""cvssV3_0"":{""baseScore"":7.3,""baseSeverity"":""HIGH"",""vectorString"":""CVSS:3.0/AV:N/AC:L/PR:N/UI:N/S:U/C:L/I:L/A:L/E:P/RL:X/RC:R"",""version"":""3.0""}},{""cvssV2_0"":{""baseScore"":7.5,""vectorString"":""AV:N/AC:L/Au:N/C:P/I:P/A:P/E:POC/RL:ND/RC:UR"",""version"":""2.0""}}],""problemTypes"":[{""descriptions"":[{""cweId"":""CWE-89"",""description"":""SQL Injection"",""lang"":""en"",""type"":""CWE""}]},{""descriptions"":[{""cweId"":""CWE-74"",""description"":""Injection"",""lang"":""en"",""type"":""CWE""}]}],""providerMetadata"":{""dateUpdated"":""2026-07-05T21:00:09.712Z"",""orgId"":""1af790b2-7ee1-4545-860a-a788eba489b5"",""shortName"":""VulDB""},""references"":[{""name"":""VDB-376360 | SourceCodester Class and Exam Timetabling System edit_room.php sql injection"",""tags"":[""vdb-entry"",""technical-description""],""url"":""https://vuldb.com/vuln/376360""},{""name"":""VDB-376360 | CTI Indicators (IOB, IOC, TTP, IOA)"",""tags"":[""signature"",""permissions-required""],""url"":""https://vuldb.com/vuln/376360/cti""},{""name"":""CVE-2026-14770 | CVE Analysis and Report"",""tags"":[""third-party-advisory""],""url"":""https://vuldb.com/cve/CVE-2026-14770""},{""name"":""Submit #849106 | sourcecodester  Class and Exam Timetabling System V1.0 SQL injection"",""tags"":[""third-party-advisory""],""url"":""https://vuldb.com/submit/849106""},{""tags"":[""exploit"",""issue-tracking""],""url"":""https://github.com/orionyan520/cve_report/issues/3""},{""tags"":[""product""],""url"":""https://www.sourcecodester.com/""}],""tags"":[""x_freeware""],""timeline"":[{""lang"":""en"",""time"":""2026-07-05T00:00:00.000Z"",""value"":""Advisory disclosed""},{""lang"":""en"",""time"":""2026-07-05T02:00:00.000Z"",""value"":""VulDB entry created""},{""lang"":""en"",""time"":""2026-07-05T06:06:40.000Z"",""value"":""VulDB entry last update""}],""title"":""SourceCodester Class and Exam Timetabling System edit_room.php sql injection""}},""cveMetadata"":{""assignerOrgId"":""1af790b2-7ee1-4545-860a-a788eba489b5"",""assignerShortName"":""VulDB"",""cveId"":""CVE-2026-14770"",""datePublished"":""2026-07-05T21:00:09.712Z"",""dateReserved"":""2026-07-05T04:01:30.413Z"",""dateUpdated"":""2026-07-05T21:00:09.712Z"",""state"":""PUBLISHED""},""dataType"":""CVE_RECORD"",""dataVersion"":""5.2""}"
CVE-2026-14769,2026,PUBLISHED,2026-07-05T20:15:07.816Z,2026-07-05T03:59:20.312Z,2026-07-05T20:15:07.816Z,1af790b2-7ee1-4545-860a-a788eba489b5,VulDB,code-projects Real State Services pay.php sql injection,A security vulnerability has been detected in code-projects Real State Services 1.0. This issue affects some unknown processing of the file /pay.php. Such manipulation of the argument Bankname leads to sql injection. The attack may be performed from remote. The exploit has been disclosed publicly and may be used.,"[{""vendor"":""code-projects"",""product"":""Real State Services"",""defaultStatus"":null,""platforms"":null,""versions"":[{""version"":""1.0"",""status"":""affected"",""lessThan"":null,""lessThanOrEqual"":null,""versionType"":null}]}]",4.0,6.9,MEDIUM,CVSS:4.0/AV:N/AC:L/AT:N/PR:N/UI:N/VC:L/VI:L/VA:L/SC:N/SI:N/SA:N/E:P,CNA,CWE-89,SQL Injection,null,null,null,"[{""url"":""https://vuldb.com/vuln/376359"",""name"":""VDB-376359 | code-projects Real State Services pay.php sql injection"",""tags"":[""vdb-entry"",""technical-description""]},{""url"":""https://vuldb.com/vuln/376359/cti"",""name"":""VDB-376359 | CTI Indicators (IOB, IOC, TTP, IOA)"",""tags"":[""signature"",""permissions-required""]},{""url"":""https://vuldb.com/cve/CVE-2026-14769"",""name"":""CVE-2026-14769 | CVE Analysis and Report"",""tags"":[""third-party-advisory""]},{""url"":""https://vuldb.com/submit/849374"",""name"":""Submit #849374 | code-projects Real State Services V1.0 SQL Injection"",""tags"":[""third-party-advisory""]},{""url"":""https://github.com/6Justdododo6/CVE/issues/28"",""name"":null,""tags"":[""exploit"",""issue-tracking""]},{""url"":""https://code-projects.org/"",""name"":null,""tags"":[""product""]}]","{""containers"":{""cna"":{""affected"":[{""cpes"":[""cpe:2.3:a:code-projects:real_state_services:*:*:*:*:*:*:*:*""],""product"":""Real State Services"",""vendor"":""code-projects"",""versions"":[{""status"":""affected"",""version"":""1.0""}]}],""credits"":[{""lang"":""en"",""type"":""reporter"",""value"":""XuYue (VulDB User)""}],""descriptions"":[{""lang"":""en"",""value"":""A security vulnerability has been detected in code-projects Real State Services 1.0. This issue affects some unknown processing of the file /pay.php. Such manipulation of the argument Bankname leads to sql injection. The attack may be performed from remote. The exploit has been disclosed publicly and may be used.""}],""metrics"":[{""cvssV4_0"":{""baseScore"":6.9,""baseSeverity"":""MEDIUM"",""vectorString"":""CVSS:4.0/AV:N/AC:L/AT:N/PR:N/UI:N/VC:L/VI:L/VA:L/SC:N/SI:N/SA:N/E:P"",""version"":""4.0""}},{""cvssV3_1"":{""baseScore"":7.3,""baseSeverity"":""HIGH"",""vectorString"":""CVSS:3.1/AV:N/AC:L/PR:N/UI:N/S:U/C:L/I:L/A:L/E:P/RL:X/RC:R"",""version"":""3.1""}},{""cvssV3_0"":{""baseScore"":7.3,""baseSeverity"":""HIGH"",""vectorString"":""CVSS:3.0/AV:N/AC:L/PR:N/UI:N/S:U/C:L/I:L/A:L/E:P/RL:X/RC:R"",""version"":""3.0""}},{""cvssV2_0"":{""baseScore"":7.5,""vectorString"":""AV:N/AC:L/Au:N/C:P/I:P/A:P/E:POC/RL:ND/RC:UR"",""version"":""2.0""}}],""problemTypes"":[{""descriptions"":[{""cweId"":""CWE-89"",""description"":""SQL Injection"",""lang"":""en"",""type"":""CWE""}]},{""descriptions"":[{""cweId"":""CWE-74"",""description"":""Injection"",""lang"":""en"",""type"":""CWE""}]}],""providerMetadata"":{""dateUpdated"":""2026-07-05T20:15:07.816Z"",""orgId"":""1af790b2-7ee1-4545-860a-a788eba489b5"",""shortName"":""VulDB""},""references"":[{""name"":""VDB-376359 | code-projects Real State Services pay.php sql injection"",""tags"":[""vdb-entry"",""technical-description""],""url"":""https://vuldb.com/vuln/376359""},{""name"":""VDB-376359 | CTI Indicators (IOB, IOC, TTP, IOA)"",""tags"":[""signature"",""permissions-required""],""url"":""https://vuldb.com/vuln/376359/cti""},{""name"":""CVE-2026-14769 | CVE Analysis and Report"",""tags"":[""third-party-advisory""],""url"":""https://vuldb.com/cve/CVE-2026-14769""},{""name"":""Submit #849374 | code-projects Real State Services V1.0 SQL Injection"",""tags"":[""third-party-advisory""],""url"":""https://vuldb.com/submit/849374""},{""tags"":[""exploit"",""issue-tracking""],""url"":""https://github.com/6Justdododo6/CVE/issues/28""},{""tags"":[""product""],""url"":""https://code-projects.org/""}],""tags"":[""x_freeware""],""timeline"":[{""lang"":""en"",""time"":""2026-07-05T00:00:00.000Z"",""value"":""Advisory disclosed""},{""lang"":""en"",""time"":""2026-07-05T02:00:00.000Z"",""value"":""VulDB entry created""},{""lang"":""en"",""time"":""2026-07-05T06:04:27.000Z"",""value"":""VulDB entry last update""}],""title"":""code-projects Real State Services pay.php sql injection""}},""cveMetadata"":{""assignerOrgId"":""1af790b2-7ee1-4545-860a-a788eba489b5"",""assignerShortName"":""VulDB"",""cveId"":""CVE-2026-14769"",""datePublished"":""2026-07-05T20:15:07.816Z"",""dateReserved"":""2026-07-05T03:59:20.312Z"",""dateUpdated"":""2026-07-05T20:15:07.816Z"",""state"":""PUBLISHED""},""dataType"":""CVE_RECORD"",""dataVersion"":""5.2""}"
CVE-2026-14768,2026,PUBLISHED,2026-07-05T20:00:17.874Z,2026-07-05T03:59:17.519Z,2026-07-05T20:00:17.874Z,1af790b2-7ee1-4545-860a-a788eba489b5,VulDB,code-projects Real State Services builderHome.php sql injection,A weakness has been identified in code-projects Real State Services 1.0. This vulnerability affects unknown code of the file /builderHome.php. This manipulation of the argument loc causes sql injection. The attack is possible to be carried out remotely. The exploit has been made available to the public and could be used for attacks.,"[{""vendor"":""code-projects"",""product"":""Real State Services"",""defaultStatus"":null,""platforms"":null,""versions"":[{""version"":""1.0"",""status"":""affected"",""lessThan"":null,""lessThanOrEqual"":null,""versionType"":null}]}]",4.0,6.9,MEDIUM,CVSS:4.0/AV:N/AC:L/AT:N/PR:N/UI:N/VC:L/VI:L/VA:L/SC:N/SI:N/SA:N/E:P,CNA,CWE-89,SQL Injection,null,null,null,"[{""url"":""https://vuldb.com/vuln/376358"",""name"":""VDB-376358 | code-projects Real State Services builderHome.php sql injection"",""tags"":[""vdb-entry"",""technical-description""]},{""url"":""https://vuldb.com/vuln/376358/cti"",""name"":""VDB-376358 | CTI Indicators (IOB, IOC, TTP, IOA)"",""tags"":[""signature"",""permissions-required""]},{""url"":""https://vuldb.com/cve/CVE-2026-14768"",""name"":""CVE-2026-14768 | CVE Analysis and Report"",""tags"":[""third-party-advisory""]},{""url"":""https://vuldb.com/submit/849302"",""name"":""Submit #849302 | code-projects Real State Services V1.0 SQL Injection"",""tags"":[""third-party-advisory""]},{""url"":""https://github.com/6Justdododo6/CVE/issues/27"",""name"":null,""tags"":[""exploit"",""issue-tracking""]},{""url"":""https://code-projects.org/"",""name"":null,""tags"":[""product""]}]","{""containers"":{""cna"":{""affected"":[{""cpes"":[""cpe:2.3:a:code-projects:real_state_services:*:*:*:*:*:*:*:*""],""product"":""Real State Services"",""vendor"":""code-projects"",""versions"":[{""status"":""affected"",""version"":""1.0""}]}],""credits"":[{""lang"":""en"",""type"":""reporter"",""value"":""XuYue (VulDB User)""}],""descriptions"":[{""lang"":""en"",""value"":""A weakness has been identified in code-projects Real State Services 1.0. This vulnerability affects unknown code of the file /builderHome.php. This manipulation of the argument loc causes sql injection. The attack is possible to be carried out remotely. The exploit has been made available to the public and could be used for attacks.""}],""metrics"":[{""cvssV4_0"":{""baseScore"":6.9,""baseSeverity"":""MEDIUM"",""vectorString"":""CVSS:4.0/AV:N/AC:L/AT:N/PR:N/UI:N/VC:L/VI:L/VA:L/SC:N/SI:N/SA:N/E:P"",""version"":""4.0""}},{""cvssV3_1"":{""baseScore"":7.3,""baseSeverity"":""HIGH"",""vectorString"":""CVSS:3.1/AV:N/AC:L/PR:N/UI:N/S:U/C:L/I:L/A:L/E:P/RL:X/RC:R"",""version"":""3.1""}},{""cvssV3_0"":{""baseScore"":7.3,""baseSeverity"":""HIGH"",""vectorString"":""CVSS:3.0/AV:N/AC:L/PR:N/UI:N/S:U/C:L/I:L/A:L/E:P/RL:X/RC:R"",""version"":""3.0""}},{""cvssV2_0"":{""baseScore"":7.5,""vectorString"":""AV:N/AC:L/Au:N/C:P/I:P/A:P/E:POC/RL:ND/RC:UR"",""version"":""2.0""}}],""problemTypes"":[{""descriptions"":[{""cweId"":""CWE-89"",""description"":""SQL Injection"",""lang"":""en"",""type"":""CWE""}]},{""descriptions"":[{""cweId"":""CWE-74"",""description"":""Injection"",""lang"":""en"",""type"":""CWE""}]}],""providerMetadata"":{""dateUpdated"":""2026-07-05T20:00:17.874Z"",""orgId"":""1af790b2-7ee1-4545-860a-a788eba489b5"",""shortName"":""VulDB""},""references"":[{""name"":""VDB-376358 | code-projects Real State Services builderHome.php sql injection"",""tags"":[""vdb-entry"",""technical-description""],""url"":""https://vuldb.com/vuln/376358""},{""name"":""VDB-376358 | CTI Indicators (IOB, IOC, TTP, IOA)"",""tags"":[""signature"",""permissions-required""],""url"":""https://vuldb.com/vuln/376358/cti""},{""name"":""CVE-2026-14768 | CVE Analysis and Report"",""tags"":[""third-party-advisory""],""url"":""https://vuldb.com/cve/CVE-2026-14768""},{""name"":""Submit #849302 | code-projects Real State Services V1.0 SQL Injection"",""tags"":[""third-party-advisory""],""url"":""https://vuldb.com/submit/849302""},{""tags"":[""exploit"",""issue-tracking""],""url"":""https://github.com/6Justdododo6/CVE/issues/27""},{""tags"":[""product""],""url"":""https://code-projects.org/""}],""tags"":[""x_freeware""],""timeline"":[{""lang"":""en"",""time"":""2026-07-05T00:00:00.000Z"",""value"":""Advisory disclosed""},{""lang"":""en"",""time"":""2026-07-05T02:00:00.000Z"",""value"":""VulDB entry created""},{""lang"":""en"",""time"":""2026-07-05T06:04:25.000Z"",""value"":""VulDB entry last update""}],""title"":""code-projects Real State Services builderHome.php sql injection""}},""cveMetadata"":{""assignerOrgId"":""1af790b2-7ee1-4545-860a-a788eba489b5"",""assignerShortName"":""VulDB"",""cveId"":""CVE-2026-14768"",""datePublished"":""2026-07-05T20:00:17.874Z"",""dateReserved"":""2026-07-05T03:59:17.519Z"",""dateUpdated"":""2026-07-05T20:00:17.874Z"",""state"":""PUBLISHED""},""dataType"":""CVE_RECORD"",""dataVersion"":""5.2""}"
CVE-2026-14767,2026,PUBLISHED,2026-07-05T19:45:07.150Z,2026-07-05T03:57:33.939Z,2026-07-05T19:45:07.150Z,1af790b2-7ee1-4545-860a-a788eba489b5,VulDB,CodeAstro Ecommerce Website POST Parameter confirm.php sql injection,A security flaw has been discovered in CodeAstro Ecommerce Website 1.0. This affects an unknown part of the file /ecommerce-website-php/customer/confirm.php of the component POST Parameter Handler. The manipulation of the argument invoice_no results in sql injection. The attack can be executed remotely. The exploit has been released to the public and may be used for attacks.,"[{""vendor"":""CodeAstro"",""product"":""Ecommerce Website"",""defaultStatus"":null,""platforms"":null,""versions"":[{""version"":""1.0"",""status"":""affected"",""lessThan"":null,""lessThanOrEqual"":null,""versionType"":null}]}]",4.0,5.3,MEDIUM,CVSS:4.0/AV:N/AC:L/AT:N/PR:L/UI:N/VC:L/VI:L/VA:L/SC:N/SI:N/SA:N/E:P,CNA,CWE-89,SQL Injection,null,null,null,"[{""url"":""https://vuldb.com/vuln/376357"",""name"":""VDB-376357 | CodeAstro Ecommerce Website POST Parameter confirm.php sql injection"",""tags"":[""vdb-entry"",""technical-description""]},{""url"":""https://vuldb.com/vuln/376357/cti"",""name"":""VDB-376357 | CTI Indicators (IOB, IOC, TTP, IOA)"",""tags"":[""signature"",""permissions-required""]},{""url"":""https://vuldb.com/cve/CVE-2026-14767"",""name"":""CVE-2026-14767 | CVE Analysis and Report"",""tags"":[""third-party-advisory""]},{""url"":""https://vuldb.com/submit/850623"",""name"":""Submit #850623 | Codeastro Ecommerce Website V1.0 SQL Injection"",""tags"":[""third-party-advisory""]},{""url"":""https://gist.github.com/menelausx/2222914494e28e7d70f9a35af8fae824"",""name"":null,""tags"":[""exploit""]},{""url"":""https://codeastro.com/"",""name"":null,""tags"":[""product""]}]","{""containers"":{""cna"":{""affected"":[{""cpes"":[""cpe:2.3:a:codeastro:ecommerce_website:*:*:*:*:*:*:*:*""],""modules"":[""POST Parameter Handler""],""product"":""Ecommerce Website"",""vendor"":""CodeAstro"",""versions"":[{""status"":""affected"",""version"":""1.0""}]}],""credits"":[{""lang"":""en"",""type"":""reporter"",""value"":""JasperX (VulDB User)""}],""descriptions"":[{""lang"":""en"",""value"":""A security flaw has been discovered in CodeAstro Ecommerce Website 1.0. This affects an unknown part of the file /ecommerce-website-php/customer/confirm.php of the component POST Parameter Handler. The manipulation of the argument invoice_no results in sql injection. The attack can be executed remotely. The exploit has been released to the public and may be used for attacks.""}],""metrics"":[{""cvssV4_0"":{""baseScore"":5.3,""baseSeverity"":""MEDIUM"",""vectorString"":""CVSS:4.0/AV:N/AC:L/AT:N/PR:L/UI:N/VC:L/VI:L/VA:L/SC:N/SI:N/SA:N/E:P"",""version"":""4.0""}},{""cvssV3_1"":{""baseScore"":6.3,""baseSeverity"":""MEDIUM"",""vectorString"":""CVSS:3.1/AV:N/AC:L/PR:L/UI:N/S:U/C:L/I:L/A:L/E:P/RL:X/RC:R"",""version"":""3.1""}},{""cvssV3_0"":{""baseScore"":6.3,""baseSeverity"":""MEDIUM"",""vectorString"":""CVSS:3.0/AV:N/AC:L/PR:L/UI:N/S:U/C:L/I:L/A:L/E:P/RL:X/RC:R"",""version"":""3.0""}},{""cvssV2_0"":{""baseScore"":6.5,""vectorString"":""AV:N/AC:L/Au:S/C:P/I:P/A:P/E:POC/RL:ND/RC:UR"",""version"":""2.0""}}],""problemTypes"":[{""descriptions"":[{""cweId"":""CWE-89"",""description"":""SQL Injection"",""lang"":""en"",""type"":""CWE""}]},{""descriptions"":[{""cweId"":""CWE-74"",""description"":""Injection"",""lang"":""en"",""type"":""CWE""}]}],""providerMetadata"":{""dateUpdated"":""2026-07-05T19:45:07.150Z"",""orgId"":""1af790b2-7ee1-4545-860a-a788eba489b5"",""shortName"":""VulDB""},""references"":[{""name"":""VDB-376357 | CodeAstro Ecommerce Website POST Parameter confirm.php sql injection"",""tags"":[""vdb-entry"",""technical-description""],""url"":""https://vuldb.com/vuln/376357""},{""name"":""VDB-376357 | CTI Indicators (IOB, IOC, TTP, IOA)"",""tags"":[""signature"",""permissions-required""],""url"":""https://vuldb.com/vuln/376357/cti""},{""name"":""CVE-2026-14767 | CVE Analysis and Report"",""tags"":[""third-party-advisory""],""url"":""https://vuldb.com/cve/CVE-2026-14767""},{""name"":""Submit #850623 | Codeastro Ecommerce Website V1.0 SQL Injection"",""tags"":[""third-party-advisory""],""url"":""https://vuldb.com/submit/850623""},{""tags"":[""exploit""],""url"":""https://gist.github.com/menelausx/2222914494e28e7d70f9a35af8fae824""},{""tags"":[""product""],""url"":""https://codeastro.com/""}],""timeline"":[{""lang"":""en"",""time"":""2026-07-05T00:00:00.000Z"",""value"":""Advisory disclosed""},{""lang"":""en"",""time"":""2026-07-05T02:00:00.000Z"",""value"":""VulDB entry created""},{""lang"":""en"",""time"":""2026-07-05T06:02:37.000Z"",""value"":""VulDB entry last update""}],""title"":""CodeAstro Ecommerce Website POST Parameter confirm.php sql injection""}},""cveMetadata"":{""assignerOrgId"":""1af790b2-7ee1-4545-860a-a788eba489b5"",""assignerShortName"":""VulDB"",""cveId"":""CVE-2026-14767"",""datePublished"":""2026-07-05T19:45:07.150Z"",""dateReserved"":""2026-07-05T03:57:33.939Z"",""dateUpdated"":""2026-07-05T19:45:07.150Z"",""state"":""PUBLISHED""},""dataType"":""CVE_RECORD"",""dataVersion"":""5.2""}"
CVE-2026-14766,2026,PUBLISHED,2026-07-05T18:30:07.923Z,2026-07-05T03:56:36.631Z,2026-07-05T18:30:07.923Z,1af790b2-7ee1-4545-860a-a788eba489b5,VulDB,CodeAstro Apartment Visitor Management System POST Parameter search-result.php sql injection,A vulnerability was identified in CodeAstro Apartment Visitor Management System 1.0. Affected by this issue is some unknown functionality of the file /apartment-visitor/search-result.php of the component POST Parameter Handler. The manipulation of the argument searchdata leads to sql injection. Remote exploitation of the attack is possible. The exploit is publicly available and might be used.,"[{""vendor"":""CodeAstro"",""product"":""Apartment Visitor Management System"",""defaultStatus"":null,""platforms"":null,""versions"":[{""version"":""1.0"",""status"":""affected"",""lessThan"":null,""lessThanOrEqual"":null,""versionType"":null}]}]",4.0,5.3,MEDIUM,CVSS:4.0/AV:N/AC:L/AT:N/PR:L/UI:N/VC:L/VI:L/VA:L/SC:N/SI:N/SA:N/E:P,CNA,CWE-89,SQL Injection,null,null,null,"[{""url"":""https://vuldb.com/vuln/376356"",""name"":""VDB-376356 | CodeAstro Apartment Visitor Management System POST Parameter search-result.php sql injection"",""tags"":[""vdb-entry"",""technical-description""]},{""url"":""https://vuldb.com/vuln/376356/cti"",""name"":""VDB-376356 | CTI Indicators (IOB, IOC, TTP, IOA)"",""tags"":[""signature"",""permissions-required""]},{""url"":""https://vuldb.com/cve/CVE-2026-14766"",""name"":""CVE-2026-14766 | CVE Analysis and Report"",""tags"":[""third-party-advisory""]},{""url"":""https://vuldb.com/submit/850616"",""name"":""Submit #850616 | Codeastro Apartment Visitor Management System V1.0 SQL Injection"",""tags"":[""third-party-advisory""]},{""url"":""https://gist.github.com/menelausx/29aef0a0ab6f289c0f45b379f6d759d7"",""name"":null,""tags"":[""exploit""]},{""url"":""https://codeastro.com/"",""name"":null,""tags"":[""product""]}]","{""containers"":{""cna"":{""affected"":[{""cpes"":[""cpe:2.3:a:codeastro:apartment_visitor_management_system:*:*:*:*:*:*:*:*""],""modules"":[""POST Parameter Handler""],""product"":""Apartment Visitor Management System"",""vendor"":""CodeAstro"",""versions"":[{""status"":""affected"",""version"":""1.0""}]}],""credits"":[{""lang"":""en"",""type"":""reporter"",""value"":""JasperX (VulDB User)""}],""descriptions"":[{""lang"":""en"",""value"":""A vulnerability was identified in CodeAstro Apartment Visitor Management System 1.0. Affected by this issue is some unknown functionality of the file /apartment-visitor/search-result.php of the component POST Parameter Handler. The manipulation of the argument searchdata leads to sql injection. Remote exploitation of the attack is possible. The exploit is publicly available and might be used.""}],""metrics"":[{""cvssV4_0"":{""baseScore"":5.3,""baseSeverity"":""MEDIUM"",""vectorString"":""CVSS:4.0/AV:N/AC:L/AT:N/PR:L/UI:N/VC:L/VI:L/VA:L/SC:N/SI:N/SA:N/E:P"",""version"":""4.0""}},{""cvssV3_1"":{""baseScore"":6.3,""baseSeverity"":""MEDIUM"",""vectorString"":""CVSS:3.1/AV:N/AC:L/PR:L/UI:N/S:U/C:L/I:L/A:L/E:P/RL:X/RC:R"",""version"":""3.1""}},{""cvssV3_0"":{""baseScore"":6.3,""baseSeverity"":""MEDIUM"",""vectorString"":""CVSS:3.0/AV:N/AC:L/PR:L/UI:N/S:U/C:L/I:L/A:L/E:P/RL:X/RC:R"",""version"":""3.0""}},{""cvssV2_0"":{""baseScore"":6.5,""vectorString"":""AV:N/AC:L/Au:S/C:P/I:P/A:P/E:POC/RL:ND/RC:UR"",""version"":""2.0""}}],""problemTypes"":[{""descriptions"":[{""cweId"":""CWE-89"",""description"":""SQL Injection"",""lang"":""en"",""type"":""CWE""}]},{""descriptions"":[{""cweId"":""CWE-74"",""description"":""Injection"",""lang"":""en"",""type"":""CWE""}]}],""providerMetadata"":{""dateUpdated"":""2026-07-05T18:30:07.923Z"",""orgId"":""1af790b2-7ee1-4545-860a-a788eba489b5"",""shortName"":""VulDB""},""references"":[{""name"":""VDB-376356 | CodeAstro Apartment Visitor Management System POST Parameter search-result.php sql injection"",""tags"":[""vdb-entry"",""technical-description""],""url"":""https://vuldb.com/vuln/376356""},{""name"":""VDB-376356 | CTI Indicators (IOB, IOC, TTP, IOA)"",""tags"":[""signature"",""permissions-required""],""url"":""https://vuldb.com/vuln/376356/cti""},{""name"":""CVE-2026-14766 | CVE Analysis and Report"",""tags"":[""third-party-advisory""],""url"":""https://vuldb.com/cve/CVE-2026-14766""},{""name"":""Submit #850616 | Codeastro Apartment Visitor Management System V1.0 SQL Injection"",""tags"":[""third-party-advisory""],""url"":""https://vuldb.com/submit/850616""},{""tags"":[""exploit""],""url"":""https://gist.github.com/menelausx/29aef0a0ab6f289c0f45b379f6d759d7""},{""tags"":[""product""],""url"":""https://codeastro.com/""}],""timeline"":[{""lang"":""en"",""time"":""2026-07-05T00:00:00.000Z"",""value"":""Advisory disclosed""},{""lang"":""en"",""time"":""2026-07-05T02:00:00.000Z"",""value"":""VulDB entry created""},{""lang"":""en"",""time"":""2026-07-05T06:01:42.000Z"",""value"":""VulDB entry last update""}],""title"":""CodeAstro Apartment Visitor Management System POST Parameter search-result.php sql injection""}},""cveMetadata"":{""assignerOrgId"":""1af790b2-7ee1-4545-860a-a788eba489b5"",""assignerShortName"":""VulDB"",""cveId"":""CVE-2026-14766"",""datePublished"":""2026-07-05T18:30:07.923Z"",""dateReserved"":""2026-07-05T03:56:36.631Z"",""dateUpdated"":""2026-07-05T18:30:07.923Z"",""state"":""PUBLISHED""},""dataType"":""CVE_RECORD"",""dataVersion"":""5.2""}"
CVE-2026-59510,2026,PUBLISHED,2026-07-05T17:52:29.429Z,2026-07-05T17:52:20.396Z,2026-07-05T17:52:29.429Z,5a6e4751-2f3f-4070-9419-94fb35b644e8,CIRCL,Authenticated Path Traversal in AIL Framework PDF Object Handling Enables Potential Arbitrary File Read,"AIL Framework contains a path traversal vulnerability in its PDF object handling. Prior to commit 14c618fce4d1df02358717c48ea903706abecdf2, the PDF.get_filepath() function constructed a file path by joining the configured PDF storage directory with a path derived from a PDF object identifier, without verifying that the resolved path remained within the intended PDF_FOLDER directory.

An authenticated attacker able to invoke PDF object operations with a crafted identifier could use relative traversal sequences or absolute path components to cause AIL Framework to open files located outside the PDF storage directory. This could allow disclosure of files readable by the AIL process, including application configuration, credentials, or other sensitive local data. This vulnerability is potential due to additional errors before being able to be executed.

The fix canonicalises the resulting path with os.path.realpath() and rejects paths whose common directory is outside the configured PDF directory.","[{""vendor"":""ail-project"",""product"":""ail-framework"",""defaultStatus"":""unaffected"",""platforms"":[""Linux""],""versions"":[{""version"":""0"",""status"":""affected"",""lessThan"":null,""lessThanOrEqual"":""v6.9.0"",""versionType"":""semver""}]}]",4.0,7.1,HIGH,CVSS:4.0/AV:N/AC:L/AT:N/PR:L/UI:N/VC:H/VI:N/VA:N/SC:L/SI:N/SA:N/U:Clear,CNA,CWE-22,CWE-22 Improper Limitation of a Pathname to a Restricted Directory ('Path Traversal'),null,null,null,"[{""url"":""https://github.com/ail-project/ail-framework/commit/14c618fce4d1df02358717c48ea903706abecdf2.patch"",""name"":null,""tags"":[""patch""]}]","{""containers"":{""cna"":{""affected"":[{""defaultStatus"":""unaffected"",""platforms"":[""Linux""],""product"":""ail-framework"",""repo"":""https://github.com/ail-project/ail-framework0"",""vendor"":""ail-project"",""versions"":[{""lessThanOrEqual"":""v6.9.0"",""status"":""affected"",""version"":""0"",""versionType"":""semver""}]}],""credits"":[{""lang"":""en"",""type"":""finder"",""value"":""Jeroen Pinoy""},{""lang"":""en"",""type"":""remediation developer"",""value"":""Aurelien Thirion""}],""descriptions"":[{""lang"":""en"",""supportingMedia"":[{""base64"":false,""type"":""text/html"",""value"":""<p>AIL Framework contains a path traversal vulnerability in its PDF object handling. Prior to commit <code>14c618fce4d1df02358717c48ea903706abecdf2</code>, the <code>PDF.get_filepath()</code> function constructed a file path by joining the configured PDF storage directory with a path derived from a PDF object identifier, without verifying that the resolved path remained within the intended <code>PDF_FOLDER</code> directory.</p><p>An authenticated attacker able to invoke PDF object operations with a crafted identifier could use relative traversal sequences or absolute path components to cause AIL Framework to open files located outside the PDF storage directory. This could allow disclosure of files readable by the AIL process, including application configuration, credentials, or other sensitive local data. This vulnerability is potential due to additional errors before being able to be executed.</p><p>The fix canonicalises the resulting path with <code>os.path.realpath()</code> and rejects paths whose common directory is outside the configured PDF directory.</p><h2></h2><br>""}],""value"":""AIL Framework contains a path traversal vulnerability in its PDF object handling. Prior to commit 14c618fce4d1df02358717c48ea903706abecdf2, the PDF.get_filepath() function constructed a file path by joining the configured PDF storage directory with a path derived from a PDF object identifier, without verifying that the resolved path remained within the intended PDF_FOLDER directory.\n\nAn authenticated attacker able to invoke PDF object operations with a crafted identifier could use relative traversal sequences or absolute path components to cause AIL Framework to open files located outside the PDF storage directory. This could allow disclosure of files readable by the AIL process, including application configuration, credentials, or other sensitive local data. This vulnerability is potential due to additional errors before being able to be executed.\n\nThe fix canonicalises the resulting path with os.path.realpath() and rejects paths whose common directory is outside the configured PDF directory.""}],""exploits"":[{""lang"":""en"",""supportingMedia"":[{""base64"":false,""type"":""text/html"",""value"":""The exploitation is not possible due to potential bug before being able to reach the vulnerable code.""}],""value"":""The exploitation is not possible due to potential bug before being able to reach the vulnerable code.""}],""impacts"":[{""capecId"":""CAPEC-126"",""descriptions"":[{""lang"":""en"",""value"":""CAPEC-126 Path Traversal""}]}],""metrics"":[{""cvssV4_0"":{""Automatable"":""NOT_DEFINED"",""Recovery"":""NOT_DEFINED"",""Safety"":""NOT_DEFINED"",""attackComplexity"":""LOW"",""attackRequirements"":""NONE"",""attackVector"":""NETWORK"",""baseScore"":7.1,""baseSeverity"":""HIGH"",""privilegesRequired"":""LOW"",""providerUrgency"":""CLEAR"",""subAvailabilityImpact"":""NONE"",""subConfidentialityImpact"":""LOW"",""subIntegrityImpact"":""NONE"",""userInteraction"":""NONE"",""valueDensity"":""NOT_DEFINED"",""vectorString"":""CVSS:4.0/AV:N/AC:L/AT:N/PR:L/UI:N/VC:H/VI:N/VA:N/SC:L/SI:N/SA:N/U:Clear"",""version"":""4.0"",""vulnAvailabilityImpact"":""NONE"",""vulnConfidentialityImpact"":""HIGH"",""vulnIntegrityImpact"":""NONE"",""vulnerabilityResponseEffort"":""NOT_DEFINED""},""format"":""CVSS"",""scenarios"":[{""lang"":""en"",""value"":""GENERAL""}]}],""problemTypes"":[{""descriptions"":[{""cweId"":""CWE-22"",""description"":""CWE-22 Improper Limitation of a Pathname to a Restricted Directory ('Path Traversal')"",""lang"":""en"",""type"":""CWE""}]}],""providerMetadata"":{""dateUpdated"":""2026-07-05T17:52:29.429Z"",""orgId"":""5a6e4751-2f3f-4070-9419-94fb35b644e8"",""shortName"":""CIRCL""},""references"":[{""tags"":[""patch""],""url"":""https://github.com/ail-project/ail-framework/commit/14c618fce4d1df02358717c48ea903706abecdf2.patch""}],""source"":{""discovery"":""UNKNOWN""},""title"":""Authenticated Path Traversal in AIL Framework PDF Object Handling Enables Potential Arbitrary File Read"",""x_generator"":{""engine"":""Vulnogram 0.2.0""}}},""cveMetadata"":{""assignerOrgId"":""5a6e4751-2f3f-4070-9419-94fb35b644e8"",""assignerShortName"":""CIRCL"",""cveId"":""CVE-2026-59510"",""datePublished"":""2026-07-05T17:52:29.429Z"",""dateReserved"":""2026-07-05T17:52:20.396Z"",""dateUpdated"":""2026-07-05T17:52:29.429Z"",""state"":""PUBLISHED""},""dataType"":""CVE_RECORD"",""dataVersion"":""5.2""}"
CVE-2024-40582,2024,PUBLISHED,2024-12-09T00:00:00.000Z,2024-07-05T00:00:00.000Z,2026-07-05T17:41:23.886Z,8254265b-2729-46b6-b9e3-3dfca2d5bfca,mitre,null,Pentaminds CuroVMS v2.0.1 was discovered to contain exposed sensitive information.,"[{""vendor"":""n/a"",""product"":""n/a"",""defaultStatus"":null,""platforms"":null,""versions"":[{""version"":""n/a"",""status"":""affected"",""lessThan"":null,""lessThanOrEqual"":null,""versionType"":null}]}]",3.1,7.5,HIGH,CVSS:3.1/AV:N/AC:L/PR:N/UI:N/S:U/C:H/I:N/A:N,ADP,null,n/a,null,null,null,"[{""url"":""https://medium.com/@vishnuchttrj/exploiting-vms-vulnerabilities-to-access-confidential-data-cve-2024-40582-cve-2024-40583-60d957933b78"",""name"":null,""tags"":null}]","{""containers"":{""adp"":[{""metrics"":[{""cvssV3_1"":{""attackComplexity"":""LOW"",""attackVector"":""NETWORK"",""availabilityImpact"":""NONE"",""baseScore"":7.5,""baseSeverity"":""HIGH"",""confidentialityImpact"":""HIGH"",""integrityImpact"":""NONE"",""privilegesRequired"":""NONE"",""scope"":""UNCHANGED"",""userInteraction"":""NONE"",""vectorString"":""CVSS:3.1/AV:N/AC:L/PR:N/UI:N/S:U/C:H/I:N/A:N"",""version"":""3.1""}},{""other"":{""content"":{""id"":""CVE-2024-40582"",""options"":[{""Exploitation"":""poc""},{""Automatable"":""yes""},{""Technical Impact"":""partial""}],""role"":""CISA Coordinator"",""timestamp"":""2024-12-11T16:04:07.974730Z"",""version"":""2.0.3""},""type"":""ssvc""}}],""problemTypes"":[{""descriptions"":[{""cweId"":""CWE-312"",""description"":""CWE-312 Cleartext Storage of Sensitive Information"",""lang"":""en"",""type"":""CWE""}]}],""providerMetadata"":{""dateUpdated"":""2024-12-11T16:09:03.686Z"",""orgId"":""134c704f-9b21-4f2e-91b3-4a467353bcc0"",""shortName"":""CISA-ADP""},""title"":""CISA ADP Vulnrichment""}],""cna"":{""affected"":[{""product"":""n/a"",""vendor"":""n/a"",""versions"":[{""status"":""affected"",""version"":""n/a""}]}],""descriptions"":[{""lang"":""en"",""value"":""Pentaminds CuroVMS v2.0.1 was discovered to contain exposed sensitive information.""}],""problemTypes"":[{""descriptions"":[{""description"":""n/a"",""lang"":""en"",""type"":""text""}]}],""providerMetadata"":{""dateUpdated"":""2026-07-05T17:41:23.886Z"",""orgId"":""8254265b-2729-46b6-b9e3-3dfca2d5bfca"",""shortName"":""mitre""},""references"":[{""url"":""https://medium.com/@vishnuchttrj/exploiting-vms-vulnerabilities-to-access-confidential-data-cve-2024-40582-cve-2024-40583-60d957933b78""}]}},""cveMetadata"":{""assignerOrgId"":""8254265b-2729-46b6-b9e3-3dfca2d5bfca"",""assignerShortName"":""mitre"",""cveId"":""CVE-2024-40582"",""datePublished"":""2024-12-09T00:00:00.000Z"",""dateReserved"":""2024-07-05T00:00:00.000Z"",""dateUpdated"":""2026-07-05T17:41:23.886Z"",""state"":""PUBLISHED""},""dataType"":""CVE_RECORD"",""dataVersion"":""5.2""}"
CVE-2024-40583,2024,PUBLISHED,2024-12-09T00:00:00.000Z,2024-07-05T00:00:00.000Z,2026-07-05T17:40:44.870Z,8254265b-2729-46b6-b9e3-3dfca2d5bfca,mitre,null,Pentaminds CuroVMS v2.0.1 was discovered to contain exposed credentials.,"[{""vendor"":""n/a"",""product"":""n/a"",""defaultStatus"":null,""platforms"":null,""versions"":[{""version"":""n/a"",""status"":""affected"",""lessThan"":null,""lessThanOrEqual"":null,""versionType"":null}]}]",3.1,9.1,CRITICAL,CVSS:3.1/AV:N/AC:L/PR:N/UI:N/S:U/C:H/I:N/A:H,ADP,null,n/a,null,null,null,"[{""url"":""https://medium.com/@vishnuchttrj/exploiting-vms-vulnerabilities-to-access-confidential-data-cve-2024-40582-cve-2024-40583-60d957933b78"",""name"":null,""tags"":null}]","{""containers"":{""adp"":[{""metrics"":[{""cvssV3_1"":{""attackComplexity"":""LOW"",""attackVector"":""NETWORK"",""availabilityImpact"":""HIGH"",""baseScore"":9.1,""baseSeverity"":""CRITICAL"",""confidentialityImpact"":""HIGH"",""integrityImpact"":""NONE"",""privilegesRequired"":""NONE"",""scope"":""UNCHANGED"",""userInteraction"":""NONE"",""vectorString"":""CVSS:3.1/AV:N/AC:L/PR:N/UI:N/S:U/C:H/I:N/A:H"",""version"":""3.1""}},{""other"":{""content"":{""id"":""CVE-2024-40583"",""options"":[{""Exploitation"":""poc""},{""Automatable"":""yes""},{""Technical Impact"":""partial""}],""role"":""CISA Coordinator"",""timestamp"":""2024-12-11T16:00:16.265846Z"",""version"":""2.0.3""},""type"":""ssvc""}}],""problemTypes"":[{""descriptions"":[{""cweId"":""CWE-522"",""description"":""CWE-522 Insufficiently Protected Credentials"",""lang"":""en"",""type"":""CWE""}]}],""providerMetadata"":{""dateUpdated"":""2024-12-11T16:01:28.634Z"",""orgId"":""134c704f-9b21-4f2e-91b3-4a467353bcc0"",""shortName"":""CISA-ADP""},""title"":""CISA ADP Vulnrichment""}],""cna"":{""affected"":[{""product"":""n/a"",""vendor"":""n/a"",""versions"":[{""status"":""affected"",""version"":""n/a""}]}],""descriptions"":[{""lang"":""en"",""value"":""Pentaminds CuroVMS v2.0.1 was discovered to contain exposed credentials.""}],""problemTypes"":[{""descriptions"":[{""description"":""n/a"",""lang"":""en"",""type"":""text""}]}],""providerMetadata"":{""dateUpdated"":""2026-07-05T17:40:44.870Z"",""orgId"":""8254265b-2729-46b6-b9e3-3dfca2d5bfca"",""shortName"":""mitre""},""references"":[{""url"":""https://medium.com/@vishnuchttrj/exploiting-vms-vulnerabilities-to-access-confidential-data-cve-2024-40582-cve-2024-40583-60d957933b78""}]}},""cveMetadata"":{""assignerOrgId"":""8254265b-2729-46b6-b9e3-3dfca2d5bfca"",""assignerShortName"":""mitre"",""cveId"":""CVE-2024-40583"",""datePublished"":""2024-12-09T00:00:00.000Z"",""dateReserved"":""2024-07-05T00:00:00.000Z"",""dateUpdated"":""2026-07-05T17:40:44.870Z"",""state"":""PUBLISHED""},""dataType"":""CVE_RECORD"",""dataVersion"":""5.2""}"
CVE-2025-44619,2025,PUBLISHED,2025-05-30T00:00:00.000Z,2025-04-22T00:00:00.000Z,2026-07-05T17:01:58.404Z,8254265b-2729-46b6-b9e3-3dfca2d5bfca,mitre,null,"Tinxy WiFi Lock Controller v1 RF was discovered to be configured to transmit on an open Wi-Fi network, allowing attackers to join the network without authentication.","[{""vendor"":""n/a"",""product"":""n/a"",""defaultStatus"":null,""platforms"":null,""versions"":[{""version"":""n/a"",""status"":""affected"",""lessThan"":null,""lessThanOrEqual"":null,""versionType"":null}]}]",3.1,9.1,CRITICAL,CVSS:3.1/AV:N/AC:L/PR:N/UI:N/S:U/C:H/I:H/A:N,ADP,null,n/a,null,null,null,"[{""url"":""https://tinxy.in"",""name"":null,""tags"":null},{""url"":""https://in.linkedin.com/company/kavach-iot-security"",""name"":null,""tags"":null},{""url"":""https://www.youtube.com/@hackthehardware"",""name"":null,""tags"":null}]","{""containers"":{""adp"":[{""metrics"":[{""cvssV3_1"":{""attackComplexity"":""LOW"",""attackVector"":""NETWORK"",""availabilityImpact"":""NONE"",""baseScore"":9.1,""baseSeverity"":""CRITICAL"",""confidentialityImpact"":""HIGH"",""integrityImpact"":""HIGH"",""privilegesRequired"":""NONE"",""scope"":""UNCHANGED"",""userInteraction"":""NONE"",""vectorString"":""CVSS:3.1/AV:N/AC:L/PR:N/UI:N/S:U/C:H/I:H/A:N"",""version"":""3.1""}},{""other"":{""content"":{""id"":""CVE-2025-44619"",""options"":[{""Exploitation"":""none""},{""Automatable"":""yes""},{""Technical Impact"":""total""}],""role"":""CISA Coordinator"",""timestamp"":""2025-05-30T14:41:33.447837Z"",""version"":""2.0.3""},""type"":""ssvc""}}],""problemTypes"":[{""descriptions"":[{""cweId"":""CWE-284"",""description"":""CWE-284 Improper Access Control"",""lang"":""en"",""type"":""CWE""}]}],""providerMetadata"":{""dateUpdated"":""2025-05-30T22:02:07.270Z"",""orgId"":""134c704f-9b21-4f2e-91b3-4a467353bcc0"",""shortName"":""CISA-ADP""},""title"":""CISA ADP Vulnrichment""}],""cna"":{""affected"":[{""product"":""n/a"",""vendor"":""n/a"",""versions"":[{""status"":""affected"",""version"":""n/a""}]}],""descriptions"":[{""lang"":""en"",""value"":""Tinxy WiFi Lock Controller v1 RF was discovered to be configured to transmit on an open Wi-Fi network, allowing attackers to join the network without authentication.""}],""problemTypes"":[{""descriptions"":[{""description"":""n/a"",""lang"":""en"",""type"":""text""}]}],""providerMetadata"":{""dateUpdated"":""2026-07-05T17:01:58.404Z"",""orgId"":""8254265b-2729-46b6-b9e3-3dfca2d5bfca"",""shortName"":""mitre""},""references"":[{""url"":""https://tinxy.in""},{""url"":""https://in.linkedin.com/company/kavach-iot-security""},{""url"":""https://www.youtube.com/@hackthehardware""}]}},""cveMetadata"":{""assignerOrgId"":""8254265b-2729-46b6-b9e3-3dfca2d5bfca"",""assignerShortName"":""mitre"",""cveId"":""CVE-2025-44619"",""datePublished"":""2025-05-30T00:00:00.000Z"",""dateReserved"":""2025-04-22T00:00:00.000Z"",""dateUpdated"":""2026-07-05T17:01:58.404Z"",""state"":""PUBLISHED""},""dataType"":""CVE_RECORD"",""dataVersion"":""5.2""}"
CVE-2023-39809,2023,PUBLISHED,2023-08-21T00:00:00.000Z,2023-08-07T00:00:00.000Z,2026-07-05T16:48:27.998Z,8254265b-2729-46b6-b9e3-3dfca2d5bfca,mitre,null,"N.V.K.INTER CO., LTD. (NVK) iBSG v3.5 was discovered to contain an OS command injection vulnerability via shell metacharacters in the system_hostname parameter at /manage/network-basic.php.","[{""vendor"":""n/a"",""product"":""n/a"",""defaultStatus"":null,""platforms"":null,""versions"":[{""version"":""n/a"",""status"":""affected"",""lessThan"":null,""lessThanOrEqual"":null,""versionType"":null}]}]",3.1,9.8,CRITICAL,CVSS:3.1/AV:N/AC:L/PR:N/UI:N/S:U/C:H/I:H/A:H,ADP,null,n/a,null,null,null,"[{""url"":""https://github.com/maride"",""name"":null,""tags"":null},{""url"":""https://sec.maride.cc/posts/ibsg/"",""name"":null,""tags"":null}]","{""containers"":{""adp"":[{""providerMetadata"":{""dateUpdated"":""2024-08-02T18:18:10.081Z"",""orgId"":""af854a3a-2127-422b-91ae-364da2661108"",""shortName"":""CVE""},""references"":[{""tags"":[""x_transferred""],""url"":""http://ibsg.com""},{""tags"":[""x_transferred""],""url"":""http://nvkinter.com""}],""title"":""CVE Program Container""},{""metrics"":[{""cvssV3_1"":{""attackComplexity"":""LOW"",""attackVector"":""NETWORK"",""availabilityImpact"":""HIGH"",""baseScore"":9.8,""baseSeverity"":""CRITICAL"",""confidentialityImpact"":""HIGH"",""integrityImpact"":""HIGH"",""privilegesRequired"":""NONE"",""scope"":""UNCHANGED"",""userInteraction"":""NONE"",""vectorString"":""CVSS:3.1/AV:N/AC:L/PR:N/UI:N/S:U/C:H/I:H/A:H"",""version"":""3.1""}},{""other"":{""content"":{""id"":""CVE-2023-39809"",""options"":[{""Exploitation"":""none""},{""Automatable"":""yes""},{""Technical Impact"":""total""}],""role"":""CISA Coordinator"",""timestamp"":""2024-10-03T20:33:43.047194Z"",""version"":""2.0.3""},""type"":""ssvc""}}],""problemTypes"":[{""descriptions"":[{""cweId"":""CWE-77"",""description"":""CWE-77 Improper Neutralization of Special Elements used in a Command ('Command Injection')"",""lang"":""en"",""type"":""CWE""}]}],""providerMetadata"":{""dateUpdated"":""2024-10-03T20:34:59.011Z"",""orgId"":""134c704f-9b21-4f2e-91b3-4a467353bcc0"",""shortName"":""CISA-ADP""},""title"":""CISA ADP Vulnrichment""}],""cna"":{""affected"":[{""product"":""n/a"",""vendor"":""n/a"",""versions"":[{""status"":""affected"",""version"":""n/a""}]}],""descriptions"":[{""lang"":""en"",""value"":""N.V.K.INTER CO., LTD. (NVK) iBSG v3.5 was discovered to contain an OS command injection vulnerability via shell metacharacters in the system_hostname parameter at /manage/network-basic.php.""}],""problemTypes"":[{""descriptions"":[{""description"":""n/a"",""lang"":""en"",""type"":""text""}]}],""providerMetadata"":{""dateUpdated"":""2026-07-05T16:48:27.998Z"",""orgId"":""8254265b-2729-46b6-b9e3-3dfca2d5bfca"",""shortName"":""mitre""},""references"":[{""url"":""https://github.com/maride""},{""url"":""https://sec.maride.cc/posts/ibsg/""}]}},""cveMetadata"":{""assignerOrgId"":""8254265b-2729-46b6-b9e3-3dfca2d5bfca"",""assignerShortName"":""mitre"",""cveId"":""CVE-2023-39809"",""datePublished"":""2023-08-21T00:00:00.000Z"",""dateReserved"":""2023-08-07T00:00:00.000Z"",""dateUpdated"":""2026-07-05T16:48:27.998Z"",""state"":""PUBLISHED""},""dataType"":""CVE_RECORD"",""dataVersion"":""5.2""}"
CVE-2023-39808,2023,PUBLISHED,2023-08-21T00:00:00.000Z,2023-08-07T00:00:00.000Z,2026-07-05T16:44:58.665Z,8254265b-2729-46b6-b9e3-3dfca2d5bfca,mitre,null,"N.V.K.INTER CO., LTD. (NVK) iBSG v3.5 was discovered to contain a hardcoded root password that allows attackers to login with root privileges via the SSH service. The cleartext password corresponding to the $1$4Tmm01jl$7HRvcW.bz7uGmX9hiQWvR hash was not determined by the vulnerability discoverer.","[{""vendor"":""n/a"",""product"":""n/a"",""defaultStatus"":null,""platforms"":null,""versions"":[{""version"":""n/a"",""status"":""affected"",""lessThan"":null,""lessThanOrEqual"":null,""versionType"":null}]}]",null,null,null,null,null,null,n/a,none,yes,total,"[{""url"":""https://github.com/maride"",""name"":null,""tags"":null},{""url"":""https://sec.maride.cc/posts/ibsg/"",""name"":null,""tags"":null}]","{""containers"":{""adp"":[{""providerMetadata"":{""dateUpdated"":""2024-08-02T18:18:09.883Z"",""orgId"":""af854a3a-2127-422b-91ae-364da2661108"",""shortName"":""CVE""},""references"":[{""tags"":[""x_transferred""],""url"":""http://ibsg.com""},{""tags"":[""x_transferred""],""url"":""http://nvkinter.com""}],""title"":""CVE Program Container""},{""metrics"":[{""other"":{""content"":{""id"":""CVE-2023-39808"",""options"":[{""Exploitation"":""none""},{""Automatable"":""yes""},{""Technical Impact"":""total""}],""role"":""CISA Coordinator"",""timestamp"":""2024-10-07T15:48:11.189525Z"",""version"":""2.0.3""},""type"":""ssvc""}}],""providerMetadata"":{""dateUpdated"":""2024-10-07T15:49:01.679Z"",""orgId"":""134c704f-9b21-4f2e-91b3-4a467353bcc0"",""shortName"":""CISA-ADP""},""title"":""CISA ADP Vulnrichment""}],""cna"":{""affected"":[{""product"":""n/a"",""vendor"":""n/a"",""versions"":[{""status"":""affected"",""version"":""n/a""}]}],""descriptions"":[{""lang"":""en"",""value"":""N.V.K.INTER CO., LTD. (NVK) iBSG v3.5 was discovered to contain a hardcoded root password that allows attackers to login with root privileges via the SSH service. The cleartext password corresponding to the $1$4Tmm01jl$7HRvcW.bz7uGmX9hiQWvR hash was not determined by the vulnerability discoverer.""}],""problemTypes"":[{""descriptions"":[{""description"":""n/a"",""lang"":""en"",""type"":""text""}]}],""providerMetadata"":{""dateUpdated"":""2026-07-05T16:44:58.665Z"",""orgId"":""8254265b-2729-46b6-b9e3-3dfca2d5bfca"",""shortName"":""mitre""},""references"":[{""url"":""https://github.com/maride""},{""url"":""https://sec.maride.cc/posts/ibsg/""}]}},""cveMetadata"":{""assignerOrgId"":""8254265b-2729-46b6-b9e3-3dfca2d5bfca"",""assignerShortName"":""mitre"",""cveId"":""CVE-2023-39808"",""datePublished"":""2023-08-21T00:00:00.000Z"",""dateReserved"":""2023-08-07T00:00:00.000Z"",""dateUpdated"":""2026-07-05T16:44:58.665Z"",""state"":""PUBLISHED""},""dataType"":""CVE_RECORD"",""dataVersion"":""5.2""}"
CVE-2023-39807,2023,PUBLISHED,2023-08-21T00:00:00.000Z,2023-08-07T00:00:00.000Z,2026-07-05T16:40:27.999Z,8254265b-2729-46b6-b9e3-3dfca2d5bfca,mitre,null,"N.V.K.INTER CO., LTD. (NVK) iBSG v3.5 was discovered to contain a SQL injection vulnerability via the a_passwd parameter at /portal/user-register.php.","[{""vendor"":""n/a"",""product"":""n/a"",""defaultStatus"":null,""platforms"":null,""versions"":[{""version"":""n/a"",""status"":""affected"",""lessThan"":null,""lessThanOrEqual"":null,""versionType"":null}]}]",null,null,null,null,null,null,n/a,none,yes,total,"[{""url"":""https://github.com/maride"",""name"":null,""tags"":null},{""url"":""https://sec.maride.cc/posts/ibsg/"",""name"":null,""tags"":null}]","{""containers"":{""adp"":[{""providerMetadata"":{""dateUpdated"":""2024-08-02T18:18:09.860Z"",""orgId"":""af854a3a-2127-422b-91ae-364da2661108"",""shortName"":""CVE""},""references"":[{""tags"":[""x_transferred""],""url"":""http://ibsg.com""},{""tags"":[""x_transferred""],""url"":""http://nvkinter.com""}],""title"":""CVE Program Container""},{""metrics"":[{""other"":{""content"":{""id"":""CVE-2023-39807"",""options"":[{""Exploitation"":""none""},{""Automatable"":""yes""},{""Technical Impact"":""total""}],""role"":""CISA Coordinator"",""timestamp"":""2024-10-07T15:49:23.823819Z"",""version"":""2.0.3""},""type"":""ssvc""}}],""providerMetadata"":{""dateUpdated"":""2024-10-07T15:49:38.660Z"",""orgId"":""134c704f-9b21-4f2e-91b3-4a467353bcc0"",""shortName"":""CISA-ADP""},""title"":""CISA ADP Vulnrichment""}],""cna"":{""affected"":[{""product"":""n/a"",""vendor"":""n/a"",""versions"":[{""status"":""affected"",""version"":""n/a""}]}],""descriptions"":[{""lang"":""en"",""value"":""N.V.K.INTER CO., LTD. (NVK) iBSG v3.5 was discovered to contain a SQL injection vulnerability via the a_passwd parameter at /portal/user-register.php.""}],""problemTypes"":[{""descriptions"":[{""description"":""n/a"",""lang"":""en"",""type"":""text""}]}],""providerMetadata"":{""dateUpdated"":""2026-07-05T16:40:27.999Z"",""orgId"":""8254265b-2729-46b6-b9e3-3dfca2d5bfca"",""shortName"":""mitre""},""references"":[{""url"":""https://github.com/maride""},{""url"":""https://sec.maride.cc/posts/ibsg/""}]}},""cveMetadata"":{""assignerOrgId"":""8254265b-2729-46b6-b9e3-3dfca2d5bfca"",""assignerShortName"":""mitre"",""cveId"":""CVE-2023-39807"",""datePublished"":""2023-08-21T00:00:00.000Z"",""dateReserved"":""2023-08-07T00:00:00.000Z"",""dateUpdated"":""2026-07-05T16:40:27.999Z"",""state"":""PUBLISHED""},""dataType"":""CVE_RECORD"",""dataVersion"":""5.2""}"
CVE-2026-14764,2026,PUBLISHED,2026-07-05T16:30:07.987Z,2026-07-04T16:28:17.401Z,2026-07-05T16:30:07.987Z,1af790b2-7ee1-4545-860a-a788eba489b5,VulDB,code-projects Hotel and Tourism Reservation Event Management add_event.php sql injection,A vulnerability has been found in code-projects Hotel and Tourism Reservation 1.0. This impacts an unknown function of the file /admin/add_event.php of the component Event Management Page. Such manipulation of the argument fdetails leads to sql injection. The attack can be launched remotely. The exploit has been disclosed to the public and may be used.,"[{""vendor"":""code-projects"",""product"":""Hotel and Tourism Reservation"",""defaultStatus"":null,""platforms"":null,""versions"":[{""version"":""1.0"",""status"":""affected"",""lessThan"":null,""lessThanOrEqual"":null,""versionType"":null}]}]",4.0,6.9,MEDIUM,CVSS:4.0/AV:N/AC:L/AT:N/PR:N/UI:N/VC:L/VI:L/VA:L/SC:N/SI:N/SA:N/E:P,CNA,CWE-89,SQL Injection,null,null,null,"[{""url"":""https://vuldb.com/vuln/376353"",""name"":""VDB-376353 | code-projects Hotel and Tourism Reservation Event Management add_event.php sql injection"",""tags"":[""vdb-entry"",""technical-description""]},{""url"":""https://vuldb.com/vuln/376353/cti"",""name"":""VDB-376353 | CTI Indicators (IOB, IOC, TTP, IOA)"",""tags"":[""signature"",""permissions-required""]},{""url"":""https://vuldb.com/cve/CVE-2026-14764"",""name"":""CVE-2026-14764 | CVE Analysis and Report"",""tags"":[""third-party-advisory""]},{""url"":""https://vuldb.com/submit/850582"",""name"":""Submit #850582 | code-projects.org Hotel and Tourism Reservation In PHP 1.0 SQL Injection"",""tags"":[""third-party-advisory""]},{""url"":""https://raw.githubusercontent.com/anubhavv106/Security-Advisories/refs/heads/main/Hotel-Tourism-Reservation-add_event.php_SQLi.md"",""name"":null,""tags"":[""exploit""]},{""url"":""https://code-projects.org/"",""name"":null,""tags"":[""product""]}]","{""containers"":{""cna"":{""affected"":[{""cpes"":[""cpe:2.3:a:code-projects:hotel_and_tourism_reservation:*:*:*:*:*:*:*:*""],""modules"":[""Event Management Page""],""product"":""Hotel and Tourism Reservation"",""vendor"":""code-projects"",""versions"":[{""status"":""affected"",""version"":""1.0""}]}],""credits"":[{""lang"":""en"",""type"":""reporter"",""value"":""anubhav106 (VulDB User)""}],""descriptions"":[{""lang"":""en"",""value"":""A vulnerability has been found in code-projects Hotel and Tourism Reservation 1.0. This impacts an unknown function of the file /admin/add_event.php of the component Event Management Page. Such manipulation of the argument fdetails leads to sql injection. The attack can be launched remotely. The exploit has been disclosed to the public and may be used.""}],""metrics"":[{""cvssV4_0"":{""baseScore"":6.9,""baseSeverity"":""MEDIUM"",""vectorString"":""CVSS:4.0/AV:N/AC:L/AT:N/PR:N/UI:N/VC:L/VI:L/VA:L/SC:N/SI:N/SA:N/E:P"",""version"":""4.0""}},{""cvssV3_1"":{""baseScore"":7.3,""baseSeverity"":""HIGH"",""vectorString"":""CVSS:3.1/AV:N/AC:L/PR:N/UI:N/S:U/C:L/I:L/A:L/E:P/RL:X/RC:R"",""version"":""3.1""}},{""cvssV3_0"":{""baseScore"":7.3,""baseSeverity"":""HIGH"",""vectorString"":""CVSS:3.0/AV:N/AC:L/PR:N/UI:N/S:U/C:L/I:L/A:L/E:P/RL:X/RC:R"",""version"":""3.0""}},{""cvssV2_0"":{""baseScore"":7.5,""vectorString"":""AV:N/AC:L/Au:N/C:P/I:P/A:P/E:POC/RL:ND/RC:UR"",""version"":""2.0""}}],""problemTypes"":[{""descriptions"":[{""cweId"":""CWE-89"",""description"":""SQL Injection"",""lang"":""en"",""type"":""CWE""}]},{""descriptions"":[{""cweId"":""CWE-74"",""description"":""Injection"",""lang"":""en"",""type"":""CWE""}]}],""providerMetadata"":{""dateUpdated"":""2026-07-05T16:30:07.987Z"",""orgId"":""1af790b2-7ee1-4545-860a-a788eba489b5"",""shortName"":""VulDB""},""references"":[{""name"":""VDB-376353 | code-projects Hotel and Tourism Reservation Event Management add_event.php sql injection"",""tags"":[""vdb-entry"",""technical-description""],""url"":""https://vuldb.com/vuln/376353""},{""name"":""VDB-376353 | CTI Indicators (IOB, IOC, TTP, IOA)"",""tags"":[""signature"",""permissions-required""],""url"":""https://vuldb.com/vuln/376353/cti""},{""name"":""CVE-2026-14764 | CVE Analysis and Report"",""tags"":[""third-party-advisory""],""url"":""https://vuldb.com/cve/CVE-2026-14764""},{""name"":""Submit #850582 | code-projects.org Hotel and Tourism Reservation In PHP 1.0 SQL Injection"",""tags"":[""third-party-advisory""],""url"":""https://vuldb.com/submit/850582""},{""tags"":[""exploit""],""url"":""https://raw.githubusercontent.com/anubhavv106/Security-Advisories/refs/heads/main/Hotel-Tourism-Reservation-add_event.php_SQLi.md""},{""tags"":[""product""],""url"":""https://code-projects.org/""}],""tags"":[""x_freeware""],""timeline"":[{""lang"":""en"",""time"":""2026-07-04T00:00:00.000Z"",""value"":""Advisory disclosed""},{""lang"":""en"",""time"":""2026-07-04T02:00:00.000Z"",""value"":""VulDB entry created""},{""lang"":""en"",""time"":""2026-07-04T18:33:27.000Z"",""value"":""VulDB entry last update""}],""title"":""code-projects Hotel and Tourism Reservation Event Management add_event.php sql injection""}},""cveMetadata"":{""assignerOrgId"":""1af790b2-7ee1-4545-860a-a788eba489b5"",""assignerShortName"":""VulDB"",""cveId"":""CVE-2026-14764"",""datePublished"":""2026-07-05T16:30:07.987Z"",""dateReserved"":""2026-07-04T16:28:17.401Z"",""dateUpdated"":""2026-07-05T16:30:07.987Z"",""state"":""PUBLISHED""},""dataType"":""CVE_RECORD"",""dataVersion"":""5.2""}"
CVE-2021-27821,2021,PUBLISHED,2021-05-25T13:41:33.000Z,2021-03-01T00:00:00.000Z,2026-07-05T16:30:02.514Z,8254265b-2729-46b6-b9e3-3dfca2d5bfca,mitre,null,The Web Interface for OpenWRT LuCI version 19.07 and lower has been discovered to have a cross-site scripting vulnerability.,"[{""vendor"":""n/a"",""product"":""n/a"",""defaultStatus"":null,""platforms"":null,""versions"":[{""version"":""n/a"",""status"":""affected"",""lessThan"":null,""lessThanOrEqual"":null,""versionType"":null}]}]",null,null,null,null,null,null,n/a,null,null,null,"[{""url"":""https://openwrt.org/advisory/start"",""name"":null,""tags"":null},{""url"":""https://openwrt.org/releases/19.07/start"",""name"":null,""tags"":null}]","{""containers"":{""adp"":[{""providerMetadata"":{""dateUpdated"":""2024-08-03T21:33:17.281Z"",""orgId"":""af854a3a-2127-422b-91ae-364da2661108"",""shortName"":""CVE""},""references"":[{""tags"":[""x_refsource_MISC"",""x_transferred""],""url"":""http://openwrt.com""},{""tags"":[""x_refsource_MISC"",""x_transferred""],""url"":""http://openwrtorg.com""}],""title"":""CVE Program Container""}],""cna"":{""affected"":[{""product"":""n/a"",""vendor"":""n/a"",""versions"":[{""status"":""affected"",""version"":""n/a""}]}],""descriptions"":[{""lang"":""en"",""value"":""The Web Interface for OpenWRT LuCI version 19.07 and lower has been discovered to have a cross-site scripting vulnerability.""}],""problemTypes"":[{""descriptions"":[{""description"":""n/a"",""lang"":""en"",""type"":""text""}]}],""providerMetadata"":{""dateUpdated"":""2026-07-05T16:30:02.514Z"",""orgId"":""8254265b-2729-46b6-b9e3-3dfca2d5bfca"",""shortName"":""mitre""},""references"":[{""url"":""https://openwrt.org/advisory/start""},{""url"":""https://openwrt.org/releases/19.07/start""}],""x_legacyV4Record"":{""CVE_data_meta"":{""ASSIGNER"":""cve@mitre.org"",""ID"":""CVE-2021-27821"",""STATE"":""PUBLIC""},""affects"":{""vendor"":{""vendor_data"":[{""product"":{""product_data"":[{""product_name"":""n/a"",""version"":{""version_data"":[{""version_value"":""n/a""}]}}]},""vendor_name"":""n/a""}]}},""data_format"":""MITRE"",""data_type"":""CVE"",""data_version"":""4.0"",""description"":{""description_data"":[{""lang"":""eng"",""value"":""The Web Interface for OpenWRT LuCI version 19.07 and lower has been discovered to have a cross-site scripting vulnerability which can lead to attackers carrying out arbitrary code execution.""}]},""problemtype"":{""problemtype_data"":[{""description"":[{""lang"":""eng"",""value"":""n/a""}]}]},""references"":{""reference_data"":[{""name"":""http://openwrt.com"",""refsource"":""MISC"",""url"":""http://openwrt.com""},{""name"":""http://openwrtorg.com"",""refsource"":""MISC"",""url"":""http://openwrtorg.com""}]}}}},""cveMetadata"":{""assignerOrgId"":""8254265b-2729-46b6-b9e3-3dfca2d5bfca"",""assignerShortName"":""mitre"",""cveId"":""CVE-2021-27821"",""datePublished"":""2021-05-25T13:41:33.000Z"",""dateReserved"":""2021-03-01T00:00:00.000Z"",""dateUpdated"":""2026-07-05T16:30:02.514Z"",""state"":""PUBLISHED""},""dataType"":""CVE_RECORD"",""dataVersion"":""5.2""}"
CVE-2026-36182,2026,PUBLISHED,2026-06-04T00:00:00.000Z,2026-04-06T00:00:00.000Z,2026-07-05T16:17:08.794Z,8254265b-2729-46b6-b9e3-3dfca2d5bfca,mitre,null,"GNCC GP5 v7.1.76 was discovered to utilize a weak hashing algorithm to protect the root password, possibly allowing attackers to obtain root credentials and privileges via a bruteforce attack.","[{""vendor"":""n/a"",""product"":""n/a"",""defaultStatus"":null,""platforms"":null,""versions"":[{""version"":""n/a"",""status"":""affected"",""lessThan"":null,""lessThanOrEqual"":null,""versionType"":null}]}]",3.1,9.8,CRITICAL,CVSS:3.1/AV:N/AC:L/PR:N/UI:N/S:U/C:H/I:H/A:H,ADP,null,n/a,null,null,null,"[{""url"":""https://github.com/BadChemical/IoT-Vulnerability-Research-Public/blob/main/GNCC-GP5-T23/README.md"",""name"":null,""tags"":null}]","{""containers"":{""adp"":[{""metrics"":[{""cvssV3_1"":{""attackComplexity"":""LOW"",""attackVector"":""NETWORK"",""availabilityImpact"":""HIGH"",""baseScore"":9.8,""baseSeverity"":""CRITICAL"",""confidentialityImpact"":""HIGH"",""integrityImpact"":""HIGH"",""privilegesRequired"":""NONE"",""scope"":""UNCHANGED"",""userInteraction"":""NONE"",""vectorString"":""CVSS:3.1/AV:N/AC:L/PR:N/UI:N/S:U/C:H/I:H/A:H"",""version"":""3.1""}},{""other"":{""content"":{""id"":""CVE-2026-36182"",""options"":[{""Exploitation"":""poc""},{""Automatable"":""yes""},{""Technical Impact"":""total""}],""role"":""CISA Coordinator"",""timestamp"":""2026-06-08T14:09:33.419657Z"",""version"":""2.0.3""},""type"":""ssvc""}}],""problemTypes"":[{""descriptions"":[{""cweId"":""CWE-328"",""description"":""CWE-328 Use of Weak Hash"",""lang"":""en"",""type"":""CWE""}]}],""providerMetadata"":{""dateUpdated"":""2026-06-08T14:11:59.431Z"",""orgId"":""134c704f-9b21-4f2e-91b3-4a467353bcc0"",""shortName"":""CISA-ADP""},""references"":[{""tags"":[""exploit""],""url"":""https://github.com/BadChemical/IoT-Vulnerability-Research-Public/blob/main/GNCC-GP5-T23/README.md""}],""title"":""CISA ADP Vulnrichment""}],""cna"":{""affected"":[{""product"":""n/a"",""vendor"":""n/a"",""versions"":[{""status"":""affected"",""version"":""n/a""}]}],""descriptions"":[{""lang"":""en"",""value"":""GNCC GP5 v7.1.76 was discovered to utilize a weak hashing algorithm to protect the root password, possibly allowing attackers to obtain root credentials and privileges via a bruteforce attack.""}],""problemTypes"":[{""descriptions"":[{""description"":""n/a"",""lang"":""en"",""type"":""text""}]}],""providerMetadata"":{""dateUpdated"":""2026-07-05T16:17:08.794Z"",""orgId"":""8254265b-2729-46b6-b9e3-3dfca2d5bfca"",""shortName"":""mitre""},""references"":[{""url"":""https://github.com/BadChemical/IoT-Vulnerability-Research-Public/blob/main/GNCC-GP5-T23/README.md""}]}},""cveMetadata"":{""assignerOrgId"":""8254265b-2729-46b6-b9e3-3dfca2d5bfca"",""assignerShortName"":""mitre"",""cveId"":""CVE-2026-36182"",""datePublished"":""2026-06-04T00:00:00.000Z"",""dateReserved"":""2026-04-06T00:00:00.000Z"",""dateUpdated"":""2026-07-05T16:17:08.794Z"",""state"":""PUBLISHED""},""dataType"":""CVE_RECORD"",""dataVersion"":""5.2""}"
CVE-2026-36180,2026,PUBLISHED,2026-06-04T00:00:00.000Z,2026-04-06T00:00:00.000Z,2026-07-05T16:17:04.874Z,8254265b-2729-46b6-b9e3-3dfca2d5bfca,mitre,null,A lack of runtime integrity in GNCC GP5 v7.1.76 allows physically-proximate attackers to bypass file system read-only protections and modify system files and binaries for the duration of a boot session via a bind-mount attack.,"[{""vendor"":""n/a"",""product"":""n/a"",""defaultStatus"":null,""platforms"":null,""versions"":[{""version"":""n/a"",""status"":""affected"",""lessThan"":null,""lessThanOrEqual"":null,""versionType"":null}]}]",3.1,4.6,MEDIUM,CVSS:3.1/AV:P/AC:L/PR:N/UI:N/S:U/C:N/I:H/A:N,ADP,null,n/a,null,null,null,"[{""url"":""https://github.com/BadChemical/IoT-Vulnerability-Research-Public/blob/main/GNCC-GP5-T23/README.md"",""name"":null,""tags"":null}]","{""containers"":{""adp"":[{""metrics"":[{""cvssV3_1"":{""attackComplexity"":""LOW"",""attackVector"":""PHYSICAL"",""availabilityImpact"":""NONE"",""baseScore"":4.6,""baseSeverity"":""MEDIUM"",""confidentialityImpact"":""NONE"",""integrityImpact"":""HIGH"",""privilegesRequired"":""NONE"",""scope"":""UNCHANGED"",""userInteraction"":""NONE"",""vectorString"":""CVSS:3.1/AV:P/AC:L/PR:N/UI:N/S:U/C:N/I:H/A:N"",""version"":""3.1""}},{""other"":{""content"":{""id"":""CVE-2026-36180"",""options"":[{""Exploitation"":""poc""},{""Automatable"":""no""},{""Technical Impact"":""partial""}],""role"":""CISA Coordinator"",""timestamp"":""2026-06-08T14:07:20.548472Z"",""version"":""2.0.3""},""type"":""ssvc""}}],""problemTypes"":[{""descriptions"":[{""cweId"":""CWE-284"",""description"":""CWE-284 Improper Access Control"",""lang"":""en"",""type"":""CWE""}]}],""providerMetadata"":{""dateUpdated"":""2026-06-08T19:02:46.821Z"",""orgId"":""134c704f-9b21-4f2e-91b3-4a467353bcc0"",""shortName"":""CISA-ADP""},""references"":[{""tags"":[""exploit""],""url"":""https://github.com/BadChemical/IoT-Vulnerability-Research-Public/blob/main/GNCC-GP5-T23/README.md""}],""title"":""CISA ADP Vulnrichment""}],""cna"":{""affected"":[{""product"":""n/a"",""vendor"":""n/a"",""versions"":[{""status"":""affected"",""version"":""n/a""}]}],""descriptions"":[{""lang"":""en"",""value"":""A lack of runtime integrity in GNCC GP5 v7.1.76 allows physically-proximate attackers to bypass file system read-only protections and modify system files and binaries for the duration of a boot session via a bind-mount attack.""}],""problemTypes"":[{""descriptions"":[{""description"":""n/a"",""lang"":""en"",""type"":""text""}]}],""providerMetadata"":{""dateUpdated"":""2026-07-05T16:17:04.874Z"",""orgId"":""8254265b-2729-46b6-b9e3-3dfca2d5bfca"",""shortName"":""mitre""},""references"":[{""url"":""https://github.com/BadChemical/IoT-Vulnerability-Research-Public/blob/main/GNCC-GP5-T23/README.md""}]}},""cveMetadata"":{""assignerOrgId"":""8254265b-2729-46b6-b9e3-3dfca2d5bfca"",""assignerShortName"":""mitre"",""cveId"":""CVE-2026-36180"",""datePublished"":""2026-06-04T00:00:00.000Z"",""dateReserved"":""2026-04-06T00:00:00.000Z"",""dateUpdated"":""2026-07-05T16:17:04.874Z"",""state"":""PUBLISHED""},""dataType"":""CVE_RECORD"",""dataVersion"":""5.2""}"
CVE-2026-36178,2026,PUBLISHED,2026-06-04T00:00:00.000Z,2026-04-06T00:00:00.000Z,2026-07-05T16:16:59.796Z,8254265b-2729-46b6-b9e3-3dfca2d5bfca,mitre,null,"The factory reset functionality in GNCC GP5 v7.1.76 fails to clear sensitive cryptographic material in the JFFS2 configuration partition, possibly allowing attackers to recover and obtain sensitive user data.","[{""vendor"":""n/a"",""product"":""n/a"",""defaultStatus"":null,""platforms"":null,""versions"":[{""version"":""n/a"",""status"":""affected"",""lessThan"":null,""lessThanOrEqual"":null,""versionType"":null}]}]",3.1,4.6,MEDIUM,CVSS:3.1/AV:P/AC:L/PR:N/UI:N/S:U/C:H/I:N/A:N,ADP,null,n/a,null,null,null,"[{""url"":""https://github.com/BadChemical/IoT-Vulnerability-Research-Public/blob/main/GNCC-GP5-T23/README.md"",""name"":null,""tags"":null}]","{""containers"":{""adp"":[{""metrics"":[{""cvssV3_1"":{""attackComplexity"":""LOW"",""attackVector"":""PHYSICAL"",""availabilityImpact"":""NONE"",""baseScore"":4.6,""baseSeverity"":""MEDIUM"",""confidentialityImpact"":""HIGH"",""integrityImpact"":""NONE"",""privilegesRequired"":""NONE"",""scope"":""UNCHANGED"",""userInteraction"":""NONE"",""vectorString"":""CVSS:3.1/AV:P/AC:L/PR:N/UI:N/S:U/C:H/I:N/A:N"",""version"":""3.1""}},{""other"":{""content"":{""id"":""CVE-2026-36178"",""options"":[{""Exploitation"":""poc""},{""Automatable"":""no""},{""Technical Impact"":""partial""}],""role"":""CISA Coordinator"",""timestamp"":""2026-06-04T15:12:30.557445Z"",""version"":""2.0.3""},""type"":""ssvc""}}],""problemTypes"":[{""descriptions"":[{""cweId"":""CWE-212"",""description"":""CWE-212 Improper Removal of Sensitive Information Before Storage or Transfer"",""lang"":""en"",""type"":""CWE""}]}],""providerMetadata"":{""dateUpdated"":""2026-06-04T15:13:15.735Z"",""orgId"":""134c704f-9b21-4f2e-91b3-4a467353bcc0"",""shortName"":""CISA-ADP""},""references"":[{""tags"":[""exploit""],""url"":""https://github.com/BadChemical/IoT-Vulnerability-Research-Public/blob/main/GNCC-GP5-T23/README.md""}],""title"":""CISA ADP Vulnrichment""}],""cna"":{""affected"":[{""product"":""n/a"",""vendor"":""n/a"",""versions"":[{""status"":""affected"",""version"":""n/a""}]}],""descriptions"":[{""lang"":""en"",""value"":""The factory reset functionality in GNCC GP5 v7.1.76 fails to clear sensitive cryptographic material in the JFFS2 configuration partition, possibly allowing attackers to recover and obtain sensitive user data.""}],""problemTypes"":[{""descriptions"":[{""description"":""n/a"",""lang"":""en"",""type"":""text""}]}],""providerMetadata"":{""dateUpdated"":""2026-07-05T16:16:59.796Z"",""orgId"":""8254265b-2729-46b6-b9e3-3dfca2d5bfca"",""shortName"":""mitre""},""references"":[{""url"":""https://github.com/BadChemical/IoT-Vulnerability-Research-Public/blob/main/GNCC-GP5-T23/README.md""}]}},""cveMetadata"":{""assignerOrgId"":""8254265b-2729-46b6-b9e3-3dfca2d5bfca"",""assignerShortName"":""mitre"",""cveId"":""CVE-2026-36178"",""datePublished"":""2026-06-04T00:00:00.000Z"",""dateReserved"":""2026-04-06T00:00:00.000Z"",""dateUpdated"":""2026-07-05T16:16:59.796Z"",""state"":""PUBLISHED""},""dataType"":""CVE_RECORD"",""dataVersion"":""5.2""}"
CVE-2026-36176,2026,PUBLISHED,2026-06-04T00:00:00.000Z,2026-04-06T00:00:00.000Z,2026-07-05T16:16:55.967Z,8254265b-2729-46b6-b9e3-3dfca2d5bfca,mitre,null,GNCC GP5 v7.1.76 was discovered to store pre-signed Backblaze B2 upload URLs (PUT requests) in plaintext to the serial console. This allows physically-proximate attackers to extract these active tokens to perform unauthorized operations via monitoring the serial UART interface.,"[{""vendor"":""n/a"",""product"":""n/a"",""defaultStatus"":null,""platforms"":null,""versions"":[{""version"":""n/a"",""status"":""affected"",""lessThan"":null,""lessThanOrEqual"":null,""versionType"":null}]}]",3.1,7.1,HIGH,CVSS:3.1/AV:P/AC:L/PR:L/UI:N/S:C/C:H/I:H/A:N,ADP,null,n/a,null,null,null,"[{""url"":""https://github.com/BadChemical/IoT-Vulnerability-Research-Public/blob/main/GNCC-GP5-T23/README.md"",""name"":null,""tags"":null}]","{""containers"":{""adp"":[{""metrics"":[{""cvssV3_1"":{""attackComplexity"":""LOW"",""attackVector"":""PHYSICAL"",""availabilityImpact"":""NONE"",""baseScore"":7.1,""baseSeverity"":""HIGH"",""confidentialityImpact"":""HIGH"",""integrityImpact"":""HIGH"",""privilegesRequired"":""LOW"",""scope"":""CHANGED"",""userInteraction"":""NONE"",""vectorString"":""CVSS:3.1/AV:P/AC:L/PR:L/UI:N/S:C/C:H/I:H/A:N"",""version"":""3.1""}},{""other"":{""content"":{""id"":""CVE-2026-36176"",""options"":[{""Exploitation"":""poc""},{""Automatable"":""no""},{""Technical Impact"":""partial""}],""role"":""CISA Coordinator"",""timestamp"":""2026-06-04T15:50:58.324105Z"",""version"":""2.0.3""},""type"":""ssvc""}}],""problemTypes"":[{""descriptions"":[{""cweId"":""CWE-312"",""description"":""CWE-312 Cleartext Storage of Sensitive Information"",""lang"":""en"",""type"":""CWE""}]}],""providerMetadata"":{""dateUpdated"":""2026-06-04T15:52:09.566Z"",""orgId"":""134c704f-9b21-4f2e-91b3-4a467353bcc0"",""shortName"":""CISA-ADP""},""references"":[{""tags"":[""exploit""],""url"":""https://github.com/BadChemical/IoT-Vulnerability-Research-Public/blob/main/GNCC-GP5-T23/README.md""}],""title"":""CISA ADP Vulnrichment""}],""cna"":{""affected"":[{""product"":""n/a"",""vendor"":""n/a"",""versions"":[{""status"":""affected"",""version"":""n/a""}]}],""descriptions"":[{""lang"":""en"",""value"":""GNCC GP5 v7.1.76 was discovered to store pre-signed Backblaze B2 upload URLs (PUT requests) in plaintext to the serial console. This allows physically-proximate attackers to extract these active tokens to perform unauthorized operations via monitoring the serial UART interface.""}],""problemTypes"":[{""descriptions"":[{""description"":""n/a"",""lang"":""en"",""type"":""text""}]}],""providerMetadata"":{""dateUpdated"":""2026-07-05T16:16:55.967Z"",""orgId"":""8254265b-2729-46b6-b9e3-3dfca2d5bfca"",""shortName"":""mitre""},""references"":[{""url"":""https://github.com/BadChemical/IoT-Vulnerability-Research-Public/blob/main/GNCC-GP5-T23/README.md""}]}},""cveMetadata"":{""assignerOrgId"":""8254265b-2729-46b6-b9e3-3dfca2d5bfca"",""assignerShortName"":""mitre"",""cveId"":""CVE-2026-36176"",""datePublished"":""2026-06-04T00:00:00.000Z"",""dateReserved"":""2026-04-06T00:00:00.000Z"",""dateUpdated"":""2026-07-05T16:16:55.967Z"",""state"":""PUBLISHED""},""dataType"":""CVE_RECORD"",""dataVersion"":""5.2""}"
CVE-2026-36175,2026,PUBLISHED,2026-06-04T00:00:00.000Z,2026-04-06T00:00:00.000Z,2026-07-05T16:16:51.868Z,8254265b-2729-46b6-b9e3-3dfca2d5bfca,mitre,null,An issue in the U-Boot component of GNCC GP5 v7.1.76 allows physically-proximate attackers to bypass authentication and gain root access via interrupting the boot sequence and injecting a crafted string into the kernel boot arguments.,"[{""vendor"":""n/a"",""product"":""n/a"",""defaultStatus"":null,""platforms"":null,""versions"":[{""version"":""n/a"",""status"":""affected"",""lessThan"":null,""lessThanOrEqual"":null,""versionType"":null}]}]",3.1,6.8,MEDIUM,CVSS:3.1/AV:P/AC:L/PR:N/UI:N/S:U/C:H/I:H/A:H,ADP,null,n/a,null,null,null,"[{""url"":""https://github.com/BadChemical/IoT-Vulnerability-Research-Public/blob/main/GNCC-GP5-T23/README.md"",""name"":null,""tags"":null}]","{""containers"":{""adp"":[{""metrics"":[{""cvssV3_1"":{""attackComplexity"":""LOW"",""attackVector"":""PHYSICAL"",""availabilityImpact"":""HIGH"",""baseScore"":6.8,""baseSeverity"":""MEDIUM"",""confidentialityImpact"":""HIGH"",""integrityImpact"":""HIGH"",""privilegesRequired"":""NONE"",""scope"":""UNCHANGED"",""userInteraction"":""NONE"",""vectorString"":""CVSS:3.1/AV:P/AC:L/PR:N/UI:N/S:U/C:H/I:H/A:H"",""version"":""3.1""}},{""other"":{""content"":{""id"":""CVE-2026-36175"",""options"":[{""Exploitation"":""poc""},{""Automatable"":""no""},{""Technical Impact"":""total""}],""role"":""CISA Coordinator"",""timestamp"":""2026-06-04T16:05:24.379804Z"",""version"":""2.0.3""},""type"":""ssvc""}}],""problemTypes"":[{""descriptions"":[{""cweId"":""CWE-20"",""description"":""CWE-20 Improper Input Validation"",""lang"":""en"",""type"":""CWE""}]},{""descriptions"":[{""cweId"":""CWE-288"",""description"":""CWE-288 Authentication Bypass Using an Alternate Path or Channel"",""lang"":""en"",""type"":""CWE""}]}],""providerMetadata"":{""dateUpdated"":""2026-06-04T16:06:42.903Z"",""orgId"":""134c704f-9b21-4f2e-91b3-4a467353bcc0"",""shortName"":""CISA-ADP""},""references"":[{""tags"":[""exploit""],""url"":""https://github.com/BadChemical/IoT-Vulnerability-Research-Public/blob/main/GNCC-GP5-T23/README.md""}],""title"":""CISA ADP Vulnrichment""}],""cna"":{""affected"":[{""product"":""n/a"",""vendor"":""n/a"",""versions"":[{""status"":""affected"",""version"":""n/a""}]}],""descriptions"":[{""lang"":""en"",""value"":""An issue in the U-Boot component of GNCC GP5 v7.1.76 allows physically-proximate attackers to bypass authentication and gain root access via interrupting the boot sequence and injecting a crafted string into the kernel boot arguments.""}],""problemTypes"":[{""descriptions"":[{""description"":""n/a"",""lang"":""en"",""type"":""text""}]}],""providerMetadata"":{""dateUpdated"":""2026-07-05T16:16:51.868Z"",""orgId"":""8254265b-2729-46b6-b9e3-3dfca2d5bfca"",""shortName"":""mitre""},""references"":[{""url"":""https://github.com/BadChemical/IoT-Vulnerability-Research-Public/blob/main/GNCC-GP5-T23/README.md""}]}},""cveMetadata"":{""assignerOrgId"":""8254265b-2729-46b6-b9e3-3dfca2d5bfca"",""assignerShortName"":""mitre"",""cveId"":""CVE-2026-36175"",""datePublished"":""2026-06-04T00:00:00.000Z"",""dateReserved"":""2026-04-06T00:00:00.000Z"",""dateUpdated"":""2026-07-05T16:16:51.868Z"",""state"":""PUBLISHED""},""dataType"":""CVE_RECORD"",""dataVersion"":""5.2""}"
CVE-2026-36174,2026,PUBLISHED,2026-06-04T00:00:00.000Z,2026-04-06T00:00:00.000Z,2026-07-05T16:16:48.001Z,8254265b-2729-46b6-b9e3-3dfca2d5bfca,mitre,null,"GNCC GP5 v7.1.76 was discovered to store sensitive wireless network information in plaintext during routine operations to the serial console. This issue allows physically-proximate attackers to obtain sensitive information, including network credentials, via monitoring the serial UART interface.","[{""vendor"":""n/a"",""product"":""n/a"",""defaultStatus"":null,""platforms"":null,""versions"":[{""version"":""n/a"",""status"":""affected"",""lessThan"":null,""lessThanOrEqual"":null,""versionType"":null}]}]",3.1,4.6,MEDIUM,CVSS:3.1/AV:P/AC:L/PR:N/UI:N/S:U/C:H/I:N/A:N,ADP,null,n/a,null,null,null,"[{""url"":""https://github.com/BadChemical/IoT-Vulnerability-Research-Public/blob/main/GNCC-GP5-T23/README.md"",""name"":null,""tags"":null}]","{""containers"":{""adp"":[{""metrics"":[{""cvssV3_1"":{""attackComplexity"":""LOW"",""attackVector"":""PHYSICAL"",""availabilityImpact"":""NONE"",""baseScore"":4.6,""baseSeverity"":""MEDIUM"",""confidentialityImpact"":""HIGH"",""integrityImpact"":""NONE"",""privilegesRequired"":""NONE"",""scope"":""UNCHANGED"",""userInteraction"":""NONE"",""vectorString"":""CVSS:3.1/AV:P/AC:L/PR:N/UI:N/S:U/C:H/I:N/A:N"",""version"":""3.1""}},{""other"":{""content"":{""id"":""CVE-2026-36174"",""options"":[{""Exploitation"":""poc""},{""Automatable"":""no""},{""Technical Impact"":""partial""}],""role"":""CISA Coordinator"",""timestamp"":""2026-06-08T13:59:07.714870Z"",""version"":""2.0.3""},""type"":""ssvc""}}],""problemTypes"":[{""descriptions"":[{""cweId"":""CWE-256"",""description"":""CWE-256 Plaintext Storage of a Password"",""lang"":""en"",""type"":""CWE""}]}],""providerMetadata"":{""dateUpdated"":""2026-06-08T14:00:45.789Z"",""orgId"":""134c704f-9b21-4f2e-91b3-4a467353bcc0"",""shortName"":""CISA-ADP""},""references"":[{""tags"":[""exploit""],""url"":""https://github.com/BadChemical/IoT-Vulnerability-Research-Public/blob/main/GNCC-GP5-T23/README.md""}],""title"":""CISA ADP Vulnrichment""}],""cna"":{""affected"":[{""product"":""n/a"",""vendor"":""n/a"",""versions"":[{""status"":""affected"",""version"":""n/a""}]}],""descriptions"":[{""lang"":""en"",""value"":""GNCC GP5 v7.1.76 was discovered to store sensitive wireless network information in plaintext during routine operations to the serial console. This issue allows physically-proximate attackers to obtain sensitive information, including network credentials, via monitoring the serial UART interface.""}],""problemTypes"":[{""descriptions"":[{""description"":""n/a"",""lang"":""en"",""type"":""text""}]}],""providerMetadata"":{""dateUpdated"":""2026-07-05T16:16:48.001Z"",""orgId"":""8254265b-2729-46b6-b9e3-3dfca2d5bfca"",""shortName"":""mitre""},""references"":[{""url"":""https://github.com/BadChemical/IoT-Vulnerability-Research-Public/blob/main/GNCC-GP5-T23/README.md""}]}},""cveMetadata"":{""assignerOrgId"":""8254265b-2729-46b6-b9e3-3dfca2d5bfca"",""assignerShortName"":""mitre"",""cveId"":""CVE-2026-36174"",""datePublished"":""2026-06-04T00:00:00.000Z"",""dateReserved"":""2026-04-06T00:00:00.000Z"",""dateUpdated"":""2026-07-05T16:16:48.001Z"",""state"":""PUBLISHED""},""dataType"":""CVE_RECORD"",""dataVersion"":""5.2""}"
CVE-2023-24215,2023,PUBLISHED,2026-05-18T00:00:00.000Z,2023-01-23T00:00:00.000Z,2026-07-05T16:16:43.986Z,8254265b-2729-46b6-b9e3-3dfca2d5bfca,mitre,null,Incorrect access control in the /uci/get/ endpoint of NOVUS AirGate 4G firmware v1.1.16 allows unauthenticated attackers to obtain administrator credentials via a crafted POST request.,"[{""vendor"":""n/a"",""product"":""n/a"",""defaultStatus"":null,""platforms"":null,""versions"":[{""version"":""n/a"",""status"":""affected"",""lessThan"":null,""lessThanOrEqual"":null,""versionType"":null}]}]",3.1,9.1,CRITICAL,CVSS:3.1/AV:N/AC:L/PR:N/UI:N/S:U/C:H/I:H/A:N,ADP,null,n/a,null,null,null,"[{""url"":""https://github.com/sql3t0/cve-disclosures/blob/main/00_-_CVE-2023-24215.md"",""name"":null,""tags"":null}]","{""containers"":{""adp"":[{""metrics"":[{""cvssV3_1"":{""attackComplexity"":""LOW"",""attackVector"":""NETWORK"",""availabilityImpact"":""NONE"",""baseScore"":9.1,""baseSeverity"":""CRITICAL"",""confidentialityImpact"":""HIGH"",""integrityImpact"":""HIGH"",""privilegesRequired"":""NONE"",""scope"":""UNCHANGED"",""userInteraction"":""NONE"",""vectorString"":""CVSS:3.1/AV:N/AC:L/PR:N/UI:N/S:U/C:H/I:H/A:N"",""version"":""3.1""}},{""other"":{""content"":{""id"":""CVE-2023-24215"",""options"":[{""Exploitation"":""none""},{""Automatable"":""yes""},{""Technical Impact"":""total""}],""role"":""CISA Coordinator"",""timestamp"":""2026-05-19T12:59:18.632666Z"",""version"":""2.0.3""},""type"":""ssvc""}}],""problemTypes"":[{""descriptions"":[{""cweId"":""CWE-284"",""description"":""CWE-284 Improper Access Control"",""lang"":""en"",""type"":""CWE""}]}],""providerMetadata"":{""dateUpdated"":""2026-05-19T13:42:27.879Z"",""orgId"":""134c704f-9b21-4f2e-91b3-4a467353bcc0"",""shortName"":""CISA-ADP""},""title"":""CISA ADP Vulnrichment""}],""cna"":{""affected"":[{""product"":""n/a"",""vendor"":""n/a"",""versions"":[{""status"":""affected"",""version"":""n/a""}]}],""descriptions"":[{""lang"":""en"",""value"":""Incorrect access control in the /uci/get/ endpoint of NOVUS AirGate 4G firmware v1.1.16 allows unauthenticated attackers to obtain administrator credentials via a crafted POST request.""}],""problemTypes"":[{""descriptions"":[{""description"":""n/a"",""lang"":""en"",""type"":""text""}]}],""providerMetadata"":{""dateUpdated"":""2026-07-05T16:16:43.986Z"",""orgId"":""8254265b-2729-46b6-b9e3-3dfca2d5bfca"",""shortName"":""mitre""},""references"":[{""url"":""https://github.com/sql3t0/cve-disclosures/blob/main/00_-_CVE-2023-24215.md""}]}},""cveMetadata"":{""assignerOrgId"":""8254265b-2729-46b6-b9e3-3dfca2d5bfca"",""assignerShortName"":""mitre"",""cveId"":""CVE-2023-24215"",""datePublished"":""2026-05-18T00:00:00.000Z"",""dateReserved"":""2023-01-23T00:00:00.000Z"",""dateUpdated"":""2026-07-05T16:16:43.986Z"",""state"":""PUBLISHED""},""dataType"":""CVE_RECORD"",""dataVersion"":""5.2""}"
CVE-2025-65857,2025,PUBLISHED,2025-12-22T00:00:00.000Z,2025-11-18T00:00:00.000Z,2026-07-05T16:16:39.750Z,8254265b-2729-46b6-b9e3-3dfca2d5bfca,mitre,null,An issue was discovered in Xiongmai XM530 IP cameras on firmware V5.00.R02.000807D8.10010.346624.S.ONVIF 21.06. The GetStreamUri exposes RTSP URIs containing hardcoded credentials enabling direct unauthorized video stream access.,"[{""vendor"":""n/a"",""product"":""n/a"",""defaultStatus"":null,""platforms"":null,""versions"":[{""version"":""n/a"",""status"":""affected"",""lessThan"":null,""lessThanOrEqual"":null,""versionType"":null}]}]",3.1,7.5,HIGH,CVSS:3.1/AV:N/AC:L/PR:N/UI:N/S:U/C:H/I:N/A:N,ADP,null,n/a,null,null,null,"[{""url"":""https://luismirandaacebedo.github.io/CVE-2025-65857/"",""name"":null,""tags"":null},{""url"":""https://www.xiongmaitech.com/en/index.php/service/notice_info/51/4"",""name"":null,""tags"":null}]","{""containers"":{""adp"":[{""metrics"":[{""cvssV3_1"":{""attackComplexity"":""LOW"",""attackVector"":""NETWORK"",""availabilityImpact"":""NONE"",""baseScore"":7.5,""baseSeverity"":""HIGH"",""confidentialityImpact"":""HIGH"",""integrityImpact"":""NONE"",""privilegesRequired"":""NONE"",""scope"":""UNCHANGED"",""userInteraction"":""NONE"",""vectorString"":""CVSS:3.1/AV:N/AC:L/PR:N/UI:N/S:U/C:H/I:N/A:N"",""version"":""3.1""}},{""other"":{""content"":{""id"":""CVE-2025-65857"",""options"":[{""Exploitation"":""poc""},{""Automatable"":""yes""},{""Technical Impact"":""partial""}],""role"":""CISA Coordinator"",""timestamp"":""2025-12-22T22:00:06.274789Z"",""version"":""2.0.3""},""type"":""ssvc""}}],""problemTypes"":[{""descriptions"":[{""cweId"":""CWE-359"",""description"":""CWE-359 Exposure of Private Personal Information to an Unauthorized Actor"",""lang"":""en"",""type"":""CWE""}]}],""providerMetadata"":{""dateUpdated"":""2025-12-22T22:00:49.449Z"",""orgId"":""134c704f-9b21-4f2e-91b3-4a467353bcc0"",""shortName"":""CISA-ADP""},""title"":""CISA ADP Vulnrichment""}],""cna"":{""affected"":[{""product"":""n/a"",""vendor"":""n/a"",""versions"":[{""status"":""affected"",""version"":""n/a""}]}],""descriptions"":[{""lang"":""en"",""value"":""An issue was discovered in Xiongmai XM530 IP cameras on firmware V5.00.R02.000807D8.10010.346624.S.ONVIF 21.06. The GetStreamUri exposes RTSP URIs containing hardcoded credentials enabling direct unauthorized video stream access.""}],""problemTypes"":[{""descriptions"":[{""description"":""n/a"",""lang"":""en"",""type"":""text""}]}],""providerMetadata"":{""dateUpdated"":""2026-07-05T16:16:39.750Z"",""orgId"":""8254265b-2729-46b6-b9e3-3dfca2d5bfca"",""shortName"":""mitre""},""references"":[{""url"":""https://luismirandaacebedo.github.io/CVE-2025-65857/""},{""url"":""https://www.xiongmaitech.com/en/index.php/service/notice_info/51/4""}]}},""cveMetadata"":{""assignerOrgId"":""8254265b-2729-46b6-b9e3-3dfca2d5bfca"",""assignerShortName"":""mitre"",""cveId"":""CVE-2025-65857"",""datePublished"":""2025-12-22T00:00:00.000Z"",""dateReserved"":""2025-11-18T00:00:00.000Z"",""dateUpdated"":""2026-07-05T16:16:39.750Z"",""state"":""PUBLISHED""},""dataType"":""CVE_RECORD"",""dataVersion"":""5.2""}"
CVE-2026-36356,2026,PUBLISHED,2026-05-05T00:00:00.000Z,2026-04-06T00:00:00.000Z,2026-07-05T16:16:35.278Z,8254265b-2729-46b6-b9e3-3dfca2d5bfca,mitre,null,The GoAhead web server on MeiG Smart FORGE_SLT711 devices (firmware MDM9607.LE.1.0-00110-STD.PROD-1) allows unauthenticated OS command injection via the /action/SetRemoteAccessCfg endpoint.,"[{""vendor"":""n/a"",""product"":""n/a"",""defaultStatus"":null,""platforms"":null,""versions"":[{""version"":""n/a"",""status"":""affected"",""lessThan"":null,""lessThanOrEqual"":null,""versionType"":null}]}]",3.1,9.1,CRITICAL,CVSS:3.1/AV:N/AC:L/PR:N/UI:N/S:U/C:H/I:H/A:N,ADP,null,n/a,null,null,null,"[{""url"":""https://github.com/totekuh/CVE-2026-36356"",""name"":null,""tags"":null}]","{""containers"":{""adp"":[{""metrics"":[{""cvssV3_1"":{""attackComplexity"":""LOW"",""attackVector"":""NETWORK"",""availabilityImpact"":""NONE"",""baseScore"":9.1,""baseSeverity"":""CRITICAL"",""confidentialityImpact"":""HIGH"",""integrityImpact"":""HIGH"",""privilegesRequired"":""NONE"",""scope"":""UNCHANGED"",""userInteraction"":""NONE"",""vectorString"":""CVSS:3.1/AV:N/AC:L/PR:N/UI:N/S:U/C:H/I:H/A:N"",""version"":""3.1""}},{""other"":{""content"":{""id"":""CVE-2026-36356"",""options"":[{""Exploitation"":""poc""},{""Automatable"":""yes""},{""Technical Impact"":""total""}],""role"":""CISA Coordinator"",""timestamp"":""2026-05-05T17:26:26.646592Z"",""version"":""2.0.3""},""type"":""ssvc""}}],""problemTypes"":[{""descriptions"":[{""cweId"":""CWE-78"",""description"":""CWE-78 Improper Neutralization of Special Elements used in an OS Command ('OS Command Injection')"",""lang"":""en"",""type"":""CWE""}]},{""descriptions"":[{""cweId"":""CWE-306"",""description"":""CWE-306 Missing Authentication for Critical Function"",""lang"":""en"",""type"":""CWE""}]}],""providerMetadata"":{""dateUpdated"":""2026-05-05T17:26:31.899Z"",""orgId"":""134c704f-9b21-4f2e-91b3-4a467353bcc0"",""shortName"":""CISA-ADP""},""references"":[{""tags"":[""exploit""],""url"":""https://github.com/totekuh/CVE-2026-36356""}],""title"":""CISA ADP Vulnrichment""}],""cna"":{""affected"":[{""product"":""n/a"",""vendor"":""n/a"",""versions"":[{""status"":""affected"",""version"":""n/a""}]}],""descriptions"":[{""lang"":""en"",""value"":""The GoAhead web server on MeiG Smart FORGE_SLT711 devices (firmware MDM9607.LE.1.0-00110-STD.PROD-1) allows unauthenticated OS command injection via the /action/SetRemoteAccessCfg endpoint.""}],""problemTypes"":[{""descriptions"":[{""description"":""n/a"",""lang"":""en"",""type"":""text""}]}],""providerMetadata"":{""dateUpdated"":""2026-07-05T16:16:35.278Z"",""orgId"":""8254265b-2729-46b6-b9e3-3dfca2d5bfca"",""shortName"":""mitre""},""references"":[{""url"":""https://github.com/totekuh/CVE-2026-36356""}]}},""cveMetadata"":{""assignerOrgId"":""8254265b-2729-46b6-b9e3-3dfca2d5bfca"",""assignerShortName"":""mitre"",""cveId"":""CVE-2026-36356"",""datePublished"":""2026-05-05T00:00:00.000Z"",""dateReserved"":""2026-04-06T00:00:00.000Z"",""dateUpdated"":""2026-07-05T16:16:35.278Z"",""state"":""PUBLISHED""},""dataType"":""CVE_RECORD"",""dataVersion"":""5.2""}"
CVE-2026-36239,2026,PUBLISHED,2026-05-26T00:00:00.000Z,2026-04-06T00:00:00.000Z,2026-07-05T16:16:31.470Z,8254265b-2729-46b6-b9e3-3dfca2d5bfca,mitre,null,PbootCMS v.3.2.11 contains a code injection vulnerability in its site configuration functionality,"[{""vendor"":""n/a"",""product"":""n/a"",""defaultStatus"":null,""platforms"":null,""versions"":[{""version"":""n/a"",""status"":""affected"",""lessThan"":null,""lessThanOrEqual"":null,""versionType"":null}]}]",3.1,4.3,MEDIUM,CVSS:3.1/AV:N/AC:L/PR:H/UI:R/S:U/C:L/I:L/A:L,ADP,null,n/a,null,null,null,"[{""url"":""https://github.com/TazmiDev/CVE-2026-36239"",""name"":null,""tags"":null}]","{""containers"":{""adp"":[{""metrics"":[{""cvssV3_1"":{""attackComplexity"":""LOW"",""attackVector"":""NETWORK"",""availabilityImpact"":""LOW"",""baseScore"":4.3,""baseSeverity"":""MEDIUM"",""confidentialityImpact"":""LOW"",""integrityImpact"":""LOW"",""privilegesRequired"":""HIGH"",""scope"":""UNCHANGED"",""userInteraction"":""REQUIRED"",""vectorString"":""CVSS:3.1/AV:N/AC:L/PR:H/UI:R/S:U/C:L/I:L/A:L"",""version"":""3.1""}},{""other"":{""content"":{""id"":""CVE-2026-36239"",""options"":[{""Exploitation"":""none""},{""Automatable"":""no""},{""Technical Impact"":""partial""}],""role"":""CISA Coordinator"",""timestamp"":""2026-05-27T17:29:29.128239Z"",""version"":""2.0.3""},""type"":""ssvc""}}],""problemTypes"":[{""descriptions"":[{""cweId"":""CWE-79"",""description"":""CWE-79 Improper Neutralization of Input During Web Page Generation ('Cross-site Scripting')"",""lang"":""en"",""type"":""CWE""}]}],""providerMetadata"":{""dateUpdated"":""2026-05-27T17:29:31.620Z"",""orgId"":""134c704f-9b21-4f2e-91b3-4a467353bcc0"",""shortName"":""CISA-ADP""},""title"":""CISA ADP Vulnrichment""}],""cna"":{""affected"":[{""product"":""n/a"",""vendor"":""n/a"",""versions"":[{""status"":""affected"",""version"":""n/a""}]}],""descriptions"":[{""lang"":""en"",""value"":""PbootCMS v.3.2.11 contains a code injection vulnerability in its site configuration functionality""}],""problemTypes"":[{""descriptions"":[{""description"":""n/a"",""lang"":""en"",""type"":""text""}]}],""providerMetadata"":{""dateUpdated"":""2026-07-05T16:16:31.470Z"",""orgId"":""8254265b-2729-46b6-b9e3-3dfca2d5bfca"",""shortName"":""mitre""},""references"":[{""url"":""https://github.com/TazmiDev/CVE-2026-36239""}]}},""cveMetadata"":{""assignerOrgId"":""8254265b-2729-46b6-b9e3-3dfca2d5bfca"",""assignerShortName"":""mitre"",""cveId"":""CVE-2026-36239"",""datePublished"":""2026-05-26T00:00:00.000Z"",""dateReserved"":""2026-04-06T00:00:00.000Z"",""dateUpdated"":""2026-07-05T16:16:31.470Z"",""state"":""PUBLISHED""},""dataType"":""CVE_RECORD"",""dataVersion"":""5.2""}"
CVE-2026-39087,2026,PUBLISHED,2026-04-23T00:00:00.000Z,2026-04-06T00:00:00.000Z,2026-07-05T16:16:27.697Z,8254265b-2729-46b6-b9e3-3dfca2d5bfca,mitre,null,ntfy before 2.22.0 allows SSRF because of an unanchored regular expression for web push endpoint URLs.,"[{""vendor"":""ntfy"",""product"":""ntfy"",""defaultStatus"":""unaffected"",""platforms"":null,""versions"":[{""version"":""0"",""status"":""affected"",""lessThan"":""2.22.0"",""lessThanOrEqual"":null,""versionType"":""semver""}]}]",3.1,6.4,MEDIUM,CVSS:3.1/AV:N/AC:L/PR:L/UI:N/S:C/C:L/I:L/A:N,CNA,CWE-777,CWE-777 Regular Expression without Anchors,null,null,null,"[{""url"":""https://gist.github.com/MightyNawaf/5d41d6e8ead16e217f86b016002ecae5"",""name"":null,""tags"":null},{""url"":""https://github.com/binwiederhier/ntfy/releases/tag/v2.22.0"",""name"":null,""tags"":null},{""url"":""https://ntfy.sh"",""name"":null,""tags"":null}]","{""containers"":{""adp"":[{""metrics"":[{""cvssV3_1"":{""attackComplexity"":""LOW"",""attackVector"":""NETWORK"",""availabilityImpact"":""HIGH"",""baseScore"":9.8,""baseSeverity"":""CRITICAL"",""confidentialityImpact"":""HIGH"",""integrityImpact"":""HIGH"",""privilegesRequired"":""NONE"",""scope"":""UNCHANGED"",""userInteraction"":""NONE"",""vectorString"":""CVSS:3.1/AV:N/AC:L/PR:N/UI:N/S:U/C:H/I:H/A:H"",""version"":""3.1""}},{""other"":{""content"":{""id"":""CVE-2026-39087"",""options"":[{""Exploitation"":""none""},{""Automatable"":""yes""},{""Technical Impact"":""total""}],""role"":""CISA Coordinator"",""timestamp"":""2026-04-23T18:50:01.279347Z"",""version"":""2.0.3""},""type"":""ssvc""}}],""problemTypes"":[{""descriptions"":[{""cweId"":""CWE-94"",""description"":""CWE-94 Improper Control of Generation of Code ('Code Injection')"",""lang"":""en"",""type"":""CWE""}]}],""providerMetadata"":{""dateUpdated"":""2026-04-23T18:58:16.833Z"",""orgId"":""134c704f-9b21-4f2e-91b3-4a467353bcc0"",""shortName"":""CISA-ADP""},""title"":""CISA ADP Vulnrichment""}],""cna"":{""affected"":[{""defaultStatus"":""unaffected"",""product"":""ntfy"",""vendor"":""ntfy"",""versions"":[{""lessThan"":""2.22.0"",""status"":""affected"",""version"":""0"",""versionType"":""semver""}]}],""descriptions"":[{""lang"":""en"",""value"":""ntfy before 2.22.0 allows SSRF because of an unanchored regular expression for web push endpoint URLs.""}],""metrics"":[{""cvssV3_1"":{""attackComplexity"":""LOW"",""attackVector"":""NETWORK"",""availabilityImpact"":""NONE"",""baseScore"":6.4,""baseSeverity"":""MEDIUM"",""confidentialityImpact"":""LOW"",""integrityImpact"":""LOW"",""privilegesRequired"":""LOW"",""scope"":""CHANGED"",""userInteraction"":""NONE"",""vectorString"":""CVSS:3.1/AV:N/AC:L/PR:L/UI:N/S:C/C:L/I:L/A:N"",""version"":""3.1""},""format"":""CVSS"",""scenarios"":[{""lang"":""en"",""value"":""GENERAL""}]}],""problemTypes"":[{""descriptions"":[{""cweId"":""CWE-777"",""description"":""CWE-777 Regular Expression without Anchors"",""lang"":""en"",""type"":""CWE""}]}],""providerMetadata"":{""dateUpdated"":""2026-07-05T16:16:27.697Z"",""orgId"":""8254265b-2729-46b6-b9e3-3dfca2d5bfca"",""shortName"":""mitre""},""references"":[{""url"":""https://gist.github.com/MightyNawaf/5d41d6e8ead16e217f86b016002ecae5""},{""url"":""https://github.com/binwiederhier/ntfy/releases/tag/v2.22.0""},{""url"":""https://ntfy.sh""}],""x_generator"":{""engine"":""enrichogram 0.0.1""}}},""cveMetadata"":{""assignerOrgId"":""8254265b-2729-46b6-b9e3-3dfca2d5bfca"",""assignerShortName"":""mitre"",""cveId"":""CVE-2026-39087"",""datePublished"":""2026-04-23T00:00:00.000Z"",""dateReserved"":""2026-04-06T00:00:00.000Z"",""dateUpdated"":""2026-07-05T16:16:27.697Z"",""state"":""PUBLISHED""},""dataType"":""CVE_RECORD"",""dataVersion"":""5.2""}"
CVE-2026-38931,2026,PUBLISHED,2026-05-27T00:00:00.000Z,2026-04-06T00:00:00.000Z,2026-07-05T16:16:23.203Z,8254265b-2729-46b6-b9e3-3dfca2d5bfca,mitre,null,A stored cross-site scripting (XSS) vulnerability in the /admin/config-module.php component of creatorsofcode simplephp GitHub commit 5184cff (Latest as of 2026-02-27) via injecting a crafted payload.,"[{""vendor"":""n/a"",""product"":""n/a"",""defaultStatus"":null,""platforms"":null,""versions"":[{""version"":""n/a"",""status"":""affected"",""lessThan"":null,""lessThanOrEqual"":null,""versionType"":null}]}]",3.1,5.4,MEDIUM,CVSS:3.1/AV:N/AC:L/PR:L/UI:R/S:C/C:L/I:L/A:N,ADP,null,n/a,null,null,null,"[{""url"":""https://moworn.github.io/post/cve-2026-38931/"",""name"":null,""tags"":null}]","{""containers"":{""adp"":[{""metrics"":[{""cvssV3_1"":{""attackComplexity"":""LOW"",""attackVector"":""NETWORK"",""availabilityImpact"":""NONE"",""baseScore"":5.4,""baseSeverity"":""MEDIUM"",""confidentialityImpact"":""LOW"",""integrityImpact"":""LOW"",""privilegesRequired"":""LOW"",""scope"":""CHANGED"",""userInteraction"":""REQUIRED"",""vectorString"":""CVSS:3.1/AV:N/AC:L/PR:L/UI:R/S:C/C:L/I:L/A:N"",""version"":""3.1""}},{""other"":{""content"":{""id"":""CVE-2026-38931"",""options"":[{""Exploitation"":""poc""},{""Automatable"":""no""},{""Technical Impact"":""partial""}],""role"":""CISA Coordinator"",""timestamp"":""2026-05-27T18:11:13.477713Z"",""version"":""2.0.3""},""type"":""ssvc""}}],""problemTypes"":[{""descriptions"":[{""cweId"":""CWE-79"",""description"":""CWE-79 Improper Neutralization of Input During Web Page Generation ('Cross-site Scripting')"",""lang"":""en"",""type"":""CWE""}]}],""providerMetadata"":{""dateUpdated"":""2026-05-27T18:12:19.522Z"",""orgId"":""134c704f-9b21-4f2e-91b3-4a467353bcc0"",""shortName"":""CISA-ADP""},""references"":[{""tags"":[""exploit""],""url"":""https://moworn.github.io/post/cve-2026-38931/""}],""title"":""CISA ADP Vulnrichment""}],""cna"":{""affected"":[{""product"":""n/a"",""vendor"":""n/a"",""versions"":[{""status"":""affected"",""version"":""n/a""}]}],""descriptions"":[{""lang"":""en"",""value"":""A stored cross-site scripting (XSS) vulnerability in the /admin/config-module.php component of creatorsofcode simplephp GitHub commit 5184cff (Latest as of 2026-02-27) via injecting a crafted payload.""}],""problemTypes"":[{""descriptions"":[{""description"":""n/a"",""lang"":""en"",""type"":""text""}]}],""providerMetadata"":{""dateUpdated"":""2026-07-05T16:16:23.203Z"",""orgId"":""8254265b-2729-46b6-b9e3-3dfca2d5bfca"",""shortName"":""mitre""},""references"":[{""url"":""https://moworn.github.io/post/cve-2026-38931/""}]}},""cveMetadata"":{""assignerOrgId"":""8254265b-2729-46b6-b9e3-3dfca2d5bfca"",""assignerShortName"":""mitre"",""cveId"":""CVE-2026-38931"",""datePublished"":""2026-05-27T00:00:00.000Z"",""dateReserved"":""2026-04-06T00:00:00.000Z"",""dateUpdated"":""2026-07-05T16:16:23.203Z"",""state"":""PUBLISHED""},""dataType"":""CVE_RECORD"",""dataVersion"":""5.2""}"
CVE-2026-38930,2026,PUBLISHED,2026-05-27T00:00:00.000Z,2026-04-06T00:00:00.000Z,2026-07-05T16:16:18.871Z,8254265b-2729-46b6-b9e3-3dfca2d5bfca,mitre,null,OpenRapid RapidCMS v1.3.1 was discovered to contain an authentication bypass in the /template/default/menu.php component. This vulnerability is exploited via injecting a crafted SQL payload into the name cookie parameter.,"[{""vendor"":""n/a"",""product"":""n/a"",""defaultStatus"":null,""platforms"":null,""versions"":[{""version"":""n/a"",""status"":""affected"",""lessThan"":null,""lessThanOrEqual"":null,""versionType"":null}]}]",3.1,6.5,MEDIUM,CVSS:3.1/AV:N/AC:L/PR:N/UI:N/S:U/C:L/I:L/A:N,ADP,null,n/a,null,null,null,"[{""url"":""https://moworn.github.io/post/cve-2026-38930/"",""name"":null,""tags"":null}]","{""containers"":{""adp"":[{""metrics"":[{""cvssV3_1"":{""attackComplexity"":""LOW"",""attackVector"":""NETWORK"",""availabilityImpact"":""NONE"",""baseScore"":6.5,""baseSeverity"":""MEDIUM"",""confidentialityImpact"":""LOW"",""integrityImpact"":""LOW"",""privilegesRequired"":""NONE"",""scope"":""UNCHANGED"",""userInteraction"":""NONE"",""vectorString"":""CVSS:3.1/AV:N/AC:L/PR:N/UI:N/S:U/C:L/I:L/A:N"",""version"":""3.1""}},{""other"":{""content"":{""id"":""CVE-2026-38930"",""options"":[{""Exploitation"":""poc""},{""Automatable"":""yes""},{""Technical Impact"":""partial""}],""role"":""CISA Coordinator"",""timestamp"":""2026-05-28T15:35:40.345095Z"",""version"":""2.0.3""},""type"":""ssvc""}}],""problemTypes"":[{""descriptions"":[{""cweId"":""CWE-89"",""description"":""CWE-89 Improper Neutralization of Special Elements used in an SQL Command ('SQL Injection')"",""lang"":""en"",""type"":""CWE""}]}],""providerMetadata"":{""dateUpdated"":""2026-05-28T15:36:31.833Z"",""orgId"":""134c704f-9b21-4f2e-91b3-4a467353bcc0"",""shortName"":""CISA-ADP""},""references"":[{""tags"":[""exploit""],""url"":""https://moworn.github.io/post/cve-2026-38930/""}],""title"":""CISA ADP Vulnrichment""}],""cna"":{""affected"":[{""product"":""n/a"",""vendor"":""n/a"",""versions"":[{""status"":""affected"",""version"":""n/a""}]}],""descriptions"":[{""lang"":""en"",""value"":""OpenRapid RapidCMS v1.3.1 was discovered to contain an authentication bypass in the /template/default/menu.php component. This vulnerability is exploited via injecting a crafted SQL payload into the name cookie parameter.""}],""problemTypes"":[{""descriptions"":[{""description"":""n/a"",""lang"":""en"",""type"":""text""}]}],""providerMetadata"":{""dateUpdated"":""2026-07-05T16:16:18.871Z"",""orgId"":""8254265b-2729-46b6-b9e3-3dfca2d5bfca"",""shortName"":""mitre""},""references"":[{""url"":""https://moworn.github.io/post/cve-2026-38930/""}]}},""cveMetadata"":{""assignerOrgId"":""8254265b-2729-46b6-b9e3-3dfca2d5bfca"",""assignerShortName"":""mitre"",""cveId"":""CVE-2026-38930"",""datePublished"":""2026-05-27T00:00:00.000Z"",""dateReserved"":""2026-04-06T00:00:00.000Z"",""dateUpdated"":""2026-07-05T16:16:18.871Z"",""state"":""PUBLISHED""},""dataType"":""CVE_RECORD"",""dataVersion"":""5.2""}"
CVE-2025-60889,2025,PUBLISHED,2026-04-28T00:00:00.000Z,2025-09-26T00:00:00.000Z,2026-07-05T16:16:14.100Z,8254265b-2729-46b6-b9e3-3dfca2d5bfca,mitre,null,Insecure deserialization of untrusted input in StellarGroup HPX 1.11.0 under certain conditions may allow attackers to execute arbitrary code or other unspecified impacts.,"[{""vendor"":""n/a"",""product"":""n/a"",""defaultStatus"":null,""platforms"":null,""versions"":[{""version"":""n/a"",""status"":""affected"",""lessThan"":null,""lessThanOrEqual"":null,""versionType"":null}]}]",3.1,9.8,CRITICAL,CVSS:3.1/AV:N/AC:L/PR:N/UI:N/S:U/C:H/I:H/A:H,ADP,null,n/a,null,null,null,"[{""url"":""https://gist.github.com/TrebledJ/b32fd5c469583493ab50244045c9a6e4"",""name"":null,""tags"":null}]","{""containers"":{""adp"":[{""metrics"":[{""cvssV3_1"":{""attackComplexity"":""LOW"",""attackVector"":""NETWORK"",""availabilityImpact"":""HIGH"",""baseScore"":9.8,""baseSeverity"":""CRITICAL"",""confidentialityImpact"":""HIGH"",""integrityImpact"":""HIGH"",""privilegesRequired"":""NONE"",""scope"":""UNCHANGED"",""userInteraction"":""NONE"",""vectorString"":""CVSS:3.1/AV:N/AC:L/PR:N/UI:N/S:U/C:H/I:H/A:H"",""version"":""3.1""}},{""other"":{""content"":{""id"":""CVE-2025-60889"",""options"":[{""Exploitation"":""poc""},{""Automatable"":""yes""},{""Technical Impact"":""total""}],""role"":""CISA Coordinator"",""timestamp"":""2026-04-30T12:26:39.190382Z"",""version"":""2.0.3""},""type"":""ssvc""}}],""problemTypes"":[{""descriptions"":[{""cweId"":""CWE-502"",""description"":""CWE-502 Deserialization of Untrusted Data"",""lang"":""en"",""type"":""CWE""}]}],""providerMetadata"":{""dateUpdated"":""2026-04-30T15:22:55.199Z"",""orgId"":""134c704f-9b21-4f2e-91b3-4a467353bcc0"",""shortName"":""CISA-ADP""},""references"":[{""tags"":[""exploit""],""url"":""https://gist.github.com/TrebledJ/b32fd5c469583493ab50244045c9a6e4""}],""title"":""CISA ADP Vulnrichment""}],""cna"":{""affected"":[{""product"":""n/a"",""vendor"":""n/a"",""versions"":[{""status"":""affected"",""version"":""n/a""}]}],""descriptions"":[{""lang"":""en"",""value"":""Insecure deserialization of untrusted input in StellarGroup HPX 1.11.0 under certain conditions may allow attackers to execute arbitrary code or other unspecified impacts.""}],""problemTypes"":[{""descriptions"":[{""description"":""n/a"",""lang"":""en"",""type"":""text""}]}],""providerMetadata"":{""dateUpdated"":""2026-07-05T16:16:14.100Z"",""orgId"":""8254265b-2729-46b6-b9e3-3dfca2d5bfca"",""shortName"":""mitre""},""references"":[{""url"":""https://gist.github.com/TrebledJ/b32fd5c469583493ab50244045c9a6e4""}]}},""cveMetadata"":{""assignerOrgId"":""8254265b-2729-46b6-b9e3-3dfca2d5bfca"",""assignerShortName"":""mitre"",""cveId"":""CVE-2025-60889"",""datePublished"":""2026-04-28T00:00:00.000Z"",""dateReserved"":""2025-09-26T00:00:00.000Z"",""dateUpdated"":""2026-07-05T16:16:14.100Z"",""state"":""PUBLISHED""},""dataType"":""CVE_RECORD"",""dataVersion"":""5.2""}"
CVE-2025-63743,2025,PUBLISHED,2026-04-13T00:00:00.000Z,2025-10-27T00:00:00.000Z,2026-07-05T16:16:10.291Z,8254265b-2729-46b6-b9e3-3dfca2d5bfca,mitre,null,"Cross-Site Scripting vulnerability in the Snipe-IT web-based asset management system v8.3.0 to up and including v8.3.1 allows authenticated attacker with lowest privileges sufficient only to log in, to inject arbitrary JavaScript code via ""Name"" and ""Surname"" fields. The JavaScript code is executed whenever ""Activity Report"" or modified profile is viewed directly by any user with sufficient permissions. Successful exploitation of this issue requires that the profile's ""Display Name"" is not set. The vulnerability is fixed in v8.3.2.","[{""vendor"":""n/a"",""product"":""n/a"",""defaultStatus"":null,""platforms"":null,""versions"":[{""version"":""n/a"",""status"":""affected"",""lessThan"":null,""lessThanOrEqual"":null,""versionType"":null}]}]",3.1,5.4,MEDIUM,CVSS:3.1/AV:N/AC:L/PR:L/UI:N/S:U/C:L/I:L/A:N,ADP,null,n/a,null,null,null,"[{""url"":""https://github.com/grokability/snipe-it/commit/b6d397bcca4e8a05176b782de769d7160058bfc4#diff-7fe056d76c09808dac923c4639161d587c3fff281a01122f3e10c4a781674a65"",""name"":null,""tags"":null},{""url"":""https://github.com/mikust/CVEs/tree/main/CVE-2025-63743"",""name"":null,""tags"":null}]","{""containers"":{""adp"":[{""metrics"":[{""cvssV3_1"":{""attackComplexity"":""LOW"",""attackVector"":""NETWORK"",""availabilityImpact"":""NONE"",""baseScore"":5.4,""baseSeverity"":""MEDIUM"",""confidentialityImpact"":""LOW"",""integrityImpact"":""LOW"",""privilegesRequired"":""LOW"",""scope"":""UNCHANGED"",""userInteraction"":""NONE"",""vectorString"":""CVSS:3.1/AV:N/AC:L/PR:L/UI:N/S:U/C:L/I:L/A:N"",""version"":""3.1""}},{""other"":{""content"":{""id"":""CVE-2025-63743"",""options"":[{""Exploitation"":""none""},{""Automatable"":""no""},{""Technical Impact"":""partial""}],""role"":""CISA Coordinator"",""timestamp"":""2026-04-14T14:41:20.227228Z"",""version"":""2.0.3""},""type"":""ssvc""}}],""problemTypes"":[{""descriptions"":[{""cweId"":""CWE-79"",""description"":""CWE-79 Improper Neutralization of Input During Web Page Generation ('Cross-site Scripting')"",""lang"":""en"",""type"":""CWE""}]}],""providerMetadata"":{""dateUpdated"":""2026-04-14T14:41:41.195Z"",""orgId"":""134c704f-9b21-4f2e-91b3-4a467353bcc0"",""shortName"":""CISA-ADP""},""title"":""CISA ADP Vulnrichment""}],""cna"":{""affected"":[{""product"":""n/a"",""vendor"":""n/a"",""versions"":[{""status"":""affected"",""version"":""n/a""}]}],""descriptions"":[{""lang"":""en"",""value"":""Cross-Site Scripting vulnerability in the Snipe-IT web-based asset management system v8.3.0 to up and including v8.3.1 allows authenticated attacker with lowest privileges sufficient only to log in, to inject arbitrary JavaScript code via \""Name\"" and \""Surname\"" fields. The JavaScript code is executed whenever \""Activity Report\"" or modified profile is viewed directly by any user with sufficient permissions. Successful exploitation of this issue requires that the profile's \""Display Name\"" is not set. The vulnerability is fixed in v8.3.2.""}],""problemTypes"":[{""descriptions"":[{""description"":""n/a"",""lang"":""en"",""type"":""text""}]}],""providerMetadata"":{""dateUpdated"":""2026-07-05T16:16:10.291Z"",""orgId"":""8254265b-2729-46b6-b9e3-3dfca2d5bfca"",""shortName"":""mitre""},""references"":[{""url"":""https://github.com/grokability/snipe-it/commit/b6d397bcca4e8a05176b782de769d7160058bfc4#diff-7fe056d76c09808dac923c4639161d587c3fff281a01122f3e10c4a781674a65""},{""url"":""https://github.com/mikust/CVEs/tree/main/CVE-2025-63743""}]}},""cveMetadata"":{""assignerOrgId"":""8254265b-2729-46b6-b9e3-3dfca2d5bfca"",""assignerShortName"":""mitre"",""cveId"":""CVE-2025-63743"",""datePublished"":""2026-04-13T00:00:00.000Z"",""dateReserved"":""2025-10-27T00:00:00.000Z"",""dateUpdated"":""2026-07-05T16:16:10.291Z"",""state"":""PUBLISHED""},""dataType"":""CVE_RECORD"",""dataVersion"":""5.2""}"
CVE-2026-30462,2026,PUBLISHED,2026-04-27T00:00:00.000Z,2026-03-04T00:00:00.000Z,2026-07-05T16:16:05.850Z,8254265b-2729-46b6-b9e3-3dfca2d5bfca,mitre,null,A path traversal vulnerability in the Blocks module of Daylight Studio FuelCMS v1.5.2 allows attackers to execute a directory traversal.,"[{""vendor"":""n/a"",""product"":""n/a"",""defaultStatus"":null,""platforms"":null,""versions"":[{""version"":""n/a"",""status"":""affected"",""lessThan"":null,""lessThanOrEqual"":null,""versionType"":null}]}]",3.1,4.3,MEDIUM,CVSS:3.1/AV:N/AC:L/PR:L/UI:N/S:U/C:L/I:N/A:N,ADP,null,n/a,null,null,null,"[{""url"":""https://github.com/daylightstudio/FUEL-CMS/blob/master/fuel/modules/fuel/controllers/Blocks.php"",""name"":null,""tags"":null},{""url"":""https://pentest-tools.com/PTT-2025-031-Sensitive-File-Read-via-Path-Traversal.pdf"",""name"":null,""tags"":null}]","{""containers"":{""adp"":[{""metrics"":[{""cvssV3_1"":{""attackComplexity"":""LOW"",""attackVector"":""NETWORK"",""availabilityImpact"":""NONE"",""baseScore"":4.3,""baseSeverity"":""MEDIUM"",""confidentialityImpact"":""LOW"",""integrityImpact"":""NONE"",""privilegesRequired"":""LOW"",""scope"":""UNCHANGED"",""userInteraction"":""NONE"",""vectorString"":""CVSS:3.1/AV:N/AC:L/PR:L/UI:N/S:U/C:L/I:N/A:N"",""version"":""3.1""}},{""other"":{""content"":{""id"":""CVE-2026-30462"",""options"":[{""Exploitation"":""poc""},{""Automatable"":""no""},{""Technical Impact"":""partial""}],""role"":""CISA Coordinator"",""timestamp"":""2026-04-27T17:50:28.305045Z"",""version"":""2.0.3""},""type"":""ssvc""}}],""problemTypes"":[{""descriptions"":[{""cweId"":""CWE-22"",""description"":""CWE-22 Improper Limitation of a Pathname to a Restricted Directory ('Path Traversal')"",""lang"":""en"",""type"":""CWE""}]}],""providerMetadata"":{""dateUpdated"":""2026-04-27T17:50:32.803Z"",""orgId"":""134c704f-9b21-4f2e-91b3-4a467353bcc0"",""shortName"":""CISA-ADP""},""references"":[{""tags"":[""exploit""],""url"":""https://pentest-tools.com/PTT-2025-031-Sensitive-File-Read-via-Path-Traversal.pdf""}],""title"":""CISA ADP Vulnrichment""}],""cna"":{""affected"":[{""product"":""n/a"",""vendor"":""n/a"",""versions"":[{""status"":""affected"",""version"":""n/a""}]}],""descriptions"":[{""lang"":""en"",""value"":""A path traversal vulnerability in the Blocks module of Daylight Studio FuelCMS v1.5.2 allows attackers to execute a directory traversal.""}],""problemTypes"":[{""descriptions"":[{""description"":""n/a"",""lang"":""en"",""type"":""text""}]}],""providerMetadata"":{""dateUpdated"":""2026-07-05T16:16:05.850Z"",""orgId"":""8254265b-2729-46b6-b9e3-3dfca2d5bfca"",""shortName"":""mitre""},""references"":[{""url"":""https://github.com/daylightstudio/FUEL-CMS/blob/master/fuel/modules/fuel/controllers/Blocks.php""},{""url"":""https://pentest-tools.com/PTT-2025-031-Sensitive-File-Read-via-Path-Traversal.pdf""}]}},""cveMetadata"":{""assignerOrgId"":""8254265b-2729-46b6-b9e3-3dfca2d5bfca"",""assignerShortName"":""mitre"",""cveId"":""CVE-2026-30462"",""datePublished"":""2026-04-27T00:00:00.000Z"",""dateReserved"":""2026-03-04T00:00:00.000Z"",""dateUpdated"":""2026-07-05T16:16:05.850Z"",""state"":""PUBLISHED""},""dataType"":""CVE_RECORD"",""dataVersion"":""5.2""}"
CVE-2026-30461,2026,PUBLISHED,2026-04-15T00:00:00.000Z,2026-03-04T00:00:00.000Z,2026-07-05T16:15:58.488Z,8254265b-2729-46b6-b9e3-3dfca2d5bfca,mitre,null,Daylight Studio FuelCMS v1.5.2 was discovered to contain an authenticated remote code execution (RCE) vulnerability via the /controllers/Installer.php and the function add_git_submodule.,"[{""vendor"":""n/a"",""product"":""n/a"",""defaultStatus"":null,""platforms"":null,""versions"":[{""version"":""n/a"",""status"":""affected"",""lessThan"":null,""lessThanOrEqual"":null,""versionType"":null}]}]",3.1,8.3,HIGH,CVSS:3.1/AV:N/AC:L/PR:L/UI:N/S:U/C:H/I:H/A:L,ADP,null,n/a,null,null,null,"[{""url"":""https://github.com/daylightstudio/FUEL-CMS/blob/master/fuel/modules/fuel/controllers/Installer.php"",""name"":null,""tags"":null},{""url"":""https://pentest-tools.com/PTT-2025-028-Authenticated-RCE-via-Git-Submodules.pdf"",""name"":null,""tags"":null}]","{""containers"":{""adp"":[{""metrics"":[{""cvssV3_1"":{""attackComplexity"":""LOW"",""attackVector"":""NETWORK"",""availabilityImpact"":""LOW"",""baseScore"":8.3,""baseSeverity"":""HIGH"",""confidentialityImpact"":""HIGH"",""integrityImpact"":""HIGH"",""privilegesRequired"":""LOW"",""scope"":""UNCHANGED"",""userInteraction"":""NONE"",""vectorString"":""CVSS:3.1/AV:N/AC:L/PR:L/UI:N/S:U/C:H/I:H/A:L"",""version"":""3.1""}},{""other"":{""content"":{""id"":""CVE-2026-30461"",""options"":[{""Exploitation"":""poc""},{""Automatable"":""no""},{""Technical Impact"":""total""}],""role"":""CISA Coordinator"",""timestamp"":""2026-04-16T14:01:28.990290Z"",""version"":""2.0.3""},""type"":""ssvc""}}],""problemTypes"":[{""descriptions"":[{""cweId"":""CWE-77"",""description"":""CWE-77 Improper Neutralization of Special Elements used in a Command ('Command Injection')"",""lang"":""en"",""type"":""CWE""}]}],""providerMetadata"":{""dateUpdated"":""2026-04-16T14:02:08.595Z"",""orgId"":""134c704f-9b21-4f2e-91b3-4a467353bcc0"",""shortName"":""CISA-ADP""},""title"":""CISA ADP Vulnrichment""}],""cna"":{""affected"":[{""product"":""n/a"",""vendor"":""n/a"",""versions"":[{""status"":""affected"",""version"":""n/a""}]}],""descriptions"":[{""lang"":""en"",""value"":""Daylight Studio FuelCMS v1.5.2 was discovered to contain an authenticated remote code execution (RCE) vulnerability via the /controllers/Installer.php and the function add_git_submodule.""}],""problemTypes"":[{""descriptions"":[{""description"":""n/a"",""lang"":""en"",""type"":""text""}]}],""providerMetadata"":{""dateUpdated"":""2026-07-05T16:15:58.488Z"",""orgId"":""8254265b-2729-46b6-b9e3-3dfca2d5bfca"",""shortName"":""mitre""},""references"":[{""url"":""https://github.com/daylightstudio/FUEL-CMS/blob/master/fuel/modules/fuel/controllers/Installer.php""},{""url"":""https://pentest-tools.com/PTT-2025-028-Authenticated-RCE-via-Git-Submodules.pdf""}]}},""cveMetadata"":{""assignerOrgId"":""8254265b-2729-46b6-b9e3-3dfca2d5bfca"",""assignerShortName"":""mitre"",""cveId"":""CVE-2026-30461"",""datePublished"":""2026-04-15T00:00:00.000Z"",""dateReserved"":""2026-03-04T00:00:00.000Z"",""dateUpdated"":""2026-07-05T16:15:58.488Z"",""state"":""PUBLISHED""},""dataType"":""CVE_RECORD"",""dataVersion"":""5.2""}"
CVE-2026-30460,2026,PUBLISHED,2026-04-07T00:00:00.000Z,2026-03-04T00:00:00.000Z,2026-07-05T16:15:54.573Z,8254265b-2729-46b6-b9e3-3dfca2d5bfca,mitre,null,Daylight Studio FuelCMS v1.5.2 was discovered to contain an authenticated remote code execution (RCE) vulnerability in the Blocks module.,"[{""vendor"":""n/a"",""product"":""n/a"",""defaultStatus"":null,""platforms"":null,""versions"":[{""version"":""n/a"",""status"":""affected"",""lessThan"":null,""lessThanOrEqual"":null,""versionType"":null}]}]",3.1,8.8,HIGH,CVSS:3.1/AV:N/AC:L/PR:L/UI:N/S:U/C:H/I:H/A:H,ADP,null,n/a,null,null,null,"[{""url"":""https://github.com/daylightstudio/FUEL-CMS/"",""name"":null,""tags"":null},{""url"":""https://pentest-tools.com/PTT-2025-027-Improper-Authorization.pdf"",""name"":null,""tags"":null}]","{""containers"":{""adp"":[{""metrics"":[{""cvssV3_1"":{""attackComplexity"":""LOW"",""attackVector"":""NETWORK"",""availabilityImpact"":""HIGH"",""baseScore"":8.8,""baseSeverity"":""HIGH"",""confidentialityImpact"":""HIGH"",""integrityImpact"":""HIGH"",""privilegesRequired"":""LOW"",""scope"":""UNCHANGED"",""userInteraction"":""NONE"",""vectorString"":""CVSS:3.1/AV:N/AC:L/PR:L/UI:N/S:U/C:H/I:H/A:H"",""version"":""3.1""}},{""other"":{""content"":{""id"":""CVE-2026-30460"",""options"":[{""Exploitation"":""poc""},{""Automatable"":""no""},{""Technical Impact"":""total""}],""role"":""CISA Coordinator"",""timestamp"":""2026-04-09T18:07:56.714414Z"",""version"":""2.0.3""},""type"":""ssvc""}}],""problemTypes"":[{""descriptions"":[{""cweId"":""CWE-94"",""description"":""CWE-94 Improper Control of Generation of Code ('Code Injection')"",""lang"":""en"",""type"":""CWE""}]}],""providerMetadata"":{""dateUpdated"":""2026-04-09T20:15:50.776Z"",""orgId"":""134c704f-9b21-4f2e-91b3-4a467353bcc0"",""shortName"":""CISA-ADP""},""references"":[{""tags"":[""exploit""],""url"":""https://pentest-tools.com/PTT-2025-027-Improper-Authorization.pdf""}],""title"":""CISA ADP Vulnrichment""}],""cna"":{""affected"":[{""product"":""n/a"",""vendor"":""n/a"",""versions"":[{""status"":""affected"",""version"":""n/a""}]}],""descriptions"":[{""lang"":""en"",""value"":""Daylight Studio FuelCMS v1.5.2 was discovered to contain an authenticated remote code execution (RCE) vulnerability in the Blocks module.""}],""problemTypes"":[{""descriptions"":[{""description"":""n/a"",""lang"":""en"",""type"":""text""}]}],""providerMetadata"":{""dateUpdated"":""2026-07-05T16:15:54.573Z"",""orgId"":""8254265b-2729-46b6-b9e3-3dfca2d5bfca"",""shortName"":""mitre""},""references"":[{""url"":""https://github.com/daylightstudio/FUEL-CMS/""},{""url"":""https://pentest-tools.com/PTT-2025-027-Improper-Authorization.pdf""}]}},""cveMetadata"":{""assignerOrgId"":""8254265b-2729-46b6-b9e3-3dfca2d5bfca"",""assignerShortName"":""mitre"",""cveId"":""CVE-2026-30460"",""datePublished"":""2026-04-07T00:00:00.000Z"",""dateReserved"":""2026-03-04T00:00:00.000Z"",""dateUpdated"":""2026-07-05T16:15:54.573Z"",""state"":""PUBLISHED""},""dataType"":""CVE_RECORD"",""dataVersion"":""5.2""}"
CVE-2026-30459,2026,PUBLISHED,2026-04-16T00:00:00.000Z,2026-03-04T00:00:00.000Z,2026-07-05T16:15:50.394Z,8254265b-2729-46b6-b9e3-3dfca2d5bfca,mitre,null,An issue in the Forgot Password feature of Daylight Studio FuelCMS v1.5.2 allows unauthenticated attackers to obtain the password reset token of a victim user via a crafted link placed in a valid e-mail message.,"[{""vendor"":""n/a"",""product"":""n/a"",""defaultStatus"":null,""platforms"":null,""versions"":[{""version"":""n/a"",""status"":""affected"",""lessThan"":null,""lessThanOrEqual"":null,""versionType"":null}]}]",3.1,7.1,HIGH,CVSS:3.1/AV:N/AC:L/PR:N/UI:R/S:U/C:L/I:H/A:N,ADP,null,n/a,null,null,null,"[{""url"":""https://github.com/daylightstudio/FUEL-CMS/blob/master/fuel/modules/fuel/controllers/Login.php"",""name"":null,""tags"":null},{""url"":""https://pentest-tools.com/PTT-2025-029-Password-Reset-Poisoning-via-Host-Header.pdf"",""name"":null,""tags"":null}]","{""containers"":{""adp"":[{""metrics"":[{""cvssV3_1"":{""attackComplexity"":""LOW"",""attackVector"":""NETWORK"",""availabilityImpact"":""NONE"",""baseScore"":7.1,""baseSeverity"":""HIGH"",""confidentialityImpact"":""LOW"",""integrityImpact"":""HIGH"",""privilegesRequired"":""NONE"",""scope"":""UNCHANGED"",""userInteraction"":""REQUIRED"",""vectorString"":""CVSS:3.1/AV:N/AC:L/PR:N/UI:R/S:U/C:L/I:H/A:N"",""version"":""3.1""}},{""other"":{""content"":{""id"":""CVE-2026-30459"",""options"":[{""Exploitation"":""poc""},{""Automatable"":""no""},{""Technical Impact"":""partial""}],""role"":""CISA Coordinator"",""timestamp"":""2026-04-16T15:15:57.087445Z"",""version"":""2.0.3""},""type"":""ssvc""}}],""problemTypes"":[{""descriptions"":[{""cweId"":""CWE-640"",""description"":""CWE-640 Weak Password Recovery Mechanism for Forgotten Password"",""lang"":""en"",""type"":""CWE""}]}],""providerMetadata"":{""dateUpdated"":""2026-04-16T15:16:57.348Z"",""orgId"":""134c704f-9b21-4f2e-91b3-4a467353bcc0"",""shortName"":""CISA-ADP""},""title"":""CISA ADP Vulnrichment""}],""cna"":{""affected"":[{""product"":""n/a"",""vendor"":""n/a"",""versions"":[{""status"":""affected"",""version"":""n/a""}]}],""descriptions"":[{""lang"":""en"",""value"":""An issue in the Forgot Password feature of Daylight Studio FuelCMS v1.5.2 allows unauthenticated attackers to obtain the password reset token of a victim user via a crafted link placed in a valid e-mail message.""}],""problemTypes"":[{""descriptions"":[{""description"":""n/a"",""lang"":""en"",""type"":""text""}]}],""providerMetadata"":{""dateUpdated"":""2026-07-05T16:15:50.394Z"",""orgId"":""8254265b-2729-46b6-b9e3-3dfca2d5bfca"",""shortName"":""mitre""},""references"":[{""url"":""https://github.com/daylightstudio/FUEL-CMS/blob/master/fuel/modules/fuel/controllers/Login.php""},{""url"":""https://pentest-tools.com/PTT-2025-029-Password-Reset-Poisoning-via-Host-Header.pdf""}]}},""cveMetadata"":{""assignerOrgId"":""8254265b-2729-46b6-b9e3-3dfca2d5bfca"",""assignerShortName"":""mitre"",""cveId"":""CVE-2026-30459"",""datePublished"":""2026-04-16T00:00:00.000Z"",""dateReserved"":""2026-03-04T00:00:00.000Z"",""dateUpdated"":""2026-07-05T16:15:50.394Z"",""state"":""PUBLISHED""},""dataType"":""CVE_RECORD"",""dataVersion"":""5.2""}"
CVE-2026-30352,2026,PUBLISHED,2026-04-27T00:00:00.000Z,2026-03-04T00:00:00.000Z,2026-07-05T16:15:46.376Z,8254265b-2729-46b6-b9e3-3dfca2d5bfca,mitre,null,A remote code execution (RCE) vulnerability in the /devserver/start endpoint of leonvanzyl autocoder commit 79d02a allows attackers to execute arbitrary code via providing a crafted command parameter.,"[{""vendor"":""n/a"",""product"":""n/a"",""defaultStatus"":null,""platforms"":null,""versions"":[{""version"":""n/a"",""status"":""affected"",""lessThan"":null,""lessThanOrEqual"":null,""versionType"":null}]}]",3.1,9.8,CRITICAL,CVSS:3.1/AV:N/AC:L/PR:N/UI:N/S:U/C:H/I:H/A:H,ADP,null,n/a,null,null,null,"[{""url"":""https://github.com/leonvanzyl/autocoder"",""name"":null,""tags"":null},{""url"":""https://gist.github.com/syphonetic/e3bdee6c022b36d5ecb98fbf61284931"",""name"":null,""tags"":null}]","{""containers"":{""adp"":[{""metrics"":[{""cvssV3_1"":{""attackComplexity"":""LOW"",""attackVector"":""NETWORK"",""availabilityImpact"":""HIGH"",""baseScore"":9.8,""baseSeverity"":""CRITICAL"",""confidentialityImpact"":""HIGH"",""integrityImpact"":""HIGH"",""privilegesRequired"":""NONE"",""scope"":""UNCHANGED"",""userInteraction"":""NONE"",""vectorString"":""CVSS:3.1/AV:N/AC:L/PR:N/UI:N/S:U/C:H/I:H/A:H"",""version"":""3.1""}},{""other"":{""content"":{""id"":""CVE-2026-30352"",""options"":[{""Exploitation"":""none""},{""Automatable"":""yes""},{""Technical Impact"":""total""}],""role"":""CISA Coordinator"",""timestamp"":""2026-04-27T15:56:42.910681Z"",""version"":""2.0.3""},""type"":""ssvc""}}],""problemTypes"":[{""descriptions"":[{""cweId"":""CWE-77"",""description"":""CWE-77 Improper Neutralization of Special Elements used in a Command ('Command Injection')"",""lang"":""en"",""type"":""CWE""}]}],""providerMetadata"":{""dateUpdated"":""2026-04-27T15:58:19.288Z"",""orgId"":""134c704f-9b21-4f2e-91b3-4a467353bcc0"",""shortName"":""CISA-ADP""},""title"":""CISA ADP Vulnrichment""}],""cna"":{""affected"":[{""product"":""n/a"",""vendor"":""n/a"",""versions"":[{""status"":""affected"",""version"":""n/a""}]}],""descriptions"":[{""lang"":""en"",""value"":""A remote code execution (RCE) vulnerability in the /devserver/start endpoint of leonvanzyl autocoder commit 79d02a allows attackers to execute arbitrary code via providing a crafted command parameter.""}],""problemTypes"":[{""descriptions"":[{""description"":""n/a"",""lang"":""en"",""type"":""text""}]}],""providerMetadata"":{""dateUpdated"":""2026-07-05T16:15:46.376Z"",""orgId"":""8254265b-2729-46b6-b9e3-3dfca2d5bfca"",""shortName"":""mitre""},""references"":[{""url"":""https://github.com/leonvanzyl/autocoder""},{""url"":""https://gist.github.com/syphonetic/e3bdee6c022b36d5ecb98fbf61284931""}]}},""cveMetadata"":{""assignerOrgId"":""8254265b-2729-46b6-b9e3-3dfca2d5bfca"",""assignerShortName"":""mitre"",""cveId"":""CVE-2026-30352"",""datePublished"":""2026-04-27T00:00:00.000Z"",""dateReserved"":""2026-03-04T00:00:00.000Z"",""dateUpdated"":""2026-07-05T16:15:46.376Z"",""state"":""PUBLISHED""},""dataType"":""CVE_RECORD"",""dataVersion"":""5.2""}"
CVE-2026-30266,2026,PUBLISHED,2026-04-20T00:00:00.000Z,2026-03-04T00:00:00.000Z,2026-07-05T16:15:42.385Z,8254265b-2729-46b6-b9e3-3dfca2d5bfca,mitre,null,Insecure Permissions vulnerability in DeepCool DeepCreative v.1.2.12 and before allows a local attacker to execute arbitrary code via a crafted file,"[{""vendor"":""n/a"",""product"":""n/a"",""defaultStatus"":null,""platforms"":null,""versions"":[{""version"":""n/a"",""status"":""affected"",""lessThan"":null,""lessThanOrEqual"":null,""versionType"":null}]}]",3.1,7.8,HIGH,CVSS:3.1/AV:L/AC:L/PR:N/UI:R/S:U/C:H/I:H/A:H,ADP,null,n/a,null,null,null,"[{""url"":""https://github.com/uncle-hash/vulnerability-research/tree/main/CVE-2026-30266"",""name"":null,""tags"":null}]","{""containers"":{""adp"":[{""metrics"":[{""cvssV3_1"":{""attackComplexity"":""LOW"",""attackVector"":""LOCAL"",""availabilityImpact"":""HIGH"",""baseScore"":7.8,""baseSeverity"":""HIGH"",""confidentialityImpact"":""HIGH"",""integrityImpact"":""HIGH"",""privilegesRequired"":""NONE"",""scope"":""UNCHANGED"",""userInteraction"":""REQUIRED"",""vectorString"":""CVSS:3.1/AV:L/AC:L/PR:N/UI:R/S:U/C:H/I:H/A:H"",""version"":""3.1""}},{""other"":{""content"":{""id"":""CVE-2026-30266"",""options"":[{""Exploitation"":""none""},{""Automatable"":""no""},{""Technical Impact"":""total""}],""role"":""CISA Coordinator"",""timestamp"":""2026-04-20T17:25:33.172119Z"",""version"":""2.0.3""},""type"":""ssvc""}}],""problemTypes"":[{""descriptions"":[{""cweId"":""CWE-277"",""description"":""CWE-277 Insecure Inherited Permissions"",""lang"":""en"",""type"":""CWE""}]}],""providerMetadata"":{""dateUpdated"":""2026-04-20T17:25:38.552Z"",""orgId"":""134c704f-9b21-4f2e-91b3-4a467353bcc0"",""shortName"":""CISA-ADP""},""title"":""CISA ADP Vulnrichment""}],""cna"":{""affected"":[{""product"":""n/a"",""vendor"":""n/a"",""versions"":[{""status"":""affected"",""version"":""n/a""}]}],""descriptions"":[{""lang"":""en"",""value"":""Insecure Permissions vulnerability in DeepCool DeepCreative v.1.2.12 and before allows a local attacker to execute arbitrary code via a crafted file""}],""problemTypes"":[{""descriptions"":[{""description"":""n/a"",""lang"":""en"",""type"":""text""}]}],""providerMetadata"":{""dateUpdated"":""2026-07-05T16:15:42.385Z"",""orgId"":""8254265b-2729-46b6-b9e3-3dfca2d5bfca"",""shortName"":""mitre""},""references"":[{""url"":""https://github.com/uncle-hash/vulnerability-research/tree/main/CVE-2026-30266""}]}},""cveMetadata"":{""assignerOrgId"":""8254265b-2729-46b6-b9e3-3dfca2d5bfca"",""assignerShortName"":""mitre"",""cveId"":""CVE-2026-30266"",""datePublished"":""2026-04-20T00:00:00.000Z"",""dateReserved"":""2026-03-04T00:00:00.000Z"",""dateUpdated"":""2026-07-05T16:15:42.385Z"",""state"":""PUBLISHED""},""dataType"":""CVE_RECORD"",""dataVersion"":""5.2""}"
CVE-2026-38936,2026,PUBLISHED,2026-04-27T00:00:00.000Z,2026-04-06T00:00:00.000Z,2026-07-05T16:15:38.473Z,8254265b-2729-46b6-b9e3-3dfca2d5bfca,mitre,null,A reflected cross-site scripting (XSS) vulnerability exists in diskover-community <= 2.3.5 in public/selectindices.php via the namecontains parameter,"[{""vendor"":""n/a"",""product"":""n/a"",""defaultStatus"":null,""platforms"":null,""versions"":[{""version"":""n/a"",""status"":""affected"",""lessThan"":null,""lessThanOrEqual"":null,""versionType"":null}]}]",3.1,6.1,MEDIUM,CVSS:3.1/AV:N/AC:L/PR:N/UI:R/S:C/C:L/I:L/A:N,ADP,null,n/a,null,null,null,"[{""url"":""https://github.com/VadlaReddySai/diskoverdata-cve-writeups/blob/main/CVE-2026-38936"",""name"":null,""tags"":null}]","{""containers"":{""adp"":[{""metrics"":[{""cvssV3_1"":{""attackComplexity"":""LOW"",""attackVector"":""NETWORK"",""availabilityImpact"":""NONE"",""baseScore"":6.1,""baseSeverity"":""MEDIUM"",""confidentialityImpact"":""LOW"",""integrityImpact"":""LOW"",""privilegesRequired"":""NONE"",""scope"":""CHANGED"",""userInteraction"":""REQUIRED"",""vectorString"":""CVSS:3.1/AV:N/AC:L/PR:N/UI:R/S:C/C:L/I:L/A:N"",""version"":""3.1""}},{""other"":{""content"":{""id"":""CVE-2026-38936"",""options"":[{""Exploitation"":""poc""},{""Automatable"":""no""},{""Technical Impact"":""partial""}],""role"":""CISA Coordinator"",""timestamp"":""2026-04-27T17:42:05.597822Z"",""version"":""2.0.3""},""type"":""ssvc""}}],""problemTypes"":[{""descriptions"":[{""cweId"":""CWE-79"",""description"":""CWE-79 Improper Neutralization of Input During Web Page Generation ('Cross-site Scripting')"",""lang"":""en"",""type"":""CWE""}]}],""providerMetadata"":{""dateUpdated"":""2026-04-27T17:45:55.506Z"",""orgId"":""134c704f-9b21-4f2e-91b3-4a467353bcc0"",""shortName"":""CISA-ADP""},""references"":[{""tags"":[""exploit""],""url"":""https://github.com/VadlaReddySai/diskoverdata-cve-writeups/blob/main/CVE-2026-38936""}],""title"":""CISA ADP Vulnrichment""}],""cna"":{""affected"":[{""product"":""n/a"",""vendor"":""n/a"",""versions"":[{""status"":""affected"",""version"":""n/a""}]}],""descriptions"":[{""lang"":""en"",""value"":""A reflected cross-site scripting (XSS) vulnerability exists in diskover-community <= 2.3.5 in public/selectindices.php via the namecontains parameter""}],""problemTypes"":[{""descriptions"":[{""description"":""n/a"",""lang"":""en"",""type"":""text""}]}],""providerMetadata"":{""dateUpdated"":""2026-07-05T16:15:38.473Z"",""orgId"":""8254265b-2729-46b6-b9e3-3dfca2d5bfca"",""shortName"":""mitre""},""references"":[{""url"":""https://github.com/VadlaReddySai/diskoverdata-cve-writeups/blob/main/CVE-2026-38936""}]}},""cveMetadata"":{""assignerOrgId"":""8254265b-2729-46b6-b9e3-3dfca2d5bfca"",""assignerShortName"":""mitre"",""cveId"":""CVE-2026-38936"",""datePublished"":""2026-04-27T00:00:00.000Z"",""dateReserved"":""2026-04-06T00:00:00.000Z"",""dateUpdated"":""2026-07-05T16:15:38.473Z"",""state"":""PUBLISHED""},""dataType"":""CVE_RECORD"",""dataVersion"":""5.2""}"
CVE-2026-38935,2026,PUBLISHED,2026-04-27T00:00:00.000Z,2026-04-06T00:00:00.000Z,2026-07-05T16:15:34.067Z,8254265b-2729-46b6-b9e3-3dfca2d5bfca,mitre,null,A reflected cross-site scripting (XSS) vulnerability exists in diskover-community <= 2.3.5 in public/view.php via the doctype parameter,"[{""vendor"":""n/a"",""product"":""n/a"",""defaultStatus"":null,""platforms"":null,""versions"":[{""version"":""n/a"",""status"":""affected"",""lessThan"":null,""lessThanOrEqual"":null,""versionType"":null}]}]",3.1,6.1,MEDIUM,CVSS:3.1/AV:N/AC:L/PR:N/UI:R/S:C/C:L/I:L/A:N,ADP,null,n/a,null,null,null,"[{""url"":""https://github.com/VadlaReddySai/diskoverdata-cve-writeups/blob/main/CVE-2026-38935"",""name"":null,""tags"":null}]","{""containers"":{""adp"":[{""metrics"":[{""cvssV3_1"":{""attackComplexity"":""LOW"",""attackVector"":""NETWORK"",""availabilityImpact"":""NONE"",""baseScore"":6.1,""baseSeverity"":""MEDIUM"",""confidentialityImpact"":""LOW"",""integrityImpact"":""LOW"",""privilegesRequired"":""NONE"",""scope"":""CHANGED"",""userInteraction"":""REQUIRED"",""vectorString"":""CVSS:3.1/AV:N/AC:L/PR:N/UI:R/S:C/C:L/I:L/A:N"",""version"":""3.1""}},{""other"":{""content"":{""id"":""CVE-2026-38935"",""options"":[{""Exploitation"":""poc""},{""Automatable"":""no""},{""Technical Impact"":""partial""}],""role"":""CISA Coordinator"",""timestamp"":""2026-04-27T17:46:30.086576Z"",""version"":""2.0.3""},""type"":""ssvc""}}],""problemTypes"":[{""descriptions"":[{""cweId"":""CWE-79"",""description"":""CWE-79 Improper Neutralization of Input During Web Page Generation ('Cross-site Scripting')"",""lang"":""en"",""type"":""CWE""}]}],""providerMetadata"":{""dateUpdated"":""2026-04-27T17:46:35.171Z"",""orgId"":""134c704f-9b21-4f2e-91b3-4a467353bcc0"",""shortName"":""CISA-ADP""},""references"":[{""tags"":[""exploit""],""url"":""https://github.com/VadlaReddySai/diskoverdata-cve-writeups/blob/main/CVE-2026-38935""}],""title"":""CISA ADP Vulnrichment""}],""cna"":{""affected"":[{""product"":""n/a"",""vendor"":""n/a"",""versions"":[{""status"":""affected"",""version"":""n/a""}]}],""descriptions"":[{""lang"":""en"",""value"":""A reflected cross-site scripting (XSS) vulnerability exists in diskover-community <= 2.3.5 in public/view.php via the doctype parameter""}],""problemTypes"":[{""descriptions"":[{""description"":""n/a"",""lang"":""en"",""type"":""text""}]}],""providerMetadata"":{""dateUpdated"":""2026-07-05T16:15:34.067Z"",""orgId"":""8254265b-2729-46b6-b9e3-3dfca2d5bfca"",""shortName"":""mitre""},""references"":[{""url"":""https://github.com/VadlaReddySai/diskoverdata-cve-writeups/blob/main/CVE-2026-38935""}]}},""cveMetadata"":{""assignerOrgId"":""8254265b-2729-46b6-b9e3-3dfca2d5bfca"",""assignerShortName"":""mitre"",""cveId"":""CVE-2026-38935"",""datePublished"":""2026-04-27T00:00:00.000Z"",""dateReserved"":""2026-04-06T00:00:00.000Z"",""dateUpdated"":""2026-07-05T16:15:34.067Z"",""state"":""PUBLISHED""},""dataType"":""CVE_RECORD"",""dataVersion"":""5.2""}"
CVE-2026-38934,2026,PUBLISHED,2026-04-27T00:00:00.000Z,2026-04-06T00:00:00.000Z,2026-07-05T16:15:30.097Z,8254265b-2729-46b6-b9e3-3dfca2d5bfca,mitre,null,Cross Site Request Forgery vulnerability in diskoverdata diskover-community v.2.3.5. and before allows a remote attacker to escalate privileges and obtain sensitive information via the public/settings_process.php,"[{""vendor"":""n/a"",""product"":""n/a"",""defaultStatus"":null,""platforms"":null,""versions"":[{""version"":""n/a"",""status"":""affected"",""lessThan"":null,""lessThanOrEqual"":null,""versionType"":null}]}]",3.1,8.8,HIGH,CVSS:3.1/AV:N/AC:L/PR:N/UI:R/S:U/C:H/I:H/A:H,ADP,null,n/a,null,null,null,"[{""url"":""https://github.com/VadlaReddySai/diskoverdata-cve-writeups/blob/main/CVE-2026-38934"",""name"":null,""tags"":null}]","{""containers"":{""adp"":[{""metrics"":[{""cvssV3_1"":{""attackComplexity"":""LOW"",""attackVector"":""NETWORK"",""availabilityImpact"":""HIGH"",""baseScore"":8.8,""baseSeverity"":""HIGH"",""confidentialityImpact"":""HIGH"",""integrityImpact"":""HIGH"",""privilegesRequired"":""NONE"",""scope"":""UNCHANGED"",""userInteraction"":""REQUIRED"",""vectorString"":""CVSS:3.1/AV:N/AC:L/PR:N/UI:R/S:U/C:H/I:H/A:H"",""version"":""3.1""}},{""other"":{""content"":{""id"":""CVE-2026-38934"",""options"":[{""Exploitation"":""poc""},{""Automatable"":""no""},{""Technical Impact"":""total""}],""role"":""CISA Coordinator"",""timestamp"":""2026-04-27T17:48:23.590060Z"",""version"":""2.0.3""},""type"":""ssvc""}}],""problemTypes"":[{""descriptions"":[{""cweId"":""CWE-352"",""description"":""CWE-352 Cross-Site Request Forgery (CSRF)"",""lang"":""en"",""type"":""CWE""}]}],""providerMetadata"":{""dateUpdated"":""2026-04-27T17:48:28.489Z"",""orgId"":""134c704f-9b21-4f2e-91b3-4a467353bcc0"",""shortName"":""CISA-ADP""},""references"":[{""tags"":[""exploit""],""url"":""https://github.com/VadlaReddySai/diskoverdata-cve-writeups/blob/main/CVE-2026-38934""}],""title"":""CISA ADP Vulnrichment""}],""cna"":{""affected"":[{""product"":""n/a"",""vendor"":""n/a"",""versions"":[{""status"":""affected"",""version"":""n/a""}]}],""descriptions"":[{""lang"":""en"",""value"":""Cross Site Request Forgery vulnerability in diskoverdata diskover-community v.2.3.5. and before allows a remote attacker to escalate privileges and obtain sensitive information via the public/settings_process.php""}],""problemTypes"":[{""descriptions"":[{""description"":""n/a"",""lang"":""en"",""type"":""text""}]}],""providerMetadata"":{""dateUpdated"":""2026-07-05T16:15:30.097Z"",""orgId"":""8254265b-2729-46b6-b9e3-3dfca2d5bfca"",""shortName"":""mitre""},""references"":[{""url"":""https://github.com/VadlaReddySai/diskoverdata-cve-writeups/blob/main/CVE-2026-38934""}]}},""cveMetadata"":{""assignerOrgId"":""8254265b-2729-46b6-b9e3-3dfca2d5bfca"",""assignerShortName"":""mitre"",""cveId"":""CVE-2026-38934"",""datePublished"":""2026-04-27T00:00:00.000Z"",""dateReserved"":""2026-04-06T00:00:00.000Z"",""dateUpdated"":""2026-07-05T16:15:30.097Z"",""state"":""PUBLISHED""},""dataType"":""CVE_RECORD"",""dataVersion"":""5.2""}"
CVE-2025-70082,2025,PUBLISHED,2026-03-11T00:00:00.000Z,2026-01-09T00:00:00.000Z,2026-07-05T16:15:26.168Z,8254265b-2729-46b6-b9e3-3dfca2d5bfca,mitre,null,An issue in Lantronix EDS3000PS v.3.1.0.0R2 allows an attacker to execute arbitrary code and obtain sensitive information via the ltrx_evo component,"[{""vendor"":""n/a"",""product"":""n/a"",""defaultStatus"":null,""platforms"":null,""versions"":[{""version"":""n/a"",""status"":""affected"",""lessThan"":null,""lessThanOrEqual"":null,""versionType"":null}]}]",3.1,9.8,CRITICAL,CVSS:3.1/AV:N/AC:L/PR:N/UI:N/S:U/C:H/I:H/A:H,ADP,null,n/a,null,null,null,"[{""url"":""https://www.cisa.gov/news-events/ics-advisories/icsa-26-069-02"",""name"":null,""tags"":null}]","{""containers"":{""adp"":[{""metrics"":[{""cvssV3_1"":{""attackComplexity"":""LOW"",""attackVector"":""NETWORK"",""availabilityImpact"":""HIGH"",""baseScore"":9.8,""baseSeverity"":""CRITICAL"",""confidentialityImpact"":""HIGH"",""integrityImpact"":""HIGH"",""privilegesRequired"":""NONE"",""scope"":""UNCHANGED"",""userInteraction"":""NONE"",""vectorString"":""CVSS:3.1/AV:N/AC:L/PR:N/UI:N/S:U/C:H/I:H/A:H"",""version"":""3.1""}},{""other"":{""content"":{""id"":""CVE-2025-70082"",""options"":[{""Exploitation"":""none""},{""Automatable"":""yes""},{""Technical Impact"":""total""}],""role"":""CISA Coordinator"",""timestamp"":""2026-03-11T18:19:46.209396Z"",""version"":""2.0.3""},""type"":""ssvc""}}],""problemTypes"":[{""descriptions"":[{""cweId"":""CWE-78"",""description"":""CWE-78 Improper Neutralization of Special Elements used in an OS Command ('OS Command Injection')"",""lang"":""en"",""type"":""CWE""}]},{""descriptions"":[{""cweId"":""CWE-288"",""description"":""CWE-288 Authentication Bypass Using an Alternate Path or Channel"",""lang"":""en"",""type"":""CWE""}]},{""descriptions"":[{""cweId"":""CWE-620"",""description"":""CWE-620 Unverified Password Change"",""lang"":""en"",""type"":""CWE""}]}],""providerMetadata"":{""dateUpdated"":""2026-03-11T18:20:38.371Z"",""orgId"":""134c704f-9b21-4f2e-91b3-4a467353bcc0"",""shortName"":""CISA-ADP""},""title"":""CISA ADP Vulnrichment""}],""cna"":{""affected"":[{""product"":""n/a"",""vendor"":""n/a"",""versions"":[{""status"":""affected"",""version"":""n/a""}]}],""descriptions"":[{""lang"":""en"",""value"":""An issue in Lantronix EDS3000PS v.3.1.0.0R2 allows an attacker to execute arbitrary code and obtain sensitive information via the ltrx_evo component""}],""problemTypes"":[{""descriptions"":[{""description"":""n/a"",""lang"":""en"",""type"":""text""}]}],""providerMetadata"":{""dateUpdated"":""2026-07-05T16:15:26.168Z"",""orgId"":""8254265b-2729-46b6-b9e3-3dfca2d5bfca"",""shortName"":""mitre""},""references"":[{""url"":""https://www.cisa.gov/news-events/ics-advisories/icsa-26-069-02""}]}},""cveMetadata"":{""assignerOrgId"":""8254265b-2729-46b6-b9e3-3dfca2d5bfca"",""assignerShortName"":""mitre"",""cveId"":""CVE-2025-70082"",""datePublished"":""2026-03-11T00:00:00.000Z"",""dateReserved"":""2026-01-09T00:00:00.000Z"",""dateUpdated"":""2026-07-05T16:15:26.168Z"",""state"":""PUBLISHED""},""dataType"":""CVE_RECORD"",""dataVersion"":""5.2""}"
CVE-2025-52204,2025,PUBLISHED,2026-03-23T00:00:00.000Z,2025-06-16T00:00:00.000Z,2026-07-05T16:15:22.002Z,8254265b-2729-46b6-b9e3-3dfca2d5bfca,mitre,null,A Cross-Site Scripting (XSS) vulnerability exists in Znuny::ITSM 6.5.x in the customer.pl endpoint via the OTRSCustomerInterface parameter,"[{""vendor"":""n/a"",""product"":""n/a"",""defaultStatus"":null,""platforms"":null,""versions"":[{""version"":""n/a"",""status"":""affected"",""lessThan"":null,""lessThanOrEqual"":null,""versionType"":null}]}]",3.1,6.1,MEDIUM,CVSS:3.1/AV:N/AC:L/PR:N/UI:R/S:C/C:L/I:L/A:N,ADP,null,n/a,null,null,null,"[{""url"":""https://github.com/j0qq3r/CVE-2025-52204"",""name"":null,""tags"":null},{""url"":""https://www.znuny.org/en/releases/znuny-7-3-1"",""name"":null,""tags"":null}]","{""containers"":{""adp"":[{""metrics"":[{""cvssV3_1"":{""attackComplexity"":""LOW"",""attackVector"":""NETWORK"",""availabilityImpact"":""NONE"",""baseScore"":6.1,""baseSeverity"":""MEDIUM"",""confidentialityImpact"":""LOW"",""integrityImpact"":""LOW"",""privilegesRequired"":""NONE"",""scope"":""CHANGED"",""userInteraction"":""REQUIRED"",""vectorString"":""CVSS:3.1/AV:N/AC:L/PR:N/UI:R/S:C/C:L/I:L/A:N"",""version"":""3.1""}},{""other"":{""content"":{""id"":""CVE-2025-52204"",""options"":[{""Exploitation"":""poc""},{""Automatable"":""no""},{""Technical Impact"":""partial""}],""role"":""CISA Coordinator"",""timestamp"":""2026-03-24T15:00:50.883848Z"",""version"":""2.0.3""},""type"":""ssvc""}}],""problemTypes"":[{""descriptions"":[{""cweId"":""CWE-79"",""description"":""CWE-79 Improper Neutralization of Input During Web Page Generation ('Cross-site Scripting')"",""lang"":""en"",""type"":""CWE""}]}],""providerMetadata"":{""dateUpdated"":""2026-03-24T15:14:09.199Z"",""orgId"":""134c704f-9b21-4f2e-91b3-4a467353bcc0"",""shortName"":""CISA-ADP""},""references"":[{""tags"":[""exploit""],""url"":""https://github.com/j0qq3r/CVE-2025-52204""}],""title"":""CISA ADP Vulnrichment""}],""cna"":{""affected"":[{""product"":""n/a"",""vendor"":""n/a"",""versions"":[{""status"":""affected"",""version"":""n/a""}]}],""descriptions"":[{""lang"":""en"",""value"":""A Cross-Site Scripting (XSS) vulnerability exists in Znuny::ITSM 6.5.x in the customer.pl endpoint via the OTRSCustomerInterface parameter""}],""problemTypes"":[{""descriptions"":[{""description"":""n/a"",""lang"":""en"",""type"":""text""}]}],""providerMetadata"":{""dateUpdated"":""2026-07-05T16:15:22.002Z"",""orgId"":""8254265b-2729-46b6-b9e3-3dfca2d5bfca"",""shortName"":""mitre""},""references"":[{""url"":""https://github.com/j0qq3r/CVE-2025-52204""},{""url"":""https://www.znuny.org/en/releases/znuny-7-3-1""}]}},""cveMetadata"":{""assignerOrgId"":""8254265b-2729-46b6-b9e3-3dfca2d5bfca"",""assignerShortName"":""mitre"",""cveId"":""CVE-2025-52204"",""datePublished"":""2026-03-23T00:00:00.000Z"",""dateReserved"":""2025-06-16T00:00:00.000Z"",""dateUpdated"":""2026-07-05T16:15:22.002Z"",""state"":""PUBLISHED""},""dataType"":""CVE_RECORD"",""dataVersion"":""5.2""}"
CVE-2025-50881,2025,PUBLISHED,2026-03-16T00:00:00.000Z,2025-06-16T00:00:00.000Z,2026-07-05T16:15:17.892Z,8254265b-2729-46b6-b9e3-3dfca2d5bfca,mitre,null,"The `flow/admin/moniteur.php` script in Use It Flow administration website before 10.0.0 is vulnerable to Remote Code Execution. When handling GET requests, the script takes user-supplied input from the `action` URL parameter, performs insufficient validation, and incorporates this input into a string that is subsequently executed by the `eval()` function. Although a `method_exists()` check is performed, it only validates the part of the user input *before* the first parenthesis `(`, allowing an attacker to append arbitrary PHP code after a valid method call structure. Successful exploitation allows an unauthenticated or trivially authenticated attacker to execute arbitrary PHP code on the server with the privileges of the web server process.","[{""vendor"":""n/a"",""product"":""n/a"",""defaultStatus"":null,""platforms"":null,""versions"":[{""version"":""n/a"",""status"":""affected"",""lessThan"":null,""lessThanOrEqual"":null,""versionType"":null}]}]",3.1,8.8,HIGH,CVSS:3.1/AV:N/AC:L/PR:L/UI:N/S:U/C:H/I:H/A:H,ADP,null,n/a,null,null,null,"[{""url"":""https://github.com/0xdeadbit/CVE-2025-50881"",""name"":null,""tags"":null}]","{""containers"":{""adp"":[{""metrics"":[{""cvssV3_1"":{""attackComplexity"":""LOW"",""attackVector"":""NETWORK"",""availabilityImpact"":""HIGH"",""baseScore"":8.8,""baseSeverity"":""HIGH"",""confidentialityImpact"":""HIGH"",""integrityImpact"":""HIGH"",""privilegesRequired"":""LOW"",""scope"":""UNCHANGED"",""userInteraction"":""NONE"",""vectorString"":""CVSS:3.1/AV:N/AC:L/PR:L/UI:N/S:U/C:H/I:H/A:H"",""version"":""3.1""}},{""other"":{""content"":{""id"":""CVE-2025-50881"",""options"":[{""Exploitation"":""none""},{""Automatable"":""no""},{""Technical Impact"":""total""}],""role"":""CISA Coordinator"",""timestamp"":""2026-03-17T13:57:25.812091Z"",""version"":""2.0.3""},""type"":""ssvc""}}],""problemTypes"":[{""descriptions"":[{""cweId"":""CWE-94"",""description"":""CWE-94 Improper Control of Generation of Code ('Code Injection')"",""lang"":""en"",""type"":""CWE""}]}],""providerMetadata"":{""dateUpdated"":""2026-03-17T13:59:00.502Z"",""orgId"":""134c704f-9b21-4f2e-91b3-4a467353bcc0"",""shortName"":""CISA-ADP""},""title"":""CISA ADP Vulnrichment""}],""cna"":{""affected"":[{""product"":""n/a"",""vendor"":""n/a"",""versions"":[{""status"":""affected"",""version"":""n/a""}]}],""descriptions"":[{""lang"":""en"",""value"":""The `flow/admin/moniteur.php` script in Use It Flow administration website before 10.0.0 is vulnerable to Remote Code Execution. When handling GET requests, the script takes user-supplied input from the `action` URL parameter, performs insufficient validation, and incorporates this input into a string that is subsequently executed by the `eval()` function. Although a `method_exists()` check is performed, it only validates the part of the user input *before* the first parenthesis `(`, allowing an attacker to append arbitrary PHP code after a valid method call structure. Successful exploitation allows an unauthenticated or trivially authenticated attacker to execute arbitrary PHP code on the server with the privileges of the web server process.""}],""problemTypes"":[{""descriptions"":[{""description"":""n/a"",""lang"":""en"",""type"":""text""}]}],""providerMetadata"":{""dateUpdated"":""2026-07-05T16:15:17.892Z"",""orgId"":""8254265b-2729-46b6-b9e3-3dfca2d5bfca"",""shortName"":""mitre""},""references"":[{""url"":""https://github.com/0xdeadbit/CVE-2025-50881""}]}},""cveMetadata"":{""assignerOrgId"":""8254265b-2729-46b6-b9e3-3dfca2d5bfca"",""assignerShortName"":""mitre"",""cveId"":""CVE-2025-50881"",""datePublished"":""2026-03-16T00:00:00.000Z"",""dateReserved"":""2025-06-16T00:00:00.000Z"",""dateUpdated"":""2026-07-05T16:15:17.892Z"",""state"":""PUBLISHED""},""dataType"":""CVE_RECORD"",""dataVersion"":""5.2""}"
CVE-2025-61190,2025,PUBLISHED,2026-03-27T00:00:00.000Z,2025-09-26T00:00:00.000Z,2026-07-05T16:15:13.871Z,8254265b-2729-46b6-b9e3-3dfca2d5bfca,mitre,null,A Reflected Cross-Site Scripting (XSS) vulnerability has been identified in DSpace JSPUI 6.5 within the search/discover filtering functionality. The vulnerability exists due to improper sanitization of user-supplied input via the filter_type_1 parameter.,"[{""vendor"":""n/a"",""product"":""n/a"",""defaultStatus"":null,""platforms"":null,""versions"":[{""version"":""n/a"",""status"":""affected"",""lessThan"":null,""lessThanOrEqual"":null,""versionType"":null}]}]",3.1,6.1,MEDIUM,CVSS:3.1/AV:N/AC:L/PR:N/UI:R/S:C/C:L/I:L/A:N,ADP,null,n/a,null,null,null,"[{""url"":""https://gist.github.com/MerttTuran/9cf7de549749fe3ef7ce08d65e3540bd"",""name"":null,""tags"":null}]","{""containers"":{""adp"":[{""metrics"":[{""cvssV3_1"":{""attackComplexity"":""LOW"",""attackVector"":""NETWORK"",""availabilityImpact"":""NONE"",""baseScore"":6.1,""baseSeverity"":""MEDIUM"",""confidentialityImpact"":""LOW"",""integrityImpact"":""LOW"",""privilegesRequired"":""NONE"",""scope"":""CHANGED"",""userInteraction"":""REQUIRED"",""vectorString"":""CVSS:3.1/AV:N/AC:L/PR:N/UI:R/S:C/C:L/I:L/A:N"",""version"":""3.1""}},{""other"":{""content"":{""id"":""CVE-2025-61190"",""options"":[{""Exploitation"":""poc""},{""Automatable"":""no""},{""Technical Impact"":""partial""}],""role"":""CISA Coordinator"",""timestamp"":""2026-03-30T14:49:32.062186Z"",""version"":""2.0.3""},""type"":""ssvc""}}],""problemTypes"":[{""descriptions"":[{""cweId"":""CWE-79"",""description"":""CWE-79 Improper Neutralization of Input During Web Page Generation ('Cross-site Scripting')"",""lang"":""en"",""type"":""CWE""}]}],""providerMetadata"":{""dateUpdated"":""2026-03-30T14:54:16.832Z"",""orgId"":""134c704f-9b21-4f2e-91b3-4a467353bcc0"",""shortName"":""CISA-ADP""},""references"":[{""tags"":[""exploit""],""url"":""https://gist.github.com/MerttTuran/9cf7de549749fe3ef7ce08d65e3540bd""}],""title"":""CISA ADP Vulnrichment""}],""cna"":{""affected"":[{""product"":""n/a"",""vendor"":""n/a"",""versions"":[{""status"":""affected"",""version"":""n/a""}]}],""descriptions"":[{""lang"":""en"",""value"":""A Reflected Cross-Site Scripting (XSS) vulnerability has been identified in DSpace JSPUI 6.5 within the search/discover filtering functionality. The vulnerability exists due to improper sanitization of user-supplied input via the filter_type_1 parameter.""}],""problemTypes"":[{""descriptions"":[{""description"":""n/a"",""lang"":""en"",""type"":""text""}]}],""providerMetadata"":{""dateUpdated"":""2026-07-05T16:15:13.871Z"",""orgId"":""8254265b-2729-46b6-b9e3-3dfca2d5bfca"",""shortName"":""mitre""},""references"":[{""url"":""https://gist.github.com/MerttTuran/9cf7de549749fe3ef7ce08d65e3540bd""}]}},""cveMetadata"":{""assignerOrgId"":""8254265b-2729-46b6-b9e3-3dfca2d5bfca"",""assignerShortName"":""mitre"",""cveId"":""CVE-2025-61190"",""datePublished"":""2026-03-27T00:00:00.000Z"",""dateReserved"":""2025-09-26T00:00:00.000Z"",""dateUpdated"":""2026-07-05T16:15:13.871Z"",""state"":""PUBLISHED""},""dataType"":""CVE_RECORD"",""dataVersion"":""5.2""}"
CVE-2025-67260,2025,PUBLISHED,2026-03-20T00:00:00.000Z,2025-12-08T00:00:00.000Z,2026-07-05T16:15:09.967Z,8254265b-2729-46b6-b9e3-3dfca2d5bfca,mitre,null,"The Terrapack software, from ASTER TEC / ASTER S.p.A., with the indicated components and versions has a file upload vulnerability that may allow attackers to execute arbitrary code. Vulnerable components include Terrapack TkWebCoreNG:: 1.0.20200914, Terrapack TKServerCGI 2.5.4.150, and Terrapack TpkWebGIS Client 1.0.0.","[{""vendor"":""n/a"",""product"":""n/a"",""defaultStatus"":null,""platforms"":null,""versions"":[{""version"":""n/a"",""status"":""affected"",""lessThan"":null,""lessThanOrEqual"":null,""versionType"":null}]}]",3.1,8.8,HIGH,CVSS:3.1/AV:N/AC:L/PR:L/UI:N/S:U/C:H/I:H/A:H,ADP,null,n/a,null,null,null,"[{""url"":""https://www.acn.gov.it/portale/en/csirt-italia"",""name"":null,""tags"":null},{""url"":""https://github.com/edi-marc/Vulnerability_List/tree/main/CVE_Terrapack"",""name"":null,""tags"":null},{""url"":""https://packetstorm.news/files/id/217271"",""name"":null,""tags"":null}]","{""containers"":{""adp"":[{""metrics"":[{""cvssV3_1"":{""attackComplexity"":""LOW"",""attackVector"":""NETWORK"",""availabilityImpact"":""HIGH"",""baseScore"":8.8,""baseSeverity"":""HIGH"",""confidentialityImpact"":""HIGH"",""integrityImpact"":""HIGH"",""privilegesRequired"":""LOW"",""scope"":""UNCHANGED"",""userInteraction"":""NONE"",""vectorString"":""CVSS:3.1/AV:N/AC:L/PR:L/UI:N/S:U/C:H/I:H/A:H"",""version"":""3.1""}},{""other"":{""content"":{""id"":""CVE-2025-67260"",""options"":[{""Exploitation"":""none""},{""Automatable"":""no""},{""Technical Impact"":""total""}],""role"":""CISA Coordinator"",""timestamp"":""2026-03-23T13:57:42.495410Z"",""version"":""2.0.3""},""type"":""ssvc""}}],""problemTypes"":[{""descriptions"":[{""cweId"":""CWE-434"",""description"":""CWE-434 Unrestricted Upload of File with Dangerous Type"",""lang"":""en"",""type"":""CWE""}]}],""providerMetadata"":{""dateUpdated"":""2026-03-23T13:57:45.455Z"",""orgId"":""134c704f-9b21-4f2e-91b3-4a467353bcc0"",""shortName"":""CISA-ADP""},""title"":""CISA ADP Vulnrichment""}],""cna"":{""affected"":[{""product"":""n/a"",""vendor"":""n/a"",""versions"":[{""status"":""affected"",""version"":""n/a""}]}],""descriptions"":[{""lang"":""en"",""value"":""The Terrapack software, from ASTER TEC / ASTER S.p.A., with the indicated components and versions has a file upload vulnerability that may allow attackers to execute arbitrary code. Vulnerable components include Terrapack TkWebCoreNG:: 1.0.20200914, Terrapack TKServerCGI 2.5.4.150, and Terrapack TpkWebGIS Client 1.0.0.""}],""problemTypes"":[{""descriptions"":[{""description"":""n/a"",""lang"":""en"",""type"":""text""}]}],""providerMetadata"":{""dateUpdated"":""2026-07-05T16:15:09.967Z"",""orgId"":""8254265b-2729-46b6-b9e3-3dfca2d5bfca"",""shortName"":""mitre""},""references"":[{""url"":""https://www.acn.gov.it/portale/en/csirt-italia""},{""url"":""https://github.com/edi-marc/Vulnerability_List/tree/main/CVE_Terrapack""},{""url"":""https://packetstorm.news/files/id/217271""}]}},""cveMetadata"":{""assignerOrgId"":""8254265b-2729-46b6-b9e3-3dfca2d5bfca"",""assignerShortName"":""mitre"",""cveId"":""CVE-2025-67260"",""datePublished"":""2026-03-20T00:00:00.000Z"",""dateReserved"":""2025-12-08T00:00:00.000Z"",""dateUpdated"":""2026-07-05T16:15:09.967Z"",""state"":""PUBLISHED""},""dataType"":""CVE_RECORD"",""dataVersion"":""5.2""}"
CVE-2026-14763,2026,PUBLISHED,2026-07-05T16:15:06.752Z,2026-07-04T16:28:14.567Z,2026-07-05T16:15:06.752Z,1af790b2-7ee1-4545-860a-a788eba489b5,VulDB,code-projects Hotel and Tourism Reservation Tour Reservations tour_reserves.php sql injection,A flaw has been found in code-projects Hotel and Tourism Reservation 1.0. This affects an unknown function of the file /admin/tour_reserves.php of the component Tour Reservations Page. This manipulation of the argument tour causes sql injection. The attack can be initiated remotely. The exploit has been published and may be used.,"[{""vendor"":""code-projects"",""product"":""Hotel and Tourism Reservation"",""defaultStatus"":null,""platforms"":null,""versions"":[{""version"":""1.0"",""status"":""affected"",""lessThan"":null,""lessThanOrEqual"":null,""versionType"":null}]}]",4.0,6.9,MEDIUM,CVSS:4.0/AV:N/AC:L/AT:N/PR:N/UI:N/VC:L/VI:L/VA:L/SC:N/SI:N/SA:N/E:P,CNA,CWE-89,SQL Injection,null,null,null,"[{""url"":""https://vuldb.com/vuln/376352"",""name"":""VDB-376352 | code-projects Hotel and Tourism Reservation Tour Reservations tour_reserves.php sql injection"",""tags"":[""vdb-entry"",""technical-description""]},{""url"":""https://vuldb.com/vuln/376352/cti"",""name"":""VDB-376352 | CTI Indicators (IOB, IOC, TTP, IOA)"",""tags"":[""signature"",""permissions-required""]},{""url"":""https://vuldb.com/cve/CVE-2026-14763"",""name"":""CVE-2026-14763 | CVE Analysis and Report"",""tags"":[""third-party-advisory""]},{""url"":""https://vuldb.com/submit/850581"",""name"":""Submit #850581 | code-projects.org Hotel and Tourism Reservation In PHP 1.0 SQL Injection"",""tags"":[""third-party-advisory""]},{""url"":""https://raw.githubusercontent.com/anubhavv106/Security-Advisories/refs/heads/main/Hotel-Tourism-Reservation-tour_reserves.php-SQLi.md"",""name"":null,""tags"":[""exploit""]},{""url"":""https://code-projects.org/"",""name"":null,""tags"":[""product""]}]","{""containers"":{""cna"":{""affected"":[{""cpes"":[""cpe:2.3:a:code-projects:hotel_and_tourism_reservation:*:*:*:*:*:*:*:*""],""modules"":[""Tour Reservations Page""],""product"":""Hotel and Tourism Reservation"",""vendor"":""code-projects"",""versions"":[{""status"":""affected"",""version"":""1.0""}]}],""credits"":[{""lang"":""en"",""type"":""reporter"",""value"":""anubhav106 (VulDB User)""}],""descriptions"":[{""lang"":""en"",""value"":""A flaw has been found in code-projects Hotel and Tourism Reservation 1.0. This affects an unknown function of the file /admin/tour_reserves.php of the component Tour Reservations Page. This manipulation of the argument tour causes sql injection. The attack can be initiated remotely. The exploit has been published and may be used.""}],""metrics"":[{""cvssV4_0"":{""baseScore"":6.9,""baseSeverity"":""MEDIUM"",""vectorString"":""CVSS:4.0/AV:N/AC:L/AT:N/PR:N/UI:N/VC:L/VI:L/VA:L/SC:N/SI:N/SA:N/E:P"",""version"":""4.0""}},{""cvssV3_1"":{""baseScore"":7.3,""baseSeverity"":""HIGH"",""vectorString"":""CVSS:3.1/AV:N/AC:L/PR:N/UI:N/S:U/C:L/I:L/A:L/E:P/RL:X/RC:R"",""version"":""3.1""}},{""cvssV3_0"":{""baseScore"":7.3,""baseSeverity"":""HIGH"",""vectorString"":""CVSS:3.0/AV:N/AC:L/PR:N/UI:N/S:U/C:L/I:L/A:L/E:P/RL:X/RC:R"",""version"":""3.0""}},{""cvssV2_0"":{""baseScore"":7.5,""vectorString"":""AV:N/AC:L/Au:N/C:P/I:P/A:P/E:POC/RL:ND/RC:UR"",""version"":""2.0""}}],""problemTypes"":[{""descriptions"":[{""cweId"":""CWE-89"",""description"":""SQL Injection"",""lang"":""en"",""type"":""CWE""}]},{""descriptions"":[{""cweId"":""CWE-74"",""description"":""Injection"",""lang"":""en"",""type"":""CWE""}]}],""providerMetadata"":{""dateUpdated"":""2026-07-05T16:15:06.752Z"",""orgId"":""1af790b2-7ee1-4545-860a-a788eba489b5"",""shortName"":""VulDB""},""references"":[{""name"":""VDB-376352 | code-projects Hotel and Tourism Reservation Tour Reservations tour_reserves.php sql injection"",""tags"":[""vdb-entry"",""technical-description""],""url"":""https://vuldb.com/vuln/376352""},{""name"":""VDB-376352 | CTI Indicators (IOB, IOC, TTP, IOA)"",""tags"":[""signature"",""permissions-required""],""url"":""https://vuldb.com/vuln/376352/cti""},{""name"":""CVE-2026-14763 | CVE Analysis and Report"",""tags"":[""third-party-advisory""],""url"":""https://vuldb.com/cve/CVE-2026-14763""},{""name"":""Submit #850581 | code-projects.org Hotel and Tourism Reservation In PHP 1.0 SQL Injection"",""tags"":[""third-party-advisory""],""url"":""https://vuldb.com/submit/850581""},{""tags"":[""exploit""],""url"":""https://raw.githubusercontent.com/anubhavv106/Security-Advisories/refs/heads/main/Hotel-Tourism-Reservation-tour_reserves.php-SQLi.md""},{""tags"":[""product""],""url"":""https://code-projects.org/""}],""tags"":[""x_freeware""],""timeline"":[{""lang"":""en"",""time"":""2026-07-04T00:00:00.000Z"",""value"":""Advisory disclosed""},{""lang"":""en"",""time"":""2026-07-04T02:00:00.000Z"",""value"":""VulDB entry created""},{""lang"":""en"",""time"":""2026-07-04T18:33:25.000Z"",""value"":""VulDB entry last update""}],""title"":""code-projects Hotel and Tourism Reservation Tour Reservations tour_reserves.php sql injection""}},""cveMetadata"":{""assignerOrgId"":""1af790b2-7ee1-4545-860a-a788eba489b5"",""assignerShortName"":""VulDB"",""cveId"":""CVE-2026-14763"",""datePublished"":""2026-07-05T16:15:06.752Z"",""dateReserved"":""2026-07-04T16:28:14.567Z"",""dateUpdated"":""2026-07-05T16:15:06.752Z"",""state"":""PUBLISHED""},""dataType"":""CVE_RECORD"",""dataVersion"":""5.2""}"
CVE-2025-67041,2025,PUBLISHED,2026-03-11T00:00:00.000Z,2025-12-08T00:00:00.000Z,2026-07-05T16:15:05.700Z,8254265b-2729-46b6-b9e3-3dfca2d5bfca,mitre,null,An issue was discovered in Lantronix EDS3000PS 3.1.0.0R2. The host parameter of the TFTP client in the Filesystem Browser page is not properly sanitized. This can be exploited to escape from the original command and execute an arbitrary one with root privileges.,"[{""vendor"":""n/a"",""product"":""n/a"",""defaultStatus"":null,""platforms"":null,""versions"":[{""version"":""n/a"",""status"":""affected"",""lessThan"":null,""lessThanOrEqual"":null,""versionType"":null}]}]",3.1,9.8,CRITICAL,CVSS:3.1/AV:N/AC:L/PR:N/UI:N/S:U/C:H/I:H/A:H,ADP,null,n/a,null,null,null,"[{""url"":""https://www.cisa.gov/news-events/ics-advisories/icsa-26-069-02"",""name"":null,""tags"":null}]","{""containers"":{""adp"":[{""metrics"":[{""cvssV3_1"":{""attackComplexity"":""LOW"",""attackVector"":""NETWORK"",""availabilityImpact"":""HIGH"",""baseScore"":9.8,""baseSeverity"":""CRITICAL"",""confidentialityImpact"":""HIGH"",""integrityImpact"":""HIGH"",""privilegesRequired"":""NONE"",""scope"":""UNCHANGED"",""userInteraction"":""NONE"",""vectorString"":""CVSS:3.1/AV:N/AC:L/PR:N/UI:N/S:U/C:H/I:H/A:H"",""version"":""3.1""}},{""other"":{""content"":{""id"":""CVE-2025-67041"",""options"":[{""Exploitation"":""none""},{""Automatable"":""yes""},{""Technical Impact"":""total""}],""role"":""CISA Coordinator"",""timestamp"":""2026-03-11T19:21:51.947867Z"",""version"":""2.0.3""},""type"":""ssvc""}}],""problemTypes"":[{""descriptions"":[{""cweId"":""CWE-78"",""description"":""CWE-78 Improper Neutralization of Special Elements used in an OS Command ('OS Command Injection')"",""lang"":""en"",""type"":""CWE""}]},{""descriptions"":[{""cweId"":""CWE-288"",""description"":""CWE-288 Authentication Bypass Using an Alternate Path or Channel"",""lang"":""en"",""type"":""CWE""}]},{""descriptions"":[{""cweId"":""CWE-620"",""description"":""CWE-620 Unverified Password Change"",""lang"":""en"",""type"":""CWE""}]}],""providerMetadata"":{""dateUpdated"":""2026-03-11T19:22:40.528Z"",""orgId"":""134c704f-9b21-4f2e-91b3-4a467353bcc0"",""shortName"":""CISA-ADP""},""title"":""CISA ADP Vulnrichment""}],""cna"":{""affected"":[{""product"":""n/a"",""vendor"":""n/a"",""versions"":[{""status"":""affected"",""version"":""n/a""}]}],""descriptions"":[{""lang"":""en"",""value"":""An issue was discovered in Lantronix EDS3000PS 3.1.0.0R2. The host parameter of the TFTP client in the Filesystem Browser page is not properly sanitized. This can be exploited to escape from the original command and execute an arbitrary one with root privileges.""}],""problemTypes"":[{""descriptions"":[{""description"":""n/a"",""lang"":""en"",""type"":""text""}]}],""providerMetadata"":{""dateUpdated"":""2026-07-05T16:15:05.700Z"",""orgId"":""8254265b-2729-46b6-b9e3-3dfca2d5bfca"",""shortName"":""mitre""},""references"":[{""url"":""https://www.cisa.gov/news-events/ics-advisories/icsa-26-069-02""}]}},""cveMetadata"":{""assignerOrgId"":""8254265b-2729-46b6-b9e3-3dfca2d5bfca"",""assignerShortName"":""mitre"",""cveId"":""CVE-2025-67041"",""datePublished"":""2026-03-11T00:00:00.000Z"",""dateReserved"":""2025-12-08T00:00:00.000Z"",""dateUpdated"":""2026-07-05T16:15:05.700Z"",""state"":""PUBLISHED""},""dataType"":""CVE_RECORD"",""dataVersion"":""5.2""}"
CVE-2025-67039,2025,PUBLISHED,2026-03-11T00:00:00.000Z,2025-12-08T00:00:00.000Z,2026-07-05T16:15:00.680Z,8254265b-2729-46b6-b9e3-3dfca2d5bfca,mitre,null,"An issue was discovered in Lantronix EDS3000PS 3.1.0.0R2. The authentication on management pages can be bypassed by appending a specific suffix to the URL and by sending an Authorization header that uses ""admin"" as the username.","[{""vendor"":""n/a"",""product"":""n/a"",""defaultStatus"":null,""platforms"":null,""versions"":[{""version"":""n/a"",""status"":""affected"",""lessThan"":null,""lessThanOrEqual"":null,""versionType"":null}]}]",3.1,9.1,CRITICAL,CVSS:3.1/AV:N/AC:L/PR:N/UI:N/S:U/C:H/I:H/A:N,ADP,null,n/a,null,null,null,"[{""url"":""https://www.cisa.gov/news-events/ics-advisories/icsa-26-069-02"",""name"":null,""tags"":null}]","{""containers"":{""adp"":[{""metrics"":[{""cvssV3_1"":{""attackComplexity"":""LOW"",""attackVector"":""NETWORK"",""availabilityImpact"":""NONE"",""baseScore"":9.1,""baseSeverity"":""CRITICAL"",""confidentialityImpact"":""HIGH"",""integrityImpact"":""HIGH"",""privilegesRequired"":""NONE"",""scope"":""UNCHANGED"",""userInteraction"":""NONE"",""vectorString"":""CVSS:3.1/AV:N/AC:L/PR:N/UI:N/S:U/C:H/I:H/A:N"",""version"":""3.1""}},{""other"":{""content"":{""id"":""CVE-2025-67039"",""options"":[{""Exploitation"":""none""},{""Automatable"":""yes""},{""Technical Impact"":""total""}],""role"":""CISA Coordinator"",""timestamp"":""2026-03-12T16:07:27.780188Z"",""version"":""2.0.3""},""type"":""ssvc""}}],""problemTypes"":[{""descriptions"":[{""cweId"":""CWE-288"",""description"":""CWE-288 Authentication Bypass Using an Alternate Path or Channel"",""lang"":""en"",""type"":""CWE""}]}],""providerMetadata"":{""dateUpdated"":""2026-03-12T16:09:15.255Z"",""orgId"":""134c704f-9b21-4f2e-91b3-4a467353bcc0"",""shortName"":""CISA-ADP""},""title"":""CISA ADP Vulnrichment""}],""cna"":{""affected"":[{""product"":""n/a"",""vendor"":""n/a"",""versions"":[{""status"":""affected"",""version"":""n/a""}]}],""descriptions"":[{""lang"":""en"",""value"":""An issue was discovered in Lantronix EDS3000PS 3.1.0.0R2. The authentication on management pages can be bypassed by appending a specific suffix to the URL and by sending an Authorization header that uses \""admin\"" as the username.""}],""problemTypes"":[{""descriptions"":[{""description"":""n/a"",""lang"":""en"",""type"":""text""}]}],""providerMetadata"":{""dateUpdated"":""2026-07-05T16:15:00.680Z"",""orgId"":""8254265b-2729-46b6-b9e3-3dfca2d5bfca"",""shortName"":""mitre""},""references"":[{""url"":""https://www.cisa.gov/news-events/ics-advisories/icsa-26-069-02""}]}},""cveMetadata"":{""assignerOrgId"":""8254265b-2729-46b6-b9e3-3dfca2d5bfca"",""assignerShortName"":""mitre"",""cveId"":""CVE-2025-67039"",""datePublished"":""2026-03-11T00:00:00.000Z"",""dateReserved"":""2025-12-08T00:00:00.000Z"",""dateUpdated"":""2026-07-05T16:15:00.680Z"",""state"":""PUBLISHED""},""dataType"":""CVE_RECORD"",""dataVersion"":""5.2""}"
CVE-2025-67038,2025,PUBLISHED,2026-03-11T00:00:00.000Z,2025-12-08T00:00:00.000Z,2026-07-05T16:14:56.785Z,8254265b-2729-46b6-b9e3-3dfca2d5bfca,mitre,null,An issue was discovered in Lantronix EDS5000 2.1.0.0R3. The HTTP RPC module executes a shell command to write logs when user's authantication fails. The username is directly concatenated with the command without any sanitization. This allow attackers to inject arbitrary OS commands into the username parameter. Injected commands are executed with root privileges.,"[{""vendor"":""n/a"",""product"":""n/a"",""defaultStatus"":null,""platforms"":null,""versions"":[{""version"":""n/a"",""status"":""affected"",""lessThan"":null,""lessThanOrEqual"":null,""versionType"":null}]}]",3.1,9.8,CRITICAL,CVSS:3.1/AV:N/AC:L/PR:N/UI:N/S:U/C:H/I:H/A:H,ADP,null,n/a,null,null,null,"[{""url"":""https://www.cisa.gov/news-events/ics-advisories/icsa-26-069-02"",""name"":null,""tags"":null}]","{""containers"":{""adp"":[{""metrics"":[{""cvssV3_1"":{""attackComplexity"":""LOW"",""attackVector"":""NETWORK"",""availabilityImpact"":""HIGH"",""baseScore"":9.8,""baseSeverity"":""CRITICAL"",""confidentialityImpact"":""HIGH"",""integrityImpact"":""HIGH"",""privilegesRequired"":""NONE"",""scope"":""UNCHANGED"",""userInteraction"":""NONE"",""vectorString"":""CVSS:3.1/AV:N/AC:L/PR:N/UI:N/S:U/C:H/I:H/A:H"",""version"":""3.1""}},{""other"":{""content"":{""id"":""CVE-2025-67038"",""options"":[{""Exploitation"":""active""},{""Automatable"":""yes""},{""Technical Impact"":""total""}],""role"":""CISA Coordinator"",""timestamp"":""2026-06-23T00:00:00+00:00"",""version"":""2.0.3""},""type"":""ssvc""}},{""other"":{""content"":{""dateAdded"":""2026-06-23"",""reference"":""https://www.cisa.gov/known-exploited-vulnerabilities-catalog?field_cve=CVE-2025-67038""},""type"":""kev""}}],""problemTypes"":[{""descriptions"":[{""cweId"":""CWE-94"",""description"":""CWE-94 Improper Control of Generation of Code ('Code Injection')"",""lang"":""en"",""type"":""CWE""}]}],""providerMetadata"":{""dateUpdated"":""2026-06-24T03:55:55.179Z"",""orgId"":""134c704f-9b21-4f2e-91b3-4a467353bcc0"",""shortName"":""CISA-ADP""},""references"":[{""tags"":[""government-resource""],""url"":""https://www.cisa.gov/known-exploited-vulnerabilities-catalog?field_cve=CVE-2025-67038""}],""timeline"":[{""lang"":""en"",""time"":""2026-06-23T00:00:00.000Z"",""value"":""CVE-2025-67038 added to CISA KEV""}],""title"":""CISA ADP Vulnrichment""}],""cna"":{""affected"":[{""product"":""n/a"",""vendor"":""n/a"",""versions"":[{""status"":""affected"",""version"":""n/a""}]}],""descriptions"":[{""lang"":""en"",""value"":""An issue was discovered in Lantronix EDS5000 2.1.0.0R3. The HTTP RPC module executes a shell command to write logs when user's authantication fails. The username is directly concatenated with the command without any sanitization. This allow attackers to inject arbitrary OS commands into the username parameter. Injected commands are executed with root privileges.""}],""problemTypes"":[{""descriptions"":[{""description"":""n/a"",""lang"":""en"",""type"":""text""}]}],""providerMetadata"":{""dateUpdated"":""2026-07-05T16:14:56.785Z"",""orgId"":""8254265b-2729-46b6-b9e3-3dfca2d5bfca"",""shortName"":""mitre""},""references"":[{""url"":""https://www.cisa.gov/news-events/ics-advisories/icsa-26-069-02""}]}},""cveMetadata"":{""assignerOrgId"":""8254265b-2729-46b6-b9e3-3dfca2d5bfca"",""assignerShortName"":""mitre"",""cveId"":""CVE-2025-67038"",""datePublished"":""2026-03-11T00:00:00.000Z"",""dateReserved"":""2025-12-08T00:00:00.000Z"",""dateUpdated"":""2026-07-05T16:14:56.785Z"",""state"":""PUBLISHED""},""dataType"":""CVE_RECORD"",""dataVersion"":""5.2""}"
CVE-2025-67037,2025,PUBLISHED,2026-03-11T00:00:00.000Z,2025-12-08T00:00:00.000Z,2026-07-05T16:14:52.665Z,8254265b-2729-46b6-b9e3-3dfca2d5bfca,mitre,null,"An issue was discovered in Lantronix EDS5000 2.1.0.0R3. An authenticated attacker can inject OS commands into the ""tunnel"" parameter when killing a tunnel connection. Injected commands are executed with root privileges.","[{""vendor"":""n/a"",""product"":""n/a"",""defaultStatus"":null,""platforms"":null,""versions"":[{""version"":""n/a"",""status"":""affected"",""lessThan"":null,""lessThanOrEqual"":null,""versionType"":null}]}]",3.1,8.8,HIGH,CVSS:3.1/AV:N/AC:L/PR:L/UI:N/S:U/C:H/I:H/A:H,ADP,null,n/a,null,null,null,"[{""url"":""https://www.cisa.gov/news-events/ics-advisories/icsa-26-069-02"",""name"":null,""tags"":null}]","{""containers"":{""adp"":[{""metrics"":[{""cvssV3_1"":{""attackComplexity"":""LOW"",""attackVector"":""NETWORK"",""availabilityImpact"":""HIGH"",""baseScore"":8.8,""baseSeverity"":""HIGH"",""confidentialityImpact"":""HIGH"",""integrityImpact"":""HIGH"",""privilegesRequired"":""LOW"",""scope"":""UNCHANGED"",""userInteraction"":""NONE"",""vectorString"":""CVSS:3.1/AV:N/AC:L/PR:L/UI:N/S:U/C:H/I:H/A:H"",""version"":""3.1""}},{""other"":{""content"":{""id"":""CVE-2025-67037"",""options"":[{""Exploitation"":""none""},{""Automatable"":""no""},{""Technical Impact"":""total""}],""role"":""CISA Coordinator"",""timestamp"":""2026-03-12T14:40:04.648802Z"",""version"":""2.0.3""},""type"":""ssvc""}}],""problemTypes"":[{""descriptions"":[{""cweId"":""CWE-94"",""description"":""CWE-94 Improper Control of Generation of Code ('Code Injection')"",""lang"":""en"",""type"":""CWE""}]}],""providerMetadata"":{""dateUpdated"":""2026-03-12T14:41:47.973Z"",""orgId"":""134c704f-9b21-4f2e-91b3-4a467353bcc0"",""shortName"":""CISA-ADP""},""title"":""CISA ADP Vulnrichment""}],""cna"":{""affected"":[{""product"":""n/a"",""vendor"":""n/a"",""versions"":[{""status"":""affected"",""version"":""n/a""}]}],""descriptions"":[{""lang"":""en"",""value"":""An issue was discovered in Lantronix EDS5000 2.1.0.0R3. An authenticated attacker can inject OS commands into the \""tunnel\"" parameter when killing a tunnel connection. Injected commands are executed with root privileges.""}],""problemTypes"":[{""descriptions"":[{""description"":""n/a"",""lang"":""en"",""type"":""text""}]}],""providerMetadata"":{""dateUpdated"":""2026-07-05T16:14:52.665Z"",""orgId"":""8254265b-2729-46b6-b9e3-3dfca2d5bfca"",""shortName"":""mitre""},""references"":[{""url"":""https://www.cisa.gov/news-events/ics-advisories/icsa-26-069-02""}]}},""cveMetadata"":{""assignerOrgId"":""8254265b-2729-46b6-b9e3-3dfca2d5bfca"",""assignerShortName"":""mitre"",""cveId"":""CVE-2025-67037"",""datePublished"":""2026-03-11T00:00:00.000Z"",""dateReserved"":""2025-12-08T00:00:00.000Z"",""dateUpdated"":""2026-07-05T16:14:52.665Z"",""state"":""PUBLISHED""},""dataType"":""CVE_RECORD"",""dataVersion"":""5.2""}"
CVE-2025-67036,2025,PUBLISHED,2026-03-11T00:00:00.000Z,2025-12-08T00:00:00.000Z,2026-07-05T16:14:48.685Z,8254265b-2729-46b6-b9e3-3dfca2d5bfca,mitre,null,"An issue was discovered in Lantronix EDS5000 2.1.0.0R3. The Log Info page allows users to see log files by specifying their names. Due to a missing sanitization in the file name parameter, an authenticated attacker can inject arbitrary OS commands that are executed with root privileges.","[{""vendor"":""n/a"",""product"":""n/a"",""defaultStatus"":null,""platforms"":null,""versions"":[{""version"":""n/a"",""status"":""affected"",""lessThan"":null,""lessThanOrEqual"":null,""versionType"":null}]}]",3.1,8.8,HIGH,CVSS:3.1/AV:N/AC:L/PR:L/UI:N/S:U/C:H/I:H/A:H,ADP,null,n/a,null,null,null,"[{""url"":""https://www.cisa.gov/news-events/ics-advisories/icsa-26-069-02"",""name"":null,""tags"":null}]","{""containers"":{""adp"":[{""metrics"":[{""cvssV3_1"":{""attackComplexity"":""LOW"",""attackVector"":""NETWORK"",""availabilityImpact"":""HIGH"",""baseScore"":8.8,""baseSeverity"":""HIGH"",""confidentialityImpact"":""HIGH"",""integrityImpact"":""HIGH"",""privilegesRequired"":""LOW"",""scope"":""UNCHANGED"",""userInteraction"":""NONE"",""vectorString"":""CVSS:3.1/AV:N/AC:L/PR:L/UI:N/S:U/C:H/I:H/A:H"",""version"":""3.1""}},{""other"":{""content"":{""id"":""CVE-2025-67036"",""options"":[{""Exploitation"":""none""},{""Automatable"":""no""},{""Technical Impact"":""total""}],""role"":""CISA Coordinator"",""timestamp"":""2026-03-12T14:35:16.957313Z"",""version"":""2.0.3""},""type"":""ssvc""}}],""problemTypes"":[{""descriptions"":[{""cweId"":""CWE-94"",""description"":""CWE-94 Improper Control of Generation of Code ('Code Injection')"",""lang"":""en"",""type"":""CWE""}]}],""providerMetadata"":{""dateUpdated"":""2026-03-12T14:38:53.579Z"",""orgId"":""134c704f-9b21-4f2e-91b3-4a467353bcc0"",""shortName"":""CISA-ADP""},""title"":""CISA ADP Vulnrichment""}],""cna"":{""affected"":[{""product"":""n/a"",""vendor"":""n/a"",""versions"":[{""status"":""affected"",""version"":""n/a""}]}],""descriptions"":[{""lang"":""en"",""value"":""An issue was discovered in Lantronix EDS5000 2.1.0.0R3. The Log Info page allows users to see log files by specifying their names. Due to a missing sanitization in the file name parameter, an authenticated attacker can inject arbitrary OS commands that are executed with root privileges.""}],""problemTypes"":[{""descriptions"":[{""description"":""n/a"",""lang"":""en"",""type"":""text""}]}],""providerMetadata"":{""dateUpdated"":""2026-07-05T16:14:48.685Z"",""orgId"":""8254265b-2729-46b6-b9e3-3dfca2d5bfca"",""shortName"":""mitre""},""references"":[{""url"":""https://www.cisa.gov/news-events/ics-advisories/icsa-26-069-02""}]}},""cveMetadata"":{""assignerOrgId"":""8254265b-2729-46b6-b9e3-3dfca2d5bfca"",""assignerShortName"":""mitre"",""cveId"":""CVE-2025-67036"",""datePublished"":""2026-03-11T00:00:00.000Z"",""dateReserved"":""2025-12-08T00:00:00.000Z"",""dateUpdated"":""2026-07-05T16:14:48.685Z"",""state"":""PUBLISHED""},""dataType"":""CVE_RECORD"",""dataVersion"":""5.2""}"
CVE-2025-67035,2025,PUBLISHED,2026-03-11T00:00:00.000Z,2025-12-08T00:00:00.000Z,2026-07-05T16:14:44.167Z,8254265b-2729-46b6-b9e3-3dfca2d5bfca,mitre,null,"An issue was discovered in Lantronix EDS5000 2.1.0.0R3. The SSH Client and SSH Server pages are affected by multiple OS injection vulnerabilities due to missing sanitization of input parameters. An attacker can inject arbitrary commands in delete actions of various objects, such as server keys, users, and known hosts. Commands are executed with root privileges.","[{""vendor"":""n/a"",""product"":""n/a"",""defaultStatus"":null,""platforms"":null,""versions"":[{""version"":""n/a"",""status"":""affected"",""lessThan"":null,""lessThanOrEqual"":null,""versionType"":null}]}]",3.1,9.8,CRITICAL,CVSS:3.1/AV:N/AC:L/PR:N/UI:N/S:U/C:H/I:H/A:H,ADP,null,n/a,null,null,null,"[{""url"":""https://www.cisa.gov/news-events/ics-advisories/icsa-26-069-02"",""name"":null,""tags"":null}]","{""containers"":{""adp"":[{""metrics"":[{""cvssV3_1"":{""attackComplexity"":""LOW"",""attackVector"":""NETWORK"",""availabilityImpact"":""HIGH"",""baseScore"":9.8,""baseSeverity"":""CRITICAL"",""confidentialityImpact"":""HIGH"",""integrityImpact"":""HIGH"",""privilegesRequired"":""NONE"",""scope"":""UNCHANGED"",""userInteraction"":""NONE"",""vectorString"":""CVSS:3.1/AV:N/AC:L/PR:N/UI:N/S:U/C:H/I:H/A:H"",""version"":""3.1""}},{""other"":{""content"":{""id"":""CVE-2025-67035"",""options"":[{""Exploitation"":""none""},{""Automatable"":""yes""},{""Technical Impact"":""total""}],""role"":""CISA Coordinator"",""timestamp"":""2026-03-12T14:32:49.318190Z"",""version"":""2.0.3""},""type"":""ssvc""}}],""problemTypes"":[{""descriptions"":[{""cweId"":""CWE-94"",""description"":""CWE-94 Improper Control of Generation of Code ('Code Injection')"",""lang"":""en"",""type"":""CWE""}]}],""providerMetadata"":{""dateUpdated"":""2026-03-12T14:34:11.984Z"",""orgId"":""134c704f-9b21-4f2e-91b3-4a467353bcc0"",""shortName"":""CISA-ADP""},""title"":""CISA ADP Vulnrichment""}],""cna"":{""affected"":[{""product"":""n/a"",""vendor"":""n/a"",""versions"":[{""status"":""affected"",""version"":""n/a""}]}],""descriptions"":[{""lang"":""en"",""value"":""An issue was discovered in Lantronix EDS5000 2.1.0.0R3. The SSH Client and SSH Server pages are affected by multiple OS injection vulnerabilities due to missing sanitization of input parameters. An attacker can inject arbitrary commands in delete actions of various objects, such as server keys, users, and known hosts. Commands are executed with root privileges.""}],""problemTypes"":[{""descriptions"":[{""description"":""n/a"",""lang"":""en"",""type"":""text""}]}],""providerMetadata"":{""dateUpdated"":""2026-07-05T16:14:44.167Z"",""orgId"":""8254265b-2729-46b6-b9e3-3dfca2d5bfca"",""shortName"":""mitre""},""references"":[{""url"":""https://www.cisa.gov/news-events/ics-advisories/icsa-26-069-02""}]}},""cveMetadata"":{""assignerOrgId"":""8254265b-2729-46b6-b9e3-3dfca2d5bfca"",""assignerShortName"":""mitre"",""cveId"":""CVE-2025-67035"",""datePublished"":""2026-03-11T00:00:00.000Z"",""dateReserved"":""2025-12-08T00:00:00.000Z"",""dateUpdated"":""2026-07-05T16:14:44.167Z"",""state"":""PUBLISHED""},""dataType"":""CVE_RECORD"",""dataVersion"":""5.2""}"
CVE-2025-67034,2025,PUBLISHED,2026-03-11T00:00:00.000Z,2025-12-08T00:00:00.000Z,2026-07-05T16:14:39.796Z,8254265b-2729-46b6-b9e3-3dfca2d5bfca,mitre,null,"An issue was discovered in Lantronix EDS5000 2.1.0.0R3. An authenticated attacker can inject OS commands into the ""name"" parameter when deleting SSL credentials through the management interface. Injected commands are executed with root privileges.","[{""vendor"":""n/a"",""product"":""n/a"",""defaultStatus"":null,""platforms"":null,""versions"":[{""version"":""n/a"",""status"":""affected"",""lessThan"":null,""lessThanOrEqual"":null,""versionType"":null}]}]",3.1,8.8,HIGH,CVSS:3.1/AV:N/AC:L/PR:L/UI:N/S:U/C:H/I:H/A:H,ADP,null,n/a,null,null,null,"[{""url"":""https://www.cisa.gov/news-events/ics-advisories/icsa-26-069-02"",""name"":null,""tags"":null}]","{""containers"":{""adp"":[{""metrics"":[{""cvssV3_1"":{""attackComplexity"":""LOW"",""attackVector"":""NETWORK"",""availabilityImpact"":""HIGH"",""baseScore"":8.8,""baseSeverity"":""HIGH"",""confidentialityImpact"":""HIGH"",""integrityImpact"":""HIGH"",""privilegesRequired"":""LOW"",""scope"":""UNCHANGED"",""userInteraction"":""NONE"",""vectorString"":""CVSS:3.1/AV:N/AC:L/PR:L/UI:N/S:U/C:H/I:H/A:H"",""version"":""3.1""}},{""other"":{""content"":{""id"":""CVE-2025-67034"",""options"":[{""Exploitation"":""none""},{""Automatable"":""no""},{""Technical Impact"":""total""}],""role"":""CISA Coordinator"",""timestamp"":""2026-03-12T14:29:32.430814Z"",""version"":""2.0.3""},""type"":""ssvc""}}],""problemTypes"":[{""descriptions"":[{""cweId"":""CWE-94"",""description"":""CWE-94 Improper Control of Generation of Code ('Code Injection')"",""lang"":""en"",""type"":""CWE""}]}],""providerMetadata"":{""dateUpdated"":""2026-03-12T14:31:58.900Z"",""orgId"":""134c704f-9b21-4f2e-91b3-4a467353bcc0"",""shortName"":""CISA-ADP""},""title"":""CISA ADP Vulnrichment""}],""cna"":{""affected"":[{""product"":""n/a"",""vendor"":""n/a"",""versions"":[{""status"":""affected"",""version"":""n/a""}]}],""descriptions"":[{""lang"":""en"",""value"":""An issue was discovered in Lantronix EDS5000 2.1.0.0R3. An authenticated attacker can inject OS commands into the \""name\"" parameter when deleting SSL credentials through the management interface. Injected commands are executed with root privileges.""}],""problemTypes"":[{""descriptions"":[{""description"":""n/a"",""lang"":""en"",""type"":""text""}]}],""providerMetadata"":{""dateUpdated"":""2026-07-05T16:14:39.796Z"",""orgId"":""8254265b-2729-46b6-b9e3-3dfca2d5bfca"",""shortName"":""mitre""},""references"":[{""url"":""https://www.cisa.gov/news-events/ics-advisories/icsa-26-069-02""}]}},""cveMetadata"":{""assignerOrgId"":""8254265b-2729-46b6-b9e3-3dfca2d5bfca"",""assignerShortName"":""mitre"",""cveId"":""CVE-2025-67034"",""datePublished"":""2026-03-11T00:00:00.000Z"",""dateReserved"":""2025-12-08T00:00:00.000Z"",""dateUpdated"":""2026-07-05T16:14:39.796Z"",""state"":""PUBLISHED""},""dataType"":""CVE_RECORD"",""dataVersion"":""5.2""}"
CVE-2025-70363,2025,PUBLISHED,2026-03-06T00:00:00.000Z,2026-01-09T00:00:00.000Z,2026-07-05T16:14:35.795Z,8254265b-2729-46b6-b9e3-3dfca2d5bfca,mitre,null,Incorrect access control in the REST API of Ibexa & Ciril GROUP eZ Platform / Ciril Platform 2.x allows unauthenticated attackers to access sensitive data via enumerating object IDs.,"[{""vendor"":""n/a"",""product"":""n/a"",""defaultStatus"":null,""platforms"":null,""versions"":[{""version"":""n/a"",""status"":""affected"",""lessThan"":null,""lessThanOrEqual"":null,""versionType"":null}]}]",3.1,7.5,HIGH,CVSS:3.1/AV:N/AC:L/PR:N/UI:N/S:U/C:H/I:N/A:N,ADP,null,n/a,null,null,null,"[{""url"":""https://gist.github.com/zywsec/a2bd04864895c8fd6d73dcf14a1f7607"",""name"":null,""tags"":null}]","{""containers"":{""adp"":[{""metrics"":[{""cvssV3_1"":{""attackComplexity"":""LOW"",""attackVector"":""NETWORK"",""availabilityImpact"":""NONE"",""baseScore"":7.5,""baseSeverity"":""HIGH"",""confidentialityImpact"":""HIGH"",""integrityImpact"":""NONE"",""privilegesRequired"":""NONE"",""scope"":""UNCHANGED"",""userInteraction"":""NONE"",""vectorString"":""CVSS:3.1/AV:N/AC:L/PR:N/UI:N/S:U/C:H/I:N/A:N"",""version"":""3.1""}},{""other"":{""content"":{""id"":""CVE-2025-70363"",""options"":[{""Exploitation"":""none""},{""Automatable"":""yes""},{""Technical Impact"":""partial""}],""role"":""CISA Coordinator"",""timestamp"":""2026-03-09T18:22:36.653521Z"",""version"":""2.0.3""},""type"":""ssvc""}}],""problemTypes"":[{""descriptions"":[{""cweId"":""CWE-284"",""description"":""CWE-284 Improper Access Control"",""lang"":""en"",""type"":""CWE""}]}],""providerMetadata"":{""dateUpdated"":""2026-03-09T18:24:57.280Z"",""orgId"":""134c704f-9b21-4f2e-91b3-4a467353bcc0"",""shortName"":""CISA-ADP""},""title"":""CISA ADP Vulnrichment""}],""cna"":{""affected"":[{""product"":""n/a"",""vendor"":""n/a"",""versions"":[{""status"":""affected"",""version"":""n/a""}]}],""descriptions"":[{""lang"":""en"",""value"":""Incorrect access control in the REST API of Ibexa & Ciril GROUP eZ Platform / Ciril Platform 2.x allows unauthenticated attackers to access sensitive data via enumerating object IDs.""}],""problemTypes"":[{""descriptions"":[{""description"":""n/a"",""lang"":""en"",""type"":""text""}]}],""providerMetadata"":{""dateUpdated"":""2026-07-05T16:14:35.795Z"",""orgId"":""8254265b-2729-46b6-b9e3-3dfca2d5bfca"",""shortName"":""mitre""},""references"":[{""url"":""https://gist.github.com/zywsec/a2bd04864895c8fd6d73dcf14a1f7607""}]}},""cveMetadata"":{""assignerOrgId"":""8254265b-2729-46b6-b9e3-3dfca2d5bfca"",""assignerShortName"":""mitre"",""cveId"":""CVE-2025-70363"",""datePublished"":""2026-03-06T00:00:00.000Z"",""dateReserved"":""2026-01-09T00:00:00.000Z"",""dateUpdated"":""2026-07-05T16:14:35.795Z"",""state"":""PUBLISHED""},""dataType"":""CVE_RECORD"",""dataVersion"":""5.2""}"
CVE-2025-70330,2025,PUBLISHED,2026-03-11T00:00:00.000Z,2026-01-09T00:00:00.000Z,2026-07-05T16:14:31.870Z,8254265b-2729-46b6-b9e3-3dfca2d5bfca,mitre,null,"Easy Grade Pro 4.1.0.2 contains a file parsing logic flaw in the handling of proprietary .EGP gradebook files. By modifying specific fields at precise offsets within an otherwise valid .EGP file, an attacker can trigger an out-of-bounds memory read during parsing. This results in an unhandled access violation and application crash, leading to a local denial-of-service condition when the crafted file is opened by a user.","[{""vendor"":""n/a"",""product"":""n/a"",""defaultStatus"":null,""platforms"":null,""versions"":[{""version"":""n/a"",""status"":""affected"",""lessThan"":null,""lessThanOrEqual"":null,""versionType"":null}]}]",3.1,3.3,LOW,CVSS:3.1/AV:L/AC:L/PR:N/UI:R/S:U/C:N/I:N/A:L,ADP,null,n/a,null,null,null,"[{""url"":""https://github.com/TheMalwareGuardian/CVE-2025-70330"",""name"":null,""tags"":null}]","{""containers"":{""adp"":[{""metrics"":[{""cvssV3_1"":{""attackComplexity"":""LOW"",""attackVector"":""LOCAL"",""availabilityImpact"":""LOW"",""baseScore"":3.3,""baseSeverity"":""LOW"",""confidentialityImpact"":""NONE"",""integrityImpact"":""NONE"",""privilegesRequired"":""NONE"",""scope"":""UNCHANGED"",""userInteraction"":""REQUIRED"",""vectorString"":""CVSS:3.1/AV:L/AC:L/PR:N/UI:R/S:U/C:N/I:N/A:L"",""version"":""3.1""}},{""other"":{""content"":{""id"":""CVE-2025-70330"",""options"":[{""Exploitation"":""poc""},{""Automatable"":""no""},{""Technical Impact"":""partial""}],""role"":""CISA Coordinator"",""timestamp"":""2026-03-11T15:00:35.859052Z"",""version"":""2.0.3""},""type"":""ssvc""}}],""problemTypes"":[{""descriptions"":[{""cweId"":""CWE-125"",""description"":""CWE-125 Out-of-bounds Read"",""lang"":""en"",""type"":""CWE""}]}],""providerMetadata"":{""dateUpdated"":""2026-03-11T15:01:13.165Z"",""orgId"":""134c704f-9b21-4f2e-91b3-4a467353bcc0"",""shortName"":""CISA-ADP""},""title"":""CISA ADP Vulnrichment""}],""cna"":{""affected"":[{""product"":""n/a"",""vendor"":""n/a"",""versions"":[{""status"":""affected"",""version"":""n/a""}]}],""descriptions"":[{""lang"":""en"",""value"":""Easy Grade Pro 4.1.0.2 contains a file parsing logic flaw in the handling of proprietary .EGP gradebook files. By modifying specific fields at precise offsets within an otherwise valid .EGP file, an attacker can trigger an out-of-bounds memory read during parsing. This results in an unhandled access violation and application crash, leading to a local denial-of-service condition when the crafted file is opened by a user.""}],""problemTypes"":[{""descriptions"":[{""description"":""n/a"",""lang"":""en"",""type"":""text""}]}],""providerMetadata"":{""dateUpdated"":""2026-07-05T16:14:31.870Z"",""orgId"":""8254265b-2729-46b6-b9e3-3dfca2d5bfca"",""shortName"":""mitre""},""references"":[{""url"":""https://github.com/TheMalwareGuardian/CVE-2025-70330""}]}},""cveMetadata"":{""assignerOrgId"":""8254265b-2729-46b6-b9e3-3dfca2d5bfca"",""assignerShortName"":""mitre"",""cveId"":""CVE-2025-70330"",""datePublished"":""2026-03-11T00:00:00.000Z"",""dateReserved"":""2026-01-09T00:00:00.000Z"",""dateUpdated"":""2026-07-05T16:14:31.870Z"",""state"":""PUBLISHED""},""dataType"":""CVE_RECORD"",""dataVersion"":""5.2""}"
CVE-2026-29598,2026,PUBLISHED,2026-04-01T00:00:00.000Z,2026-03-04T00:00:00.000Z,2026-07-05T16:14:26.006Z,8254265b-2729-46b6-b9e3-3dfca2d5bfca,mitre,null,Multiple stored cross-site scripting (XSS) vulnerabilities in the submit_add_user.asp endpoint of DDSN Interactive Acora CMS v10.7.1 allow attackers to execute arbitrary web scripts or HTML via injecting a crafted payload into the First Name and Last Name parameters.,"[{""vendor"":""n/a"",""product"":""n/a"",""defaultStatus"":null,""platforms"":null,""versions"":[{""version"":""n/a"",""status"":""affected"",""lessThan"":null,""lessThanOrEqual"":null,""versionType"":null}]}]",3.1,5.4,MEDIUM,CVSS:3.1/AV:N/AC:L/PR:L/UI:R/S:C/C:L/I:L/A:N,ADP,null,n/a,null,null,null,"[{""url"":""https://github.com/padayali-JD/CVE-2026-29598"",""name"":null,""tags"":null}]","{""containers"":{""adp"":[{""metrics"":[{""cvssV3_1"":{""attackComplexity"":""LOW"",""attackVector"":""NETWORK"",""availabilityImpact"":""NONE"",""baseScore"":5.4,""baseSeverity"":""MEDIUM"",""confidentialityImpact"":""LOW"",""integrityImpact"":""LOW"",""privilegesRequired"":""LOW"",""scope"":""CHANGED"",""userInteraction"":""REQUIRED"",""vectorString"":""CVSS:3.1/AV:N/AC:L/PR:L/UI:R/S:C/C:L/I:L/A:N"",""version"":""3.1""}},{""other"":{""content"":{""id"":""CVE-2026-29598"",""options"":[{""Exploitation"":""poc""},{""Automatable"":""no""},{""Technical Impact"":""partial""}],""role"":""CISA Coordinator"",""timestamp"":""2026-04-01T19:07:29.307012Z"",""version"":""2.0.3""},""type"":""ssvc""}}],""problemTypes"":[{""descriptions"":[{""cweId"":""CWE-79"",""description"":""CWE-79 Improper Neutralization of Input During Web Page Generation ('Cross-site Scripting')"",""lang"":""en"",""type"":""CWE""}]}],""providerMetadata"":{""dateUpdated"":""2026-04-01T19:08:33.198Z"",""orgId"":""134c704f-9b21-4f2e-91b3-4a467353bcc0"",""shortName"":""CISA-ADP""},""title"":""CISA ADP Vulnrichment""}],""cna"":{""affected"":[{""product"":""n/a"",""vendor"":""n/a"",""versions"":[{""status"":""affected"",""version"":""n/a""}]}],""descriptions"":[{""lang"":""en"",""value"":""Multiple stored cross-site scripting (XSS) vulnerabilities in the submit_add_user.asp endpoint of DDSN Interactive Acora CMS v10.7.1 allow attackers to execute arbitrary web scripts or HTML via injecting a crafted payload into the First Name and Last Name parameters.""}],""problemTypes"":[{""descriptions"":[{""description"":""n/a"",""lang"":""en"",""type"":""text""}]}],""providerMetadata"":{""dateUpdated"":""2026-07-05T16:14:26.006Z"",""orgId"":""8254265b-2729-46b6-b9e3-3dfca2d5bfca"",""shortName"":""mitre""},""references"":[{""url"":""https://github.com/padayali-JD/CVE-2026-29598""}]}},""cveMetadata"":{""assignerOrgId"":""8254265b-2729-46b6-b9e3-3dfca2d5bfca"",""assignerShortName"":""mitre"",""cveId"":""CVE-2026-29598"",""datePublished"":""2026-04-01T00:00:00.000Z"",""dateReserved"":""2026-03-04T00:00:00.000Z"",""dateUpdated"":""2026-07-05T16:14:26.006Z"",""state"":""PUBLISHED""},""dataType"":""CVE_RECORD"",""dataVersion"":""5.2""}"
CVE-2026-29597,2026,PUBLISHED,2026-03-30T00:00:00.000Z,2026-03-04T00:00:00.000Z,2026-07-05T16:14:21.170Z,8254265b-2729-46b6-b9e3-3dfca2d5bfca,mitre,null,"DDSN Interactive cm3 Acora CMS version 10.7.1 contains an improper access control vulnerability. An editor-privileged user can access sensitive configuration files by force browsing the “/Admin/file_manager/file_details.asp” endpoint and manipulating the “file” parameter. By referencing specific files (e.g., cm3.xml), the attacker can retrieve system administrator credentials, SMTP settings, database credentials, and other confidential information. The exposure of this information can lead to full administrative access to the CMS, unauthorized access to email services, compromise of backend databases, lateral movement within the network, and long-term persistence by an attacker. This access control bypass poses a critical risk of account takeover, privilege escalation, and systemic compromise of the affected application and its associated infrastructure.","[{""vendor"":""n/a"",""product"":""n/a"",""defaultStatus"":null,""platforms"":null,""versions"":[{""version"":""n/a"",""status"":""affected"",""lessThan"":null,""lessThanOrEqual"":null,""versionType"":null}]}]",3.1,6.5,MEDIUM,CVSS:3.1/AV:N/AC:L/PR:L/UI:N/S:U/C:H/I:N/A:N,ADP,null,n/a,null,null,null,"[{""url"":""https://github.com/padayali-JD/CVE-2026-29597"",""name"":null,""tags"":null}]","{""containers"":{""adp"":[{""metrics"":[{""cvssV3_1"":{""attackComplexity"":""LOW"",""attackVector"":""NETWORK"",""availabilityImpact"":""NONE"",""baseScore"":6.5,""baseSeverity"":""MEDIUM"",""confidentialityImpact"":""HIGH"",""integrityImpact"":""NONE"",""privilegesRequired"":""LOW"",""scope"":""UNCHANGED"",""userInteraction"":""NONE"",""vectorString"":""CVSS:3.1/AV:N/AC:L/PR:L/UI:N/S:U/C:H/I:N/A:N"",""version"":""3.1""}},{""other"":{""content"":{""id"":""CVE-2026-29597"",""options"":[{""Exploitation"":""none""},{""Automatable"":""no""},{""Technical Impact"":""partial""}],""role"":""CISA Coordinator"",""timestamp"":""2026-03-30T18:20:32.685189Z"",""version"":""2.0.3""},""type"":""ssvc""}}],""problemTypes"":[{""descriptions"":[{""cweId"":""CWE-284"",""description"":""CWE-284 Improper Access Control"",""lang"":""en"",""type"":""CWE""}]}],""providerMetadata"":{""dateUpdated"":""2026-03-30T18:21:08.671Z"",""orgId"":""134c704f-9b21-4f2e-91b3-4a467353bcc0"",""shortName"":""CISA-ADP""},""title"":""CISA ADP Vulnrichment""}],""cna"":{""affected"":[{""product"":""n/a"",""vendor"":""n/a"",""versions"":[{""status"":""affected"",""version"":""n/a""}]}],""descriptions"":[{""lang"":""en"",""value"":""DDSN Interactive cm3 Acora CMS version 10.7.1 contains an improper access control vulnerability. An editor-privileged user can access sensitive configuration files by force browsing the “/Admin/file_manager/file_details.asp” endpoint and manipulating the “file” parameter. By referencing specific files (e.g., cm3.xml), the attacker can retrieve system administrator credentials, SMTP settings, database credentials, and other confidential information. The exposure of this information can lead to full administrative access to the CMS, unauthorized access to email services, compromise of backend databases, lateral movement within the network, and long-term persistence by an attacker. This access control bypass poses a critical risk of account takeover, privilege escalation, and systemic compromise of the affected application and its associated infrastructure.""}],""problemTypes"":[{""descriptions"":[{""description"":""n/a"",""lang"":""en"",""type"":""text""}]}],""providerMetadata"":{""dateUpdated"":""2026-07-05T16:14:21.170Z"",""orgId"":""8254265b-2729-46b6-b9e3-3dfca2d5bfca"",""shortName"":""mitre""},""references"":[{""url"":""https://github.com/padayali-JD/CVE-2026-29597""}]}},""cveMetadata"":{""assignerOrgId"":""8254265b-2729-46b6-b9e3-3dfca2d5bfca"",""assignerShortName"":""mitre"",""cveId"":""CVE-2026-29597"",""datePublished"":""2026-03-30T00:00:00.000Z"",""dateReserved"":""2026-03-04T00:00:00.000Z"",""dateUpdated"":""2026-07-05T16:14:21.170Z"",""state"":""PUBLISHED""},""dataType"":""CVE_RECORD"",""dataVersion"":""5.2""}"
CVE-2026-30695,2026,PUBLISHED,2026-03-18T00:00:00.000Z,2026-03-04T00:00:00.000Z,2026-07-05T16:14:16.967Z,8254265b-2729-46b6-b9e3-3dfca2d5bfca,mitre,null,"A Cross-Site Scripting (XSS) vulnerability exists in the web-based configuration interface of Zucchetti Axess access control devices, including XA4, X3/X3BIO, X4, X7, and XIO / i-door / i-door+. The vulnerability is caused by improper sanitization of user-supplied input in the dirBrowse parameter of the /file_manager.cgi endpoint.","[{""vendor"":""n/a"",""product"":""n/a"",""defaultStatus"":null,""platforms"":null,""versions"":[{""version"":""n/a"",""status"":""affected"",""lessThan"":null,""lessThanOrEqual"":null,""versionType"":null}]}]",3.1,6.1,MEDIUM,CVSS:3.1/AV:N/AC:L/PR:N/UI:R/S:C/C:L/I:L/A:N,ADP,null,n/a,null,null,null,"[{""url"":""https://github.com/iremnurylmz/CVE-2026-30695"",""name"":null,""tags"":null}]","{""containers"":{""adp"":[{""metrics"":[{""cvssV3_1"":{""attackComplexity"":""LOW"",""attackVector"":""NETWORK"",""availabilityImpact"":""NONE"",""baseScore"":6.1,""baseSeverity"":""MEDIUM"",""confidentialityImpact"":""LOW"",""integrityImpact"":""LOW"",""privilegesRequired"":""NONE"",""scope"":""CHANGED"",""userInteraction"":""REQUIRED"",""vectorString"":""CVSS:3.1/AV:N/AC:L/PR:N/UI:R/S:C/C:L/I:L/A:N"",""version"":""3.1""}},{""other"":{""content"":{""id"":""CVE-2026-30695"",""options"":[{""Exploitation"":""poc""},{""Automatable"":""no""},{""Technical Impact"":""partial""}],""role"":""CISA Coordinator"",""timestamp"":""2026-03-19T14:13:08.440681Z"",""version"":""2.0.3""},""type"":""ssvc""}}],""problemTypes"":[{""descriptions"":[{""cweId"":""CWE-79"",""description"":""CWE-79 Improper Neutralization of Input During Web Page Generation ('Cross-site Scripting')"",""lang"":""en"",""type"":""CWE""}]}],""providerMetadata"":{""dateUpdated"":""2026-03-19T14:14:34.931Z"",""orgId"":""134c704f-9b21-4f2e-91b3-4a467353bcc0"",""shortName"":""CISA-ADP""},""title"":""CISA ADP Vulnrichment""}],""cna"":{""affected"":[{""product"":""n/a"",""vendor"":""n/a"",""versions"":[{""status"":""affected"",""version"":""n/a""}]}],""descriptions"":[{""lang"":""en"",""value"":""A Cross-Site Scripting (XSS) vulnerability exists in the web-based configuration interface of Zucchetti Axess access control devices, including XA4, X3/X3BIO, X4, X7, and XIO / i-door / i-door+. The vulnerability is caused by improper sanitization of user-supplied input in the dirBrowse parameter of the /file_manager.cgi endpoint.""}],""problemTypes"":[{""descriptions"":[{""description"":""n/a"",""lang"":""en"",""type"":""text""}]}],""providerMetadata"":{""dateUpdated"":""2026-07-05T16:14:16.967Z"",""orgId"":""8254265b-2729-46b6-b9e3-3dfca2d5bfca"",""shortName"":""mitre""},""references"":[{""url"":""https://github.com/iremnurylmz/CVE-2026-30695""}]}},""cveMetadata"":{""assignerOrgId"":""8254265b-2729-46b6-b9e3-3dfca2d5bfca"",""assignerShortName"":""mitre"",""cveId"":""CVE-2026-30695"",""datePublished"":""2026-03-18T00:00:00.000Z"",""dateReserved"":""2026-03-04T00:00:00.000Z"",""dateUpdated"":""2026-07-05T16:14:16.967Z"",""state"":""PUBLISHED""},""dataType"":""CVE_RECORD"",""dataVersion"":""5.2""}"
CVE-2026-30603,2026,PUBLISHED,2026-04-02T00:00:00.000Z,2026-03-04T00:00:00.000Z,2026-07-05T16:14:12.991Z,8254265b-2729-46b6-b9e3-3dfca2d5bfca,mitre,null,"An issue in the firmware update mechanism of Qianniao QN-L23PA0904 v20250721.1640 allows attackers to gain root access, install backdoors, and exfiltrate data via supplying a crafted iu.sh script contained in an SD card.","[{""vendor"":""n/a"",""product"":""n/a"",""defaultStatus"":null,""platforms"":null,""versions"":[{""version"":""n/a"",""status"":""affected"",""lessThan"":null,""lessThanOrEqual"":null,""versionType"":null}]}]",3.1,6.8,MEDIUM,CVSS:3.1/AV:P/AC:L/PR:N/UI:N/S:U/C:H/I:H/A:H,ADP,null,n/a,null,null,null,"[{""url"":""https://github.com/0xghostrush/Research/blob/main/CVE-2026-30603/CVE-2026-30603.md"",""name"":null,""tags"":null}]","{""containers"":{""adp"":[{""metrics"":[{""cvssV3_1"":{""attackComplexity"":""LOW"",""attackVector"":""PHYSICAL"",""availabilityImpact"":""HIGH"",""baseScore"":6.8,""baseSeverity"":""MEDIUM"",""confidentialityImpact"":""HIGH"",""integrityImpact"":""HIGH"",""privilegesRequired"":""NONE"",""scope"":""UNCHANGED"",""userInteraction"":""NONE"",""vectorString"":""CVSS:3.1/AV:P/AC:L/PR:N/UI:N/S:U/C:H/I:H/A:H"",""version"":""3.1""}},{""other"":{""content"":{""id"":""CVE-2026-30603"",""options"":[{""Exploitation"":""poc""},{""Automatable"":""no""},{""Technical Impact"":""total""}],""role"":""CISA Coordinator"",""timestamp"":""2026-04-02T17:57:03.451229Z"",""version"":""2.0.3""},""type"":""ssvc""}}],""problemTypes"":[{""descriptions"":[{""cweId"":""CWE-494"",""description"":""CWE-494 Download of Code Without Integrity Check"",""lang"":""en"",""type"":""CWE""}]},{""descriptions"":[{""cweId"":""CWE-345"",""description"":""CWE-345 Insufficient Verification of Data Authenticity"",""lang"":""en"",""type"":""CWE""}]}],""providerMetadata"":{""dateUpdated"":""2026-04-02T17:57:43.296Z"",""orgId"":""134c704f-9b21-4f2e-91b3-4a467353bcc0"",""shortName"":""CISA-ADP""},""title"":""CISA ADP Vulnrichment""}],""cna"":{""affected"":[{""product"":""n/a"",""vendor"":""n/a"",""versions"":[{""status"":""affected"",""version"":""n/a""}]}],""descriptions"":[{""lang"":""en"",""value"":""An issue in the firmware update mechanism of Qianniao QN-L23PA0904 v20250721.1640 allows attackers to gain root access, install backdoors, and exfiltrate data via supplying a crafted iu.sh script contained in an SD card.""}],""problemTypes"":[{""descriptions"":[{""description"":""n/a"",""lang"":""en"",""type"":""text""}]}],""providerMetadata"":{""dateUpdated"":""2026-07-05T16:14:12.991Z"",""orgId"":""8254265b-2729-46b6-b9e3-3dfca2d5bfca"",""shortName"":""mitre""},""references"":[{""url"":""https://github.com/0xghostrush/Research/blob/main/CVE-2026-30603/CVE-2026-30603.md""}]}},""cveMetadata"":{""assignerOrgId"":""8254265b-2729-46b6-b9e3-3dfca2d5bfca"",""assignerShortName"":""mitre"",""cveId"":""CVE-2026-30603"",""datePublished"":""2026-04-02T00:00:00.000Z"",""dateReserved"":""2026-03-04T00:00:00.000Z"",""dateUpdated"":""2026-07-05T16:14:12.991Z"",""state"":""PUBLISHED""},""dataType"":""CVE_RECORD"",""dataVersion"":""5.2""}"
CVE-2026-30463,2026,PUBLISHED,2026-03-26T00:00:00.000Z,2026-03-04T00:00:00.000Z,2026-07-05T16:14:07.976Z,8254265b-2729-46b6-b9e3-3dfca2d5bfca,mitre,null,Daylight Studio FuelCMS v1.5.2 was discovered to contain a SQL injection vulnerability via the /controllers/Login.php component.,"[{""vendor"":""n/a"",""product"":""n/a"",""defaultStatus"":null,""platforms"":null,""versions"":[{""version"":""n/a"",""status"":""affected"",""lessThan"":null,""lessThanOrEqual"":null,""versionType"":null}]}]",3.1,7.7,HIGH,CVSS:3.1/AV:N/AC:H/PR:N/UI:N/S:U/C:H/I:H/A:L,ADP,null,n/a,null,null,null,"[{""url"":""https://pentest-tools.com/PTT-2025-030%E2%80%93SQL-Injection-via-Password-Reset.pdf"",""name"":null,""tags"":null}]","{""containers"":{""adp"":[{""metrics"":[{""cvssV3_1"":{""attackComplexity"":""HIGH"",""attackVector"":""NETWORK"",""availabilityImpact"":""LOW"",""baseScore"":7.7,""baseSeverity"":""HIGH"",""confidentialityImpact"":""HIGH"",""integrityImpact"":""HIGH"",""privilegesRequired"":""NONE"",""scope"":""UNCHANGED"",""userInteraction"":""NONE"",""vectorString"":""CVSS:3.1/AV:N/AC:H/PR:N/UI:N/S:U/C:H/I:H/A:L"",""version"":""3.1""}},{""other"":{""content"":{""id"":""CVE-2026-30463"",""options"":[{""Exploitation"":""poc""},{""Automatable"":""no""},{""Technical Impact"":""partial""}],""role"":""CISA Coordinator"",""timestamp"":""2026-03-27T19:51:55.482895Z"",""version"":""2.0.3""},""type"":""ssvc""}}],""problemTypes"":[{""descriptions"":[{""cweId"":""CWE-89"",""description"":""CWE-89 Improper Neutralization of Special Elements used in an SQL Command ('SQL Injection')"",""lang"":""en"",""type"":""CWE""}]}],""providerMetadata"":{""dateUpdated"":""2026-03-27T19:53:15.741Z"",""orgId"":""134c704f-9b21-4f2e-91b3-4a467353bcc0"",""shortName"":""CISA-ADP""},""title"":""CISA ADP Vulnrichment""}],""cna"":{""affected"":[{""product"":""n/a"",""vendor"":""n/a"",""versions"":[{""status"":""affected"",""version"":""n/a""}]}],""descriptions"":[{""lang"":""en"",""value"":""Daylight Studio FuelCMS v1.5.2 was discovered to contain a SQL injection vulnerability via the /controllers/Login.php component.""}],""problemTypes"":[{""descriptions"":[{""description"":""n/a"",""lang"":""en"",""type"":""text""}]}],""providerMetadata"":{""dateUpdated"":""2026-07-05T16:14:07.976Z"",""orgId"":""8254265b-2729-46b6-b9e3-3dfca2d5bfca"",""shortName"":""mitre""},""references"":[{""url"":""https://pentest-tools.com/PTT-2025-030%E2%80%93SQL-Injection-via-Password-Reset.pdf""}]}},""cveMetadata"":{""assignerOrgId"":""8254265b-2729-46b6-b9e3-3dfca2d5bfca"",""assignerShortName"":""mitre"",""cveId"":""CVE-2026-30463"",""datePublished"":""2026-03-26T00:00:00.000Z"",""dateReserved"":""2026-03-04T00:00:00.000Z"",""dateUpdated"":""2026-07-05T16:14:07.976Z"",""state"":""PUBLISHED""},""dataType"":""CVE_RECORD"",""dataVersion"":""5.2""}"
CVE-2026-30458,2026,PUBLISHED,2026-03-26T00:00:00.000Z,2026-03-04T00:00:00.000Z,2026-07-05T16:14:01.478Z,8254265b-2729-46b6-b9e3-3dfca2d5bfca,mitre,null,An issue in Daylight Studio FuelCMS v1.5.2 allows attackers to exfiltrate users' password reset tokens via a mail splitting attack.,"[{""vendor"":""n/a"",""product"":""n/a"",""defaultStatus"":null,""platforms"":null,""versions"":[{""version"":""n/a"",""status"":""affected"",""lessThan"":null,""lessThanOrEqual"":null,""versionType"":null}]}]",3.1,9.1,CRITICAL,CVSS:3.1/AV:N/AC:L/PR:N/UI:N/S:U/C:H/I:H/A:N,ADP,null,n/a,null,null,null,"[{""url"":""https://github.com/daylightstudio/FUEL-CMS"",""name"":null,""tags"":null},{""url"":""https://pentest-tools.com/PTT-2025-025-Account-Takeover-via-Email-Array.pdf"",""name"":null,""tags"":null}]","{""containers"":{""adp"":[{""metrics"":[{""cvssV3_1"":{""attackComplexity"":""LOW"",""attackVector"":""NETWORK"",""availabilityImpact"":""NONE"",""baseScore"":9.1,""baseSeverity"":""CRITICAL"",""confidentialityImpact"":""HIGH"",""integrityImpact"":""HIGH"",""privilegesRequired"":""NONE"",""scope"":""UNCHANGED"",""userInteraction"":""NONE"",""vectorString"":""CVSS:3.1/AV:N/AC:L/PR:N/UI:N/S:U/C:H/I:H/A:N"",""version"":""3.1""}},{""other"":{""content"":{""id"":""CVE-2026-30458"",""options"":[{""Exploitation"":""poc""},{""Automatable"":""yes""},{""Technical Impact"":""total""}],""role"":""CISA Coordinator"",""timestamp"":""2026-03-28T01:59:12.597605Z"",""version"":""2.0.3""},""type"":""ssvc""}}],""problemTypes"":[{""descriptions"":[{""cweId"":""CWE-620"",""description"":""CWE-620 Unverified Password Change"",""lang"":""en"",""type"":""CWE""}]}],""providerMetadata"":{""dateUpdated"":""2026-03-28T02:03:09.642Z"",""orgId"":""134c704f-9b21-4f2e-91b3-4a467353bcc0"",""shortName"":""CISA-ADP""},""title"":""CISA ADP Vulnrichment""}],""cna"":{""affected"":[{""product"":""n/a"",""vendor"":""n/a"",""versions"":[{""status"":""affected"",""version"":""n/a""}]}],""descriptions"":[{""lang"":""en"",""value"":""An issue in Daylight Studio FuelCMS v1.5.2 allows attackers to exfiltrate users' password reset tokens via a mail splitting attack.""}],""problemTypes"":[{""descriptions"":[{""description"":""n/a"",""lang"":""en"",""type"":""text""}]}],""providerMetadata"":{""dateUpdated"":""2026-07-05T16:14:01.478Z"",""orgId"":""8254265b-2729-46b6-b9e3-3dfca2d5bfca"",""shortName"":""mitre""},""references"":[{""url"":""https://github.com/daylightstudio/FUEL-CMS""},{""url"":""https://pentest-tools.com/PTT-2025-025-Account-Takeover-via-Email-Array.pdf""}]}},""cveMetadata"":{""assignerOrgId"":""8254265b-2729-46b6-b9e3-3dfca2d5bfca"",""assignerShortName"":""mitre"",""cveId"":""CVE-2026-30458"",""datePublished"":""2026-03-26T00:00:00.000Z"",""dateReserved"":""2026-03-04T00:00:00.000Z"",""dateUpdated"":""2026-07-05T16:14:01.478Z"",""state"":""PUBLISHED""},""dataType"":""CVE_RECORD"",""dataVersion"":""5.2""}"
CVE-2026-30457,2026,PUBLISHED,2026-03-26T00:00:00.000Z,2026-03-04T00:00:00.000Z,2026-07-05T16:13:57.385Z,8254265b-2729-46b6-b9e3-3dfca2d5bfca,mitre,null,An issue in the /parser/dwoo component of Daylight Studio FuelCMS v1.5.2 allows attackers to execute arbitrary code via crafted PHP code.,"[{""vendor"":""n/a"",""product"":""n/a"",""defaultStatus"":null,""platforms"":null,""versions"":[{""version"":""n/a"",""status"":""affected"",""lessThan"":null,""lessThanOrEqual"":null,""versionType"":null}]}]",3.1,9.8,CRITICAL,CVSS:3.1/AV:N/AC:L/PR:N/UI:N/S:U/C:H/I:H/A:H,ADP,null,n/a,null,null,null,"[{""url"":""https://github.com/daylightstudio/FUEL-CMS/tree/master/fuel/modules/fuel/libraries/parser/dwoo"",""name"":null,""tags"":null},{""url"":""https://pentest-tools.com/PTT-2025-026-PHP-Code-Execution-Via-Dwoo-Escape.pdf"",""name"":null,""tags"":null}]","{""containers"":{""adp"":[{""metrics"":[{""cvssV3_1"":{""attackComplexity"":""LOW"",""attackVector"":""NETWORK"",""availabilityImpact"":""HIGH"",""baseScore"":9.8,""baseSeverity"":""CRITICAL"",""confidentialityImpact"":""HIGH"",""integrityImpact"":""HIGH"",""privilegesRequired"":""NONE"",""scope"":""UNCHANGED"",""userInteraction"":""NONE"",""vectorString"":""CVSS:3.1/AV:N/AC:L/PR:N/UI:N/S:U/C:H/I:H/A:H"",""version"":""3.1""}},{""other"":{""content"":{""id"":""CVE-2026-30457"",""options"":[{""Exploitation"":""none""},{""Automatable"":""yes""},{""Technical Impact"":""total""}],""role"":""CISA Coordinator"",""timestamp"":""2026-03-28T01:56:09.234038Z"",""version"":""2.0.3""},""type"":""ssvc""}}],""problemTypes"":[{""descriptions"":[{""cweId"":""CWE-94"",""description"":""CWE-94 Improper Control of Generation of Code ('Code Injection')"",""lang"":""en"",""type"":""CWE""}]}],""providerMetadata"":{""dateUpdated"":""2026-03-28T01:57:48.991Z"",""orgId"":""134c704f-9b21-4f2e-91b3-4a467353bcc0"",""shortName"":""CISA-ADP""},""title"":""CISA ADP Vulnrichment""}],""cna"":{""affected"":[{""product"":""n/a"",""vendor"":""n/a"",""versions"":[{""status"":""affected"",""version"":""n/a""}]}],""descriptions"":[{""lang"":""en"",""value"":""An issue in the /parser/dwoo component of Daylight Studio FuelCMS v1.5.2 allows attackers to execute arbitrary code via crafted PHP code.""}],""problemTypes"":[{""descriptions"":[{""description"":""n/a"",""lang"":""en"",""type"":""text""}]}],""providerMetadata"":{""dateUpdated"":""2026-07-05T16:13:57.385Z"",""orgId"":""8254265b-2729-46b6-b9e3-3dfca2d5bfca"",""shortName"":""mitre""},""references"":[{""url"":""https://github.com/daylightstudio/FUEL-CMS/tree/master/fuel/modules/fuel/libraries/parser/dwoo""},{""url"":""https://pentest-tools.com/PTT-2025-026-PHP-Code-Execution-Via-Dwoo-Escape.pdf""}]}},""cveMetadata"":{""assignerOrgId"":""8254265b-2729-46b6-b9e3-3dfca2d5bfca"",""assignerShortName"":""mitre"",""cveId"":""CVE-2026-30457"",""datePublished"":""2026-03-26T00:00:00.000Z"",""dateReserved"":""2026-03-04T00:00:00.000Z"",""dateUpdated"":""2026-07-05T16:13:57.385Z"",""state"":""PUBLISHED""},""dataType"":""CVE_RECORD"",""dataVersion"":""5.2""}"
CVE-2025-69752,2025,PUBLISHED,2026-02-12T00:00:00.000Z,2026-01-09T00:00:00.000Z,2026-07-05T16:13:53.458Z,8254265b-2729-46b6-b9e3-3dfca2d5bfca,mitre,null,"An issue in the ""My Details"" user profile functionality of Ideagen Q-Pulse 7.1.0.32 allows an authenticated user to view other users' profile information by modifying the objectKey HTTP parameter in the My Details page URL.","[{""vendor"":""n/a"",""product"":""n/a"",""defaultStatus"":null,""platforms"":null,""versions"":[{""version"":""n/a"",""status"":""affected"",""lessThan"":null,""lessThanOrEqual"":null,""versionType"":null}]}]",3.1,4.3,MEDIUM,CVSS:3.1/AV:N/AC:L/PR:L/UI:N/S:U/C:L/I:N/A:N,ADP,null,n/a,null,null,null,"[{""url"":""https://github.com/brtsec/public-advisories/tree/main/advisories/CVE-2025-69752"",""name"":null,""tags"":null}]","{""containers"":{""adp"":[{""metrics"":[{""cvssV3_1"":{""attackComplexity"":""LOW"",""attackVector"":""NETWORK"",""availabilityImpact"":""NONE"",""baseScore"":4.3,""baseSeverity"":""MEDIUM"",""confidentialityImpact"":""LOW"",""integrityImpact"":""NONE"",""privilegesRequired"":""LOW"",""scope"":""UNCHANGED"",""userInteraction"":""NONE"",""vectorString"":""CVSS:3.1/AV:N/AC:L/PR:L/UI:N/S:U/C:L/I:N/A:N"",""version"":""3.1""}},{""other"":{""content"":{""id"":""CVE-2025-69752"",""options"":[{""Exploitation"":""poc""},{""Automatable"":""no""},{""Technical Impact"":""partial""}],""role"":""CISA Coordinator"",""timestamp"":""2026-02-18T14:10:49.714833Z"",""version"":""2.0.3""},""type"":""ssvc""}}],""problemTypes"":[{""descriptions"":[{""cweId"":""CWE-639"",""description"":""CWE-639 Authorization Bypass Through User-Controlled Key"",""lang"":""en"",""type"":""CWE""}]}],""providerMetadata"":{""dateUpdated"":""2026-02-18T14:10:53.728Z"",""orgId"":""134c704f-9b21-4f2e-91b3-4a467353bcc0"",""shortName"":""CISA-ADP""},""references"":[{""tags"":[""exploit""],""url"":""https://github.com/brtsec/public-advisories/tree/main/advisories/CVE-2025-69752""}],""title"":""CISA ADP Vulnrichment""}],""cna"":{""affected"":[{""product"":""n/a"",""vendor"":""n/a"",""versions"":[{""status"":""affected"",""version"":""n/a""}]}],""descriptions"":[{""lang"":""en"",""value"":""An issue in the \""My Details\"" user profile functionality of Ideagen Q-Pulse 7.1.0.32 allows an authenticated user to view other users' profile information by modifying the objectKey HTTP parameter in the My Details page URL.""}],""problemTypes"":[{""descriptions"":[{""description"":""n/a"",""lang"":""en"",""type"":""text""}]}],""providerMetadata"":{""dateUpdated"":""2026-07-05T16:13:53.458Z"",""orgId"":""8254265b-2729-46b6-b9e3-3dfca2d5bfca"",""shortName"":""mitre""},""references"":[{""url"":""https://github.com/brtsec/public-advisories/tree/main/advisories/CVE-2025-69752""}]}},""cveMetadata"":{""assignerOrgId"":""8254265b-2729-46b6-b9e3-3dfca2d5bfca"",""assignerShortName"":""mitre"",""cveId"":""CVE-2025-69752"",""datePublished"":""2026-02-12T00:00:00.000Z"",""dateReserved"":""2026-01-09T00:00:00.000Z"",""dateUpdated"":""2026-07-05T16:13:53.458Z"",""state"":""PUBLISHED""},""dataType"":""CVE_RECORD"",""dataVersion"":""5.2""}"
CVE-2025-52023,2025,PUBLISHED,2026-01-23T00:00:00.000Z,2025-06-16T00:00:00.000Z,2026-07-05T16:13:48.958Z,8254265b-2729-46b6-b9e3-3dfca2d5bfca,mitre,null,"A vulnerability in the PHP backend of gemscms.aptsys.com.sg thru 2025-05-28 allows unauthenticated remote attackers to trigger detailed error messages that disclose internal file paths, code snippets, and stack traces. This occurs when specially crafted HTTP GET/POST requests are sent to public API endpoints, exposing potentially sensitive information useful for further exploitation. This issue is classified under CWE-209: Information Exposure Through an Error Message.","[{""vendor"":""n/a"",""product"":""n/a"",""defaultStatus"":null,""platforms"":null,""versions"":[{""version"":""n/a"",""status"":""affected"",""lessThan"":null,""lessThanOrEqual"":null,""versionType"":null}]}]",3.1,5.3,MEDIUM,CVSS:3.1/AV:N/AC:L/PR:N/UI:N/S:U/C:L/I:N/A:N,ADP,null,n/a,null,null,null,"[{""url"":""https://gist.github.com/ReverseThatApp/4a6be2b9b2ba39d38c35c8753e0afd39"",""name"":null,""tags"":null}]","{""containers"":{""adp"":[{""metrics"":[{""cvssV3_1"":{""attackComplexity"":""LOW"",""attackVector"":""NETWORK"",""availabilityImpact"":""NONE"",""baseScore"":5.3,""baseSeverity"":""MEDIUM"",""confidentialityImpact"":""LOW"",""integrityImpact"":""NONE"",""privilegesRequired"":""NONE"",""scope"":""UNCHANGED"",""userInteraction"":""NONE"",""vectorString"":""CVSS:3.1/AV:N/AC:L/PR:N/UI:N/S:U/C:L/I:N/A:N"",""version"":""3.1""}},{""other"":{""content"":{""id"":""CVE-2025-52023"",""options"":[{""Exploitation"":""none""},{""Automatable"":""yes""},{""Technical Impact"":""partial""}],""role"":""CISA Coordinator"",""timestamp"":""2026-01-26T16:49:40.463095Z"",""version"":""2.0.3""},""type"":""ssvc""}}],""problemTypes"":[{""descriptions"":[{""cweId"":""CWE-209"",""description"":""CWE-209 Generation of Error Message Containing Sensitive Information"",""lang"":""en"",""type"":""CWE""}]}],""providerMetadata"":{""dateUpdated"":""2026-01-26T16:51:05.996Z"",""orgId"":""134c704f-9b21-4f2e-91b3-4a467353bcc0"",""shortName"":""CISA-ADP""},""title"":""CISA ADP Vulnrichment""}],""cna"":{""affected"":[{""product"":""n/a"",""vendor"":""n/a"",""versions"":[{""status"":""affected"",""version"":""n/a""}]}],""descriptions"":[{""lang"":""en"",""value"":""A vulnerability in the PHP backend of gemscms.aptsys.com.sg thru 2025-05-28 allows unauthenticated remote attackers to trigger detailed error messages that disclose internal file paths, code snippets, and stack traces. This occurs when specially crafted HTTP GET/POST requests are sent to public API endpoints, exposing potentially sensitive information useful for further exploitation. This issue is classified under CWE-209: Information Exposure Through an Error Message.""}],""problemTypes"":[{""descriptions"":[{""description"":""n/a"",""lang"":""en"",""type"":""text""}]}],""providerMetadata"":{""dateUpdated"":""2026-07-05T16:13:48.958Z"",""orgId"":""8254265b-2729-46b6-b9e3-3dfca2d5bfca"",""shortName"":""mitre""},""references"":[{""url"":""https://gist.github.com/ReverseThatApp/4a6be2b9b2ba39d38c35c8753e0afd39""}]}},""cveMetadata"":{""assignerOrgId"":""8254265b-2729-46b6-b9e3-3dfca2d5bfca"",""assignerShortName"":""mitre"",""cveId"":""CVE-2025-52023"",""datePublished"":""2026-01-23T00:00:00.000Z"",""dateReserved"":""2025-06-16T00:00:00.000Z"",""dateUpdated"":""2026-07-05T16:13:48.958Z"",""state"":""PUBLISHED""},""dataType"":""CVE_RECORD"",""dataVersion"":""5.2""}"
CVE-2025-66698,2025,PUBLISHED,2026-01-13T00:00:00.000Z,2025-12-08T00:00:00.000Z,2026-07-05T16:13:45.111Z,8254265b-2729-46b6-b9e3-3dfca2d5bfca,mitre,null,An issue in Semantic machines v5.4.8 allows attackers to bypass authentication via sending a crafted HTTP request to various API endpoints.,"[{""vendor"":""n/a"",""product"":""n/a"",""defaultStatus"":null,""platforms"":null,""versions"":[{""version"":""n/a"",""status"":""affected"",""lessThan"":null,""lessThanOrEqual"":null,""versionType"":null}]}]",3.1,8.6,HIGH,CVSS:3.1/AV:N/AC:L/PR:N/UI:N/S:C/C:H/I:N/A:N,ADP,null,n/a,null,null,null,"[{""url"":""https://github.com/Perunchess/CVE-2025-66698"",""name"":null,""tags"":null}]","{""containers"":{""adp"":[{""metrics"":[{""cvssV3_1"":{""attackComplexity"":""LOW"",""attackVector"":""NETWORK"",""availabilityImpact"":""NONE"",""baseScore"":8.6,""baseSeverity"":""HIGH"",""confidentialityImpact"":""HIGH"",""integrityImpact"":""NONE"",""privilegesRequired"":""NONE"",""scope"":""CHANGED"",""userInteraction"":""NONE"",""vectorString"":""CVSS:3.1/AV:N/AC:L/PR:N/UI:N/S:C/C:H/I:N/A:N"",""version"":""3.1""}},{""other"":{""content"":{""id"":""CVE-2025-66698"",""options"":[{""Exploitation"":""none""},{""Automatable"":""yes""},{""Technical Impact"":""partial""}],""role"":""CISA Coordinator"",""timestamp"":""2026-01-13T16:30:39.326482Z"",""version"":""2.0.3""},""type"":""ssvc""}}],""problemTypes"":[{""descriptions"":[{""cweId"":""CWE-287"",""description"":""CWE-287 Improper Authentication"",""lang"":""en"",""type"":""CWE""}]}],""providerMetadata"":{""dateUpdated"":""2026-01-13T16:35:46.768Z"",""orgId"":""134c704f-9b21-4f2e-91b3-4a467353bcc0"",""shortName"":""CISA-ADP""},""title"":""CISA ADP Vulnrichment""}],""cna"":{""affected"":[{""product"":""n/a"",""vendor"":""n/a"",""versions"":[{""status"":""affected"",""version"":""n/a""}]}],""descriptions"":[{""lang"":""en"",""value"":""An issue in Semantic machines v5.4.8 allows attackers to bypass authentication via sending a crafted HTTP request to various API endpoints.""}],""problemTypes"":[{""descriptions"":[{""description"":""n/a"",""lang"":""en"",""type"":""text""}]}],""providerMetadata"":{""dateUpdated"":""2026-07-05T16:13:45.111Z"",""orgId"":""8254265b-2729-46b6-b9e3-3dfca2d5bfca"",""shortName"":""mitre""},""references"":[{""url"":""https://github.com/Perunchess/CVE-2025-66698""}]}},""cveMetadata"":{""assignerOrgId"":""8254265b-2729-46b6-b9e3-3dfca2d5bfca"",""assignerShortName"":""mitre"",""cveId"":""CVE-2025-66698"",""datePublished"":""2026-01-13T00:00:00.000Z"",""dateReserved"":""2025-12-08T00:00:00.000Z"",""dateUpdated"":""2026-07-05T16:13:45.111Z"",""state"":""PUBLISHED""},""dataType"":""CVE_RECORD"",""dataVersion"":""5.2""}"
CVE-2025-65784,2025,PUBLISHED,2026-01-13T00:00:00.000Z,2025-11-18T00:00:00.000Z,2026-07-05T16:13:41.275Z,8254265b-2729-46b6-b9e3-3dfca2d5bfca,mitre,null,Insecure permissions in Hubert Imoveis e Administracao Ltda Hub v2.0 1.27.3 allows authenticated attackers with low-level privileges to access other users' information via a crafted API request.,"[{""vendor"":""n/a"",""product"":""n/a"",""defaultStatus"":null,""platforms"":null,""versions"":[{""version"":""n/a"",""status"":""affected"",""lessThan"":null,""lessThanOrEqual"":null,""versionType"":null}]}]",3.1,6.5,MEDIUM,CVSS:3.1/AV:N/AC:L/PR:L/UI:N/S:U/C:H/I:N/A:N,ADP,null,n/a,null,null,null,"[{""url"":""https://github.com/carlos-artmann/vulnerability-research/tree/main/CVE-2025-65784"",""name"":null,""tags"":null}]","{""containers"":{""adp"":[{""metrics"":[{""cvssV3_1"":{""attackComplexity"":""LOW"",""attackVector"":""NETWORK"",""availabilityImpact"":""NONE"",""baseScore"":6.5,""baseSeverity"":""MEDIUM"",""confidentialityImpact"":""HIGH"",""integrityImpact"":""NONE"",""privilegesRequired"":""LOW"",""scope"":""UNCHANGED"",""userInteraction"":""NONE"",""vectorString"":""CVSS:3.1/AV:N/AC:L/PR:L/UI:N/S:U/C:H/I:N/A:N"",""version"":""3.1""}},{""other"":{""content"":{""id"":""CVE-2025-65784"",""options"":[{""Exploitation"":""poc""},{""Automatable"":""no""},{""Technical Impact"":""partial""}],""role"":""CISA Coordinator"",""timestamp"":""2026-01-14T14:41:59.095032Z"",""version"":""2.0.3""},""type"":""ssvc""}}],""problemTypes"":[{""descriptions"":[{""cweId"":""CWE-918"",""description"":""CWE-918 Server-Side Request Forgery (SSRF)"",""lang"":""en"",""type"":""CWE""}]}],""providerMetadata"":{""dateUpdated"":""2026-01-14T14:44:30.102Z"",""orgId"":""134c704f-9b21-4f2e-91b3-4a467353bcc0"",""shortName"":""CISA-ADP""},""title"":""CISA ADP Vulnrichment""}],""cna"":{""affected"":[{""product"":""n/a"",""vendor"":""n/a"",""versions"":[{""status"":""affected"",""version"":""n/a""}]}],""descriptions"":[{""lang"":""en"",""value"":""Insecure permissions in Hubert Imoveis e Administracao Ltda Hub v2.0 1.27.3 allows authenticated attackers with low-level privileges to access other users' information via a crafted API request.""}],""problemTypes"":[{""descriptions"":[{""description"":""n/a"",""lang"":""en"",""type"":""text""}]}],""providerMetadata"":{""dateUpdated"":""2026-07-05T16:13:41.275Z"",""orgId"":""8254265b-2729-46b6-b9e3-3dfca2d5bfca"",""shortName"":""mitre""},""references"":[{""url"":""https://github.com/carlos-artmann/vulnerability-research/tree/main/CVE-2025-65784""}]}},""cveMetadata"":{""assignerOrgId"":""8254265b-2729-46b6-b9e3-3dfca2d5bfca"",""assignerShortName"":""mitre"",""cveId"":""CVE-2025-65784"",""datePublished"":""2026-01-13T00:00:00.000Z"",""dateReserved"":""2025-11-18T00:00:00.000Z"",""dateUpdated"":""2026-07-05T16:13:41.275Z"",""state"":""PUBLISHED""},""dataType"":""CVE_RECORD"",""dataVersion"":""5.2""}"
CVE-2025-65783,2025,PUBLISHED,2026-01-13T00:00:00.000Z,2025-11-18T00:00:00.000Z,2026-07-05T16:13:37.396Z,8254265b-2729-46b6-b9e3-3dfca2d5bfca,mitre,null,An arbitrary file upload vulnerability in the /utils/uploadFile component of Hubert Imoveis e Administracao Ltda Hub v2.0 1.27.3 allows attackers to execute arbitrary code via uploading a crafted PDF file.,"[{""vendor"":""n/a"",""product"":""n/a"",""defaultStatus"":null,""platforms"":null,""versions"":[{""version"":""n/a"",""status"":""affected"",""lessThan"":null,""lessThanOrEqual"":null,""versionType"":null}]}]",3.1,9.8,CRITICAL,CVSS:3.1/AV:N/AC:L/PR:N/UI:N/S:U/C:H/I:H/A:H,ADP,null,n/a,null,null,null,"[{""url"":""https://github.com/carlos-artmann/vulnerability-research/tree/main/CVE-2025-65783"",""name"":null,""tags"":null}]","{""containers"":{""adp"":[{""metrics"":[{""cvssV3_1"":{""attackComplexity"":""LOW"",""attackVector"":""NETWORK"",""availabilityImpact"":""HIGH"",""baseScore"":9.8,""baseSeverity"":""CRITICAL"",""confidentialityImpact"":""HIGH"",""integrityImpact"":""HIGH"",""privilegesRequired"":""NONE"",""scope"":""UNCHANGED"",""userInteraction"":""NONE"",""vectorString"":""CVSS:3.1/AV:N/AC:L/PR:N/UI:N/S:U/C:H/I:H/A:H"",""version"":""3.1""}},{""other"":{""content"":{""id"":""CVE-2025-65783"",""options"":[{""Exploitation"":""none""},{""Automatable"":""yes""},{""Technical Impact"":""total""}],""role"":""CISA Coordinator"",""timestamp"":""2026-01-14T14:45:44.659807Z"",""version"":""2.0.3""},""type"":""ssvc""}}],""problemTypes"":[{""descriptions"":[{""cweId"":""CWE-434"",""description"":""CWE-434 Unrestricted Upload of File with Dangerous Type"",""lang"":""en"",""type"":""CWE""}]}],""providerMetadata"":{""dateUpdated"":""2026-01-14T14:46:29.464Z"",""orgId"":""134c704f-9b21-4f2e-91b3-4a467353bcc0"",""shortName"":""CISA-ADP""},""title"":""CISA ADP Vulnrichment""}],""cna"":{""affected"":[{""product"":""n/a"",""vendor"":""n/a"",""versions"":[{""status"":""affected"",""version"":""n/a""}]}],""descriptions"":[{""lang"":""en"",""value"":""An arbitrary file upload vulnerability in the /utils/uploadFile component of Hubert Imoveis e Administracao Ltda Hub v2.0 1.27.3 allows attackers to execute arbitrary code via uploading a crafted PDF file.""}],""problemTypes"":[{""descriptions"":[{""description"":""n/a"",""lang"":""en"",""type"":""text""}]}],""providerMetadata"":{""dateUpdated"":""2026-07-05T16:13:37.396Z"",""orgId"":""8254265b-2729-46b6-b9e3-3dfca2d5bfca"",""shortName"":""mitre""},""references"":[{""url"":""https://github.com/carlos-artmann/vulnerability-research/tree/main/CVE-2025-65783""}]}},""cveMetadata"":{""assignerOrgId"":""8254265b-2729-46b6-b9e3-3dfca2d5bfca"",""assignerShortName"":""mitre"",""cveId"":""CVE-2025-65783"",""datePublished"":""2026-01-13T00:00:00.000Z"",""dateReserved"":""2025-11-18T00:00:00.000Z"",""dateUpdated"":""2026-07-05T16:13:37.396Z"",""state"":""PUBLISHED""},""dataType"":""CVE_RECORD"",""dataVersion"":""5.2""}"
CVE-2025-65397,2025,PUBLISHED,2026-01-14T00:00:00.000Z,2025-11-18T00:00:00.000Z,2026-07-05T16:13:33.467Z,8254265b-2729-46b6-b9e3-3dfca2d5bfca,mitre,null,"An insecure authentication mechanism in the safe_exec.sh startup script of Blurams Flare Camera version 24.1114.151.929 and earlier allows an attacker with physical access to the device to execute arbitrary commands with root privileges, if file /opt/images/public_key.der is not present in the file system. The vulnerability can be triggered by providing a maliciously crafted auth.ini file on the device's SD card.","[{""vendor"":""n/a"",""product"":""n/a"",""defaultStatus"":null,""platforms"":null,""versions"":[{""version"":""n/a"",""status"":""affected"",""lessThan"":null,""lessThanOrEqual"":null,""versionType"":null}]}]",3.1,6.8,MEDIUM,CVSS:3.1/AV:P/AC:L/PR:N/UI:N/S:U/C:H/I:H/A:H,ADP,null,n/a,null,null,null,"[{""url"":""https://lessonsec.com/cve/cve-2025-65397/"",""name"":null,""tags"":null}]","{""containers"":{""adp"":[{""metrics"":[{""cvssV3_1"":{""attackComplexity"":""LOW"",""attackVector"":""PHYSICAL"",""availabilityImpact"":""HIGH"",""baseScore"":6.8,""baseSeverity"":""MEDIUM"",""confidentialityImpact"":""HIGH"",""integrityImpact"":""HIGH"",""privilegesRequired"":""NONE"",""scope"":""UNCHANGED"",""userInteraction"":""NONE"",""vectorString"":""CVSS:3.1/AV:P/AC:L/PR:N/UI:N/S:U/C:H/I:H/A:H"",""version"":""3.1""}},{""other"":{""content"":{""id"":""CVE-2025-65397"",""options"":[{""Exploitation"":""none""},{""Automatable"":""no""},{""Technical Impact"":""total""}],""role"":""CISA Coordinator"",""timestamp"":""2026-01-14T19:34:22.402104Z"",""version"":""2.0.3""},""type"":""ssvc""}}],""problemTypes"":[{""descriptions"":[{""cweId"":""CWE-287"",""description"":""CWE-287 Improper Authentication"",""lang"":""en"",""type"":""CWE""}]},{""descriptions"":[{""cweId"":""CWE-20"",""description"":""CWE-20 Improper Input Validation"",""lang"":""en"",""type"":""CWE""}]}],""providerMetadata"":{""dateUpdated"":""2026-01-21T13:51:06.694Z"",""orgId"":""134c704f-9b21-4f2e-91b3-4a467353bcc0"",""shortName"":""CISA-ADP""},""title"":""CISA ADP Vulnrichment""}],""cna"":{""affected"":[{""product"":""n/a"",""vendor"":""n/a"",""versions"":[{""status"":""affected"",""version"":""n/a""}]}],""descriptions"":[{""lang"":""en"",""value"":""An insecure authentication mechanism in the safe_exec.sh startup script of Blurams Flare Camera version 24.1114.151.929 and earlier allows an attacker with physical access to the device to execute arbitrary commands with root privileges, if file /opt/images/public_key.der is not present in the file system. The vulnerability can be triggered by providing a maliciously crafted auth.ini file on the device's SD card.""}],""problemTypes"":[{""descriptions"":[{""description"":""n/a"",""lang"":""en"",""type"":""text""}]}],""providerMetadata"":{""dateUpdated"":""2026-07-05T16:13:33.467Z"",""orgId"":""8254265b-2729-46b6-b9e3-3dfca2d5bfca"",""shortName"":""mitre""},""references"":[{""url"":""https://lessonsec.com/cve/cve-2025-65397/""}]}},""cveMetadata"":{""assignerOrgId"":""8254265b-2729-46b6-b9e3-3dfca2d5bfca"",""assignerShortName"":""mitre"",""cveId"":""CVE-2025-65397"",""datePublished"":""2026-01-14T00:00:00.000Z"",""dateReserved"":""2025-11-18T00:00:00.000Z"",""dateUpdated"":""2026-07-05T16:13:33.467Z"",""state"":""PUBLISHED""},""dataType"":""CVE_RECORD"",""dataVersion"":""5.2""}"
CVE-2025-65396,2025,PUBLISHED,2026-01-14T00:00:00.000Z,2025-11-18T00:00:00.000Z,2026-07-05T16:13:28.969Z,8254265b-2729-46b6-b9e3-3dfca2d5bfca,mitre,null,"A vulnerability in the boot process of Blurams Flare Camera version 24.1114.151.929 and earlier allows a physically proximate attacker to hijack the boot mechanism and gain a bootloader shell via the UART interface. This is achieved by inducing a read error from the SPI flash memory during the boot, by shorting a data pin of the IC to ground. An attacker can then dump the entire firmware, leading to the disclosure of sensitive information including cryptographic keys and user configurations.","[{""vendor"":""n/a"",""product"":""n/a"",""defaultStatus"":null,""platforms"":null,""versions"":[{""version"":""n/a"",""status"":""affected"",""lessThan"":null,""lessThanOrEqual"":null,""versionType"":null}]}]",3.1,6.1,MEDIUM,CVSS:3.1/AV:P/AC:L/PR:N/UI:N/S:U/C:H/I:H/A:N,ADP,null,n/a,null,null,null,"[{""url"":""https://lessonsec.com/cve/cve-2025-65396/"",""name"":null,""tags"":null}]","{""containers"":{""adp"":[{""metrics"":[{""cvssV3_1"":{""attackComplexity"":""LOW"",""attackVector"":""PHYSICAL"",""availabilityImpact"":""NONE"",""baseScore"":6.1,""baseSeverity"":""MEDIUM"",""confidentialityImpact"":""HIGH"",""integrityImpact"":""HIGH"",""privilegesRequired"":""NONE"",""scope"":""UNCHANGED"",""userInteraction"":""NONE"",""vectorString"":""CVSS:3.1/AV:P/AC:L/PR:N/UI:N/S:U/C:H/I:H/A:N"",""version"":""3.1""}},{""other"":{""content"":{""id"":""CVE-2025-65396"",""options"":[{""Exploitation"":""none""},{""Automatable"":""no""},{""Technical Impact"":""partial""}],""role"":""CISA Coordinator"",""timestamp"":""2026-01-14T19:24:47.130488Z"",""version"":""2.0.3""},""type"":""ssvc""}}],""problemTypes"":[{""descriptions"":[{""cweId"":""CWE-1274"",""description"":""CWE-1274 Improper Access Control for Volatile Memory Containing Boot Code"",""lang"":""en"",""type"":""CWE""}]},{""descriptions"":[{""cweId"":""CWE-119"",""description"":""CWE-119 Improper Restriction of Operations within the Bounds of a Memory Buffer"",""lang"":""en"",""type"":""CWE""}]},{""descriptions"":[{""cweId"":""CWE-125"",""description"":""CWE-125 Out-of-bounds Read"",""lang"":""en"",""type"":""CWE""}]}],""providerMetadata"":{""dateUpdated"":""2026-01-14T19:27:50.562Z"",""orgId"":""134c704f-9b21-4f2e-91b3-4a467353bcc0"",""shortName"":""CISA-ADP""},""title"":""CISA ADP Vulnrichment""}],""cna"":{""affected"":[{""product"":""n/a"",""vendor"":""n/a"",""versions"":[{""status"":""affected"",""version"":""n/a""}]}],""descriptions"":[{""lang"":""en"",""value"":""A vulnerability in the boot process of Blurams Flare Camera version 24.1114.151.929 and earlier allows a physically proximate attacker to hijack the boot mechanism and gain a bootloader shell via the UART interface. This is achieved by inducing a read error from the SPI flash memory during the boot, by shorting a data pin of the IC to ground. An attacker can then dump the entire firmware, leading to the disclosure of sensitive information including cryptographic keys and user configurations.""}],""problemTypes"":[{""descriptions"":[{""description"":""n/a"",""lang"":""en"",""type"":""text""}]}],""providerMetadata"":{""dateUpdated"":""2026-07-05T16:13:28.969Z"",""orgId"":""8254265b-2729-46b6-b9e3-3dfca2d5bfca"",""shortName"":""mitre""},""references"":[{""url"":""https://lessonsec.com/cve/cve-2025-65396/""}]}},""cveMetadata"":{""assignerOrgId"":""8254265b-2729-46b6-b9e3-3dfca2d5bfca"",""assignerShortName"":""mitre"",""cveId"":""CVE-2025-65396"",""datePublished"":""2026-01-14T00:00:00.000Z"",""dateReserved"":""2025-11-18T00:00:00.000Z"",""dateUpdated"":""2026-07-05T16:13:28.969Z"",""state"":""PUBLISHED""},""dataType"":""CVE_RECORD"",""dataVersion"":""5.2""}"
CVE-2025-63314,2025,PUBLISHED,2026-01-12T00:00:00.000Z,2025-10-27T00:00:00.000Z,2026-07-05T16:13:25.184Z,8254265b-2729-46b6-b9e3-3dfca2d5bfca,mitre,null,A static password reset token in the password reset function of DDSN Interactive Acora CMS v10.7.1 allows attackers to arbitrarily reset the user password and execute a full account takeover via a replay attack.,"[{""vendor"":""n/a"",""product"":""n/a"",""defaultStatus"":null,""platforms"":null,""versions"":[{""version"":""n/a"",""status"":""affected"",""lessThan"":null,""lessThanOrEqual"":null,""versionType"":null}]}]",3.1,10,CRITICAL,CVSS:3.1/AV:N/AC:L/PR:N/UI:N/S:C/C:H/I:H/A:L,ADP,null,n/a,null,null,null,"[{""url"":""https://github.com/padayali-JD/CVE-2025-63314"",""name"":null,""tags"":null}]","{""containers"":{""adp"":[{""metrics"":[{""cvssV3_1"":{""attackComplexity"":""LOW"",""attackVector"":""NETWORK"",""availabilityImpact"":""LOW"",""baseScore"":10,""baseSeverity"":""CRITICAL"",""confidentialityImpact"":""HIGH"",""integrityImpact"":""HIGH"",""privilegesRequired"":""NONE"",""scope"":""CHANGED"",""userInteraction"":""NONE"",""vectorString"":""CVSS:3.1/AV:N/AC:L/PR:N/UI:N/S:C/C:H/I:H/A:L"",""version"":""3.1""}},{""other"":{""content"":{""id"":""CVE-2025-63314"",""options"":[{""Exploitation"":""none""},{""Automatable"":""yes""},{""Technical Impact"":""partial""}],""role"":""CISA Coordinator"",""timestamp"":""2026-01-12T18:38:52.771477Z"",""version"":""2.0.3""},""type"":""ssvc""}}],""problemTypes"":[{""descriptions"":[{""cweId"":""CWE-640"",""description"":""CWE-640 Weak Password Recovery Mechanism for Forgotten Password"",""lang"":""en"",""type"":""CWE""}]}],""providerMetadata"":{""dateUpdated"":""2026-01-12T18:40:07.736Z"",""orgId"":""134c704f-9b21-4f2e-91b3-4a467353bcc0"",""shortName"":""CISA-ADP""},""title"":""CISA ADP Vulnrichment""}],""cna"":{""affected"":[{""product"":""n/a"",""vendor"":""n/a"",""versions"":[{""status"":""affected"",""version"":""n/a""}]}],""descriptions"":[{""lang"":""en"",""value"":""A static password reset token in the password reset function of DDSN Interactive Acora CMS v10.7.1 allows attackers to arbitrarily reset the user password and execute a full account takeover via a replay attack.""}],""problemTypes"":[{""descriptions"":[{""description"":""n/a"",""lang"":""en"",""type"":""text""}]}],""providerMetadata"":{""dateUpdated"":""2026-07-05T16:13:25.184Z"",""orgId"":""8254265b-2729-46b6-b9e3-3dfca2d5bfca"",""shortName"":""mitre""},""references"":[{""url"":""https://github.com/padayali-JD/CVE-2025-63314""}]}},""cveMetadata"":{""assignerOrgId"":""8254265b-2729-46b6-b9e3-3dfca2d5bfca"",""assignerShortName"":""mitre"",""cveId"":""CVE-2025-63314"",""datePublished"":""2026-01-12T00:00:00.000Z"",""dateReserved"":""2025-10-27T00:00:00.000Z"",""dateUpdated"":""2026-07-05T16:13:25.184Z"",""state"":""PUBLISHED""},""dataType"":""CVE_RECORD"",""dataVersion"":""5.2""}"
CVE-2025-29329,2025,PUBLISHED,2026-01-12T00:00:00.000Z,2025-03-11T00:00:00.000Z,2026-07-05T16:13:21.078Z,8254265b-2729-46b6-b9e3-3dfca2d5bfca,mitre,null,Buffer Overflow in the ippprint (Internet Printing Protocol) service in Sagemcom F@st 3686 MAGYAR_4.121.0 allows remote attacker to execute arbitrary code by sending a crafted HTTP request.,"[{""vendor"":""n/a"",""product"":""n/a"",""defaultStatus"":null,""platforms"":null,""versions"":[{""version"":""n/a"",""status"":""affected"",""lessThan"":null,""lessThanOrEqual"":null,""versionType"":null}]}]",3.1,9.8,CRITICAL,CVSS:3.1/AV:N/AC:L/PR:N/UI:N/S:U/C:H/I:H/A:H,ADP,null,n/a,null,null,null,"[{""url"":""https://github.com/SilverS3c/Sagemcom-fast-3686-ippprint"",""name"":null,""tags"":null}]","{""containers"":{""adp"":[{""metrics"":[{""cvssV3_1"":{""attackComplexity"":""LOW"",""attackVector"":""NETWORK"",""availabilityImpact"":""HIGH"",""baseScore"":9.8,""baseSeverity"":""CRITICAL"",""confidentialityImpact"":""HIGH"",""integrityImpact"":""HIGH"",""privilegesRequired"":""NONE"",""scope"":""UNCHANGED"",""userInteraction"":""NONE"",""vectorString"":""CVSS:3.1/AV:N/AC:L/PR:N/UI:N/S:U/C:H/I:H/A:H"",""version"":""3.1""}},{""other"":{""content"":{""id"":""CVE-2025-29329"",""options"":[{""Exploitation"":""none""},{""Automatable"":""yes""},{""Technical Impact"":""total""}],""role"":""CISA Coordinator"",""timestamp"":""2026-01-13T14:35:36.756900Z"",""version"":""2.0.3""},""type"":""ssvc""}}],""problemTypes"":[{""descriptions"":[{""cweId"":""CWE-120"",""description"":""CWE-120 Buffer Copy without Checking Size of Input ('Classic Buffer Overflow')"",""lang"":""en"",""type"":""CWE""}]}],""providerMetadata"":{""dateUpdated"":""2026-01-13T14:36:21.913Z"",""orgId"":""134c704f-9b21-4f2e-91b3-4a467353bcc0"",""shortName"":""CISA-ADP""},""title"":""CISA ADP Vulnrichment""}],""cna"":{""affected"":[{""product"":""n/a"",""vendor"":""n/a"",""versions"":[{""status"":""affected"",""version"":""n/a""}]}],""descriptions"":[{""lang"":""en"",""value"":""Buffer Overflow in the ippprint (Internet Printing Protocol) service in Sagemcom F@st 3686 MAGYAR_4.121.0 allows remote attacker to execute arbitrary code by sending a crafted HTTP request.""}],""problemTypes"":[{""descriptions"":[{""description"":""n/a"",""lang"":""en"",""type"":""text""}]}],""providerMetadata"":{""dateUpdated"":""2026-07-05T16:13:21.078Z"",""orgId"":""8254265b-2729-46b6-b9e3-3dfca2d5bfca"",""shortName"":""mitre""},""references"":[{""url"":""https://github.com/SilverS3c/Sagemcom-fast-3686-ippprint""}]}},""cveMetadata"":{""assignerOrgId"":""8254265b-2729-46b6-b9e3-3dfca2d5bfca"",""assignerShortName"":""mitre"",""cveId"":""CVE-2025-29329"",""datePublished"":""2026-01-12T00:00:00.000Z"",""dateReserved"":""2025-03-11T00:00:00.000Z"",""dateUpdated"":""2026-07-05T16:13:21.078Z"",""state"":""PUBLISHED""},""dataType"":""CVE_RECORD"",""dataVersion"":""5.2""}"
CVE-2024-54855,2024,PUBLISHED,2026-01-13T00:00:00.000Z,2024-12-06T00:00:00.000Z,2026-07-05T16:13:17.103Z,8254265b-2729-46b6-b9e3-3dfca2d5bfca,mitre,null,"fabricators Ltd Vanilla OS 2 Core image v1.1.0 was discovered to contain static keys for the SSH service, allowing attackers to possibly execute a man-in-the-middle attack during connections with other hosts.","[{""vendor"":""n/a"",""product"":""n/a"",""defaultStatus"":null,""platforms"":null,""versions"":[{""version"":""n/a"",""status"":""affected"",""lessThan"":null,""lessThanOrEqual"":null,""versionType"":null}]}]",3.1,6.4,MEDIUM,CVSS:3.1/AV:N/AC:L/PR:H/UI:R/S:U/C:H/I:L/A:H,ADP,null,n/a,null,null,null,"[{""url"":""https://github.com/Vanilla-OS/core-image/security/advisories/GHSA-67pc-hqr2-g34h"",""name"":null,""tags"":null}]","{""containers"":{""adp"":[{""metrics"":[{""cvssV3_1"":{""attackComplexity"":""LOW"",""attackVector"":""NETWORK"",""availabilityImpact"":""HIGH"",""baseScore"":6.4,""baseSeverity"":""MEDIUM"",""confidentialityImpact"":""HIGH"",""integrityImpact"":""LOW"",""privilegesRequired"":""HIGH"",""scope"":""UNCHANGED"",""userInteraction"":""REQUIRED"",""vectorString"":""CVSS:3.1/AV:N/AC:L/PR:H/UI:R/S:U/C:H/I:L/A:H"",""version"":""3.1""}},{""other"":{""content"":{""id"":""CVE-2024-54855"",""options"":[{""Exploitation"":""poc""},{""Automatable"":""no""},{""Technical Impact"":""partial""}],""role"":""CISA Coordinator"",""timestamp"":""2026-01-13T15:55:21.403116Z"",""version"":""2.0.3""},""type"":""ssvc""}}],""problemTypes"":[{""descriptions"":[{""cweId"":""CWE-321"",""description"":""CWE-321 Use of Hard-coded Cryptographic Key"",""lang"":""en"",""type"":""CWE""}]}],""providerMetadata"":{""dateUpdated"":""2026-01-13T15:56:52.691Z"",""orgId"":""134c704f-9b21-4f2e-91b3-4a467353bcc0"",""shortName"":""CISA-ADP""},""title"":""CISA ADP Vulnrichment""}],""cna"":{""affected"":[{""product"":""n/a"",""vendor"":""n/a"",""versions"":[{""status"":""affected"",""version"":""n/a""}]}],""descriptions"":[{""lang"":""en"",""value"":""fabricators Ltd Vanilla OS 2 Core image v1.1.0 was discovered to contain static keys for the SSH service, allowing attackers to possibly execute a man-in-the-middle attack during connections with other hosts.""}],""problemTypes"":[{""descriptions"":[{""description"":""n/a"",""lang"":""en"",""type"":""text""}]}],""providerMetadata"":{""dateUpdated"":""2026-07-05T16:13:17.103Z"",""orgId"":""8254265b-2729-46b6-b9e3-3dfca2d5bfca"",""shortName"":""mitre""},""references"":[{""url"":""https://github.com/Vanilla-OS/core-image/security/advisories/GHSA-67pc-hqr2-g34h""}]}},""cveMetadata"":{""assignerOrgId"":""8254265b-2729-46b6-b9e3-3dfca2d5bfca"",""assignerShortName"":""mitre"",""cveId"":""CVE-2024-54855"",""datePublished"":""2026-01-13T00:00:00.000Z"",""dateReserved"":""2024-12-06T00:00:00.000Z"",""dateUpdated"":""2026-07-05T16:13:17.103Z"",""state"":""PUBLISHED""},""dataType"":""CVE_RECORD"",""dataVersion"":""5.2""}"
CVE-2025-67289,2025,PUBLISHED,2025-12-22T00:00:00.000Z,2025-12-08T00:00:00.000Z,2026-07-05T16:13:12.967Z,8254265b-2729-46b6-b9e3-3dfca2d5bfca,mitre,null,An arbitrary file upload vulnerability in the Attachments module of Frappe Framework v15.89.0 allows attackers to execute arbitrary code via uploading a crafted XML file.,"[{""vendor"":""n/a"",""product"":""n/a"",""defaultStatus"":null,""platforms"":null,""versions"":[{""version"":""n/a"",""status"":""affected"",""lessThan"":null,""lessThanOrEqual"":null,""versionType"":null}]}]",3.1,9.6,CRITICAL,CVSS:3.1/AV:N/AC:L/PR:N/UI:R/S:C/C:H/I:H/A:H,ADP,null,n/a,null,null,null,"[{""url"":""https://github.com/vuquyen03/CVE/blob/main/CVE-2025-67289/README.md"",""name"":null,""tags"":null}]","{""containers"":{""adp"":[{""metrics"":[{""cvssV3_1"":{""attackComplexity"":""LOW"",""attackVector"":""NETWORK"",""availabilityImpact"":""HIGH"",""baseScore"":9.6,""baseSeverity"":""CRITICAL"",""confidentialityImpact"":""HIGH"",""integrityImpact"":""HIGH"",""privilegesRequired"":""NONE"",""scope"":""CHANGED"",""userInteraction"":""REQUIRED"",""vectorString"":""CVSS:3.1/AV:N/AC:L/PR:N/UI:R/S:C/C:H/I:H/A:H"",""version"":""3.1""}},{""other"":{""content"":{""id"":""CVE-2025-67289"",""options"":[{""Exploitation"":""none""},{""Automatable"":""no""},{""Technical Impact"":""total""}],""role"":""CISA Coordinator"",""timestamp"":""2025-12-22T20:16:31.345058Z"",""version"":""2.0.3""},""type"":""ssvc""}}],""problemTypes"":[{""descriptions"":[{""cweId"":""CWE-434"",""description"":""CWE-434 Unrestricted Upload of File with Dangerous Type"",""lang"":""en"",""type"":""CWE""}]},{""descriptions"":[{""cweId"":""CWE-79"",""description"":""CWE-79 Improper Neutralization of Input During Web Page Generation ('Cross-site Scripting')"",""lang"":""en"",""type"":""CWE""}]}],""providerMetadata"":{""dateUpdated"":""2025-12-22T20:16:51.998Z"",""orgId"":""134c704f-9b21-4f2e-91b3-4a467353bcc0"",""shortName"":""CISA-ADP""},""title"":""CISA ADP Vulnrichment""}],""cna"":{""affected"":[{""product"":""n/a"",""vendor"":""n/a"",""versions"":[{""status"":""affected"",""version"":""n/a""}]}],""descriptions"":[{""lang"":""en"",""value"":""An arbitrary file upload vulnerability in the Attachments module of Frappe Framework v15.89.0 allows attackers to execute arbitrary code via uploading a crafted XML file.""}],""problemTypes"":[{""descriptions"":[{""description"":""n/a"",""lang"":""en"",""type"":""text""}]}],""providerMetadata"":{""dateUpdated"":""2026-07-05T16:13:12.967Z"",""orgId"":""8254265b-2729-46b6-b9e3-3dfca2d5bfca"",""shortName"":""mitre""},""references"":[{""url"":""https://github.com/vuquyen03/CVE/blob/main/CVE-2025-67289/README.md""}]}},""cveMetadata"":{""assignerOrgId"":""8254265b-2729-46b6-b9e3-3dfca2d5bfca"",""assignerShortName"":""mitre"",""cveId"":""CVE-2025-67289"",""datePublished"":""2025-12-22T00:00:00.000Z"",""dateReserved"":""2025-12-08T00:00:00.000Z"",""dateUpdated"":""2026-07-05T16:13:12.967Z"",""state"":""PUBLISHED""},""dataType"":""CVE_RECORD"",""dataVersion"":""5.2""}"
CVE-2025-67108,2025,PUBLISHED,2025-12-23T00:00:00.000Z,2025-12-08T00:00:00.000Z,2026-07-05T16:13:09.008Z,8254265b-2729-46b6-b9e3-3dfca2d5bfca,mitre,null,"eProsima Fast-DDS v3.3 was discovered to contain improper validation for ticket revocation, resulting in insecure communications and connections.","[{""vendor"":""n/a"",""product"":""n/a"",""defaultStatus"":null,""platforms"":null,""versions"":[{""version"":""n/a"",""status"":""affected"",""lessThan"":null,""lessThanOrEqual"":null,""versionType"":null}]}]",3.1,10,CRITICAL,CVSS:3.1/AV:N/AC:L/PR:N/UI:N/S:C/C:H/I:H/A:N,ADP,null,n/a,null,null,null,"[{""url"":""https://github.com/eProsima/Fast-DDS/blob/master/src/cpp/security/accesscontrol/Permissions.cpp#L263"",""name"":null,""tags"":null},{""url"":""https://gist.github.com/lkloliver/81b5d5a8328d712dbfd497bf11dbe913"",""name"":null,""tags"":null}]","{""containers"":{""adp"":[{""metrics"":[{""cvssV3_1"":{""attackComplexity"":""LOW"",""attackVector"":""NETWORK"",""availabilityImpact"":""NONE"",""baseScore"":10,""baseSeverity"":""CRITICAL"",""confidentialityImpact"":""HIGH"",""integrityImpact"":""HIGH"",""privilegesRequired"":""NONE"",""scope"":""CHANGED"",""userInteraction"":""NONE"",""vectorString"":""CVSS:3.1/AV:N/AC:L/PR:N/UI:N/S:C/C:H/I:H/A:N"",""version"":""3.1""}},{""other"":{""content"":{""id"":""CVE-2025-67108"",""options"":[{""Exploitation"":""none""},{""Automatable"":""yes""},{""Technical Impact"":""partial""}],""role"":""CISA Coordinator"",""timestamp"":""2025-12-23T15:46:57.199108Z"",""version"":""2.0.3""},""type"":""ssvc""}}],""problemTypes"":[{""descriptions"":[{""cweId"":""CWE-298"",""description"":""CWE-298 Improper Validation of Certificate Expiration"",""lang"":""en"",""type"":""CWE""}]},{""descriptions"":[{""cweId"":""CWE-370"",""description"":""CWE-370 Missing Check for Certificate Revocation after Initial Check"",""lang"":""en"",""type"":""CWE""}]}],""providerMetadata"":{""dateUpdated"":""2025-12-23T15:48:27.499Z"",""orgId"":""134c704f-9b21-4f2e-91b3-4a467353bcc0"",""shortName"":""CISA-ADP""},""title"":""CISA ADP Vulnrichment""}],""cna"":{""affected"":[{""product"":""n/a"",""vendor"":""n/a"",""versions"":[{""status"":""affected"",""version"":""n/a""}]}],""descriptions"":[{""lang"":""en"",""value"":""eProsima Fast-DDS v3.3 was discovered to contain improper validation for ticket revocation, resulting in insecure communications and connections.""}],""problemTypes"":[{""descriptions"":[{""description"":""n/a"",""lang"":""en"",""type"":""text""}]}],""providerMetadata"":{""dateUpdated"":""2026-07-05T16:13:09.008Z"",""orgId"":""8254265b-2729-46b6-b9e3-3dfca2d5bfca"",""shortName"":""mitre""},""references"":[{""url"":""https://github.com/eProsima/Fast-DDS/blob/master/src/cpp/security/accesscontrol/Permissions.cpp#L263""},{""url"":""https://gist.github.com/lkloliver/81b5d5a8328d712dbfd497bf11dbe913""}]}},""cveMetadata"":{""assignerOrgId"":""8254265b-2729-46b6-b9e3-3dfca2d5bfca"",""assignerShortName"":""mitre"",""cveId"":""CVE-2025-67108"",""datePublished"":""2025-12-23T00:00:00.000Z"",""dateReserved"":""2025-12-08T00:00:00.000Z"",""dateUpdated"":""2026-07-05T16:13:09.008Z"",""state"":""PUBLISHED""},""dataType"":""CVE_RECORD"",""dataVersion"":""5.2""}"
CVE-2025-65865,2025,PUBLISHED,2025-12-23T00:00:00.000Z,2025-11-18T00:00:00.000Z,2026-07-05T16:13:05.178Z,8254265b-2729-46b6-b9e3-3dfca2d5bfca,mitre,null,An integer overflow in eProsima Fast-DDS v3.3 allows attackers to cause a Denial of Service (DoS) via a crafted input.,"[{""vendor"":""n/a"",""product"":""n/a"",""defaultStatus"":null,""platforms"":null,""versions"":[{""version"":""n/a"",""status"":""affected"",""lessThan"":null,""lessThanOrEqual"":null,""versionType"":null}]}]",3.1,7.5,HIGH,CVSS:3.1/AV:N/AC:L/PR:N/UI:N/S:U/C:N/I:N/A:H,ADP,null,n/a,null,null,null,"[{""url"":""https://github.com/lkloliver/poc/blob/main/Detail.md"",""name"":null,""tags"":null},{""url"":""https://gist.github.com/lkloliver/7aa48cb9fc7a1dd74cb595212bb69d33"",""name"":null,""tags"":null}]","{""containers"":{""adp"":[{""metrics"":[{""cvssV3_1"":{""attackComplexity"":""LOW"",""attackVector"":""NETWORK"",""availabilityImpact"":""HIGH"",""baseScore"":7.5,""baseSeverity"":""HIGH"",""confidentialityImpact"":""NONE"",""integrityImpact"":""NONE"",""privilegesRequired"":""NONE"",""scope"":""UNCHANGED"",""userInteraction"":""NONE"",""vectorString"":""CVSS:3.1/AV:N/AC:L/PR:N/UI:N/S:U/C:N/I:N/A:H"",""version"":""3.1""}},{""other"":{""content"":{""id"":""CVE-2025-65865"",""options"":[{""Exploitation"":""poc""},{""Automatable"":""yes""},{""Technical Impact"":""partial""}],""role"":""CISA Coordinator"",""timestamp"":""2025-12-23T16:03:18.896476Z"",""version"":""2.0.3""},""type"":""ssvc""}}],""problemTypes"":[{""descriptions"":[{""cweId"":""CWE-190"",""description"":""CWE-190 Integer Overflow or Wraparound"",""lang"":""en"",""type"":""CWE""}]}],""providerMetadata"":{""dateUpdated"":""2025-12-23T16:05:06.678Z"",""orgId"":""134c704f-9b21-4f2e-91b3-4a467353bcc0"",""shortName"":""CISA-ADP""},""title"":""CISA ADP Vulnrichment""}],""cna"":{""affected"":[{""product"":""n/a"",""vendor"":""n/a"",""versions"":[{""status"":""affected"",""version"":""n/a""}]}],""descriptions"":[{""lang"":""en"",""value"":""An integer overflow in eProsima Fast-DDS v3.3 allows attackers to cause a Denial of Service (DoS) via a crafted input.""}],""problemTypes"":[{""descriptions"":[{""description"":""n/a"",""lang"":""en"",""type"":""text""}]}],""providerMetadata"":{""dateUpdated"":""2026-07-05T16:13:05.178Z"",""orgId"":""8254265b-2729-46b6-b9e3-3dfca2d5bfca"",""shortName"":""mitre""},""references"":[{""url"":""https://github.com/lkloliver/poc/blob/main/Detail.md""},{""url"":""https://gist.github.com/lkloliver/7aa48cb9fc7a1dd74cb595212bb69d33""}]}},""cveMetadata"":{""assignerOrgId"":""8254265b-2729-46b6-b9e3-3dfca2d5bfca"",""assignerShortName"":""mitre"",""cveId"":""CVE-2025-65865"",""datePublished"":""2025-12-23T00:00:00.000Z"",""dateReserved"":""2025-11-18T00:00:00.000Z"",""dateUpdated"":""2026-07-05T16:13:05.178Z"",""state"":""PUBLISHED""},""dataType"":""CVE_RECORD"",""dataVersion"":""5.2""}"
CVE-2025-65856,2025,PUBLISHED,2025-12-22T00:00:00.000Z,2025-11-18T00:00:00.000Z,2026-07-05T16:12:59.954Z,8254265b-2729-46b6-b9e3-3dfca2d5bfca,mitre,null,"Authentication bypass vulnerability in Xiongmai XM530 IP cameras on Firmware V5.00.R02.000807D8.10010.346624.S.ONVIF 21.06 allows unauthenticated remote attackers to access sensitive device information and live video streams. The ONVIF implementation fails to enforce authentication on 31 critical endpoints, enabling direct unauthorized video stream access.","[{""vendor"":""n/a"",""product"":""n/a"",""defaultStatus"":null,""platforms"":null,""versions"":[{""version"":""n/a"",""status"":""affected"",""lessThan"":null,""lessThanOrEqual"":null,""versionType"":null}]}]",3.1,9.8,CRITICAL,CVSS:3.1/AV:N/AC:L/PR:N/UI:N/S:U/C:H/I:H/A:H,ADP,null,n/a,null,null,null,"[{""url"":""https://luismirandaacebedo.github.io/CVE-2025-65856/"",""name"":null,""tags"":null}]","{""containers"":{""adp"":[{""metrics"":[{""cvssV3_1"":{""attackComplexity"":""LOW"",""attackVector"":""NETWORK"",""availabilityImpact"":""HIGH"",""baseScore"":9.8,""baseSeverity"":""CRITICAL"",""confidentialityImpact"":""HIGH"",""integrityImpact"":""HIGH"",""privilegesRequired"":""NONE"",""scope"":""UNCHANGED"",""userInteraction"":""NONE"",""vectorString"":""CVSS:3.1/AV:N/AC:L/PR:N/UI:N/S:U/C:H/I:H/A:H"",""version"":""3.1""}},{""other"":{""content"":{""id"":""CVE-2025-65856"",""options"":[{""Exploitation"":""poc""},{""Automatable"":""yes""},{""Technical Impact"":""total""}],""role"":""CISA Coordinator"",""timestamp"":""2025-12-22T21:21:20.656866Z"",""version"":""2.0.3""},""type"":""ssvc""}}],""problemTypes"":[{""descriptions"":[{""cweId"":""CWE-306"",""description"":""CWE-306 Missing Authentication for Critical Function"",""lang"":""en"",""type"":""CWE""}]}],""providerMetadata"":{""dateUpdated"":""2025-12-22T21:22:15.447Z"",""orgId"":""134c704f-9b21-4f2e-91b3-4a467353bcc0"",""shortName"":""CISA-ADP""},""title"":""CISA ADP Vulnrichment""}],""cna"":{""affected"":[{""product"":""n/a"",""vendor"":""n/a"",""versions"":[{""status"":""affected"",""version"":""n/a""}]}],""descriptions"":[{""lang"":""en"",""value"":""Authentication bypass vulnerability in Xiongmai XM530 IP cameras on Firmware V5.00.R02.000807D8.10010.346624.S.ONVIF 21.06 allows unauthenticated remote attackers to access sensitive device information and live video streams. The ONVIF implementation fails to enforce authentication on 31 critical endpoints, enabling direct unauthorized video stream access.""}],""problemTypes"":[{""descriptions"":[{""description"":""n/a"",""lang"":""en"",""type"":""text""}]}],""providerMetadata"":{""dateUpdated"":""2026-07-05T16:12:59.954Z"",""orgId"":""8254265b-2729-46b6-b9e3-3dfca2d5bfca"",""shortName"":""mitre""},""references"":[{""url"":""https://luismirandaacebedo.github.io/CVE-2025-65856/""}]}},""cveMetadata"":{""assignerOrgId"":""8254265b-2729-46b6-b9e3-3dfca2d5bfca"",""assignerShortName"":""mitre"",""cveId"":""CVE-2025-65856"",""datePublished"":""2025-12-22T00:00:00.000Z"",""dateReserved"":""2025-11-18T00:00:00.000Z"",""dateUpdated"":""2026-07-05T16:12:59.954Z"",""state"":""PUBLISHED""},""dataType"":""CVE_RECORD"",""dataVersion"":""5.2""}"
CVE-2025-65568,2025,PUBLISHED,2025-12-18T00:00:00.000Z,2025-11-18T00:00:00.000Z,2026-07-05T16:12:55.967Z,8254265b-2729-46b6-b9e3-3dfca2d5bfca,mitre,null,"A denial-of-service vulnerability exists in the omec-project UPF (pfcpiface component) in version upf-epc-pfcpiface:2.1.3-dev. After PFCP association, a PFCP Session Establishment Request that includes a CreateFAR with an empty or truncated IPv4 address field is not properly validated. During parsing, parseFAR() calls ip2int(), which performs an out-of-bounds read on the IPv4 address buffer and triggers an index-out-of-range panic. An attacker who can send PFCP Session Establishment Request messages to the UPF's N4/PFCP endpoint can exploit this issue to repeatedly crash the UPF and disrupt user-plane services.","[{""vendor"":""n/a"",""product"":""n/a"",""defaultStatus"":null,""platforms"":null,""versions"":[{""version"":""n/a"",""status"":""affected"",""lessThan"":null,""lessThanOrEqual"":null,""versionType"":null}]}]",3.1,7.5,HIGH,CVSS:3.1/AV:N/AC:L/PR:N/UI:N/S:U/C:N/I:N/A:H,ADP,null,n/a,null,null,null,"[{""url"":""https://github.com/omec-project/upf/issues/962"",""name"":null,""tags"":null}]","{""containers"":{""adp"":[{""metrics"":[{""cvssV3_1"":{""attackComplexity"":""LOW"",""attackVector"":""NETWORK"",""availabilityImpact"":""HIGH"",""baseScore"":7.5,""baseSeverity"":""HIGH"",""confidentialityImpact"":""NONE"",""integrityImpact"":""NONE"",""privilegesRequired"":""NONE"",""scope"":""UNCHANGED"",""userInteraction"":""NONE"",""vectorString"":""CVSS:3.1/AV:N/AC:L/PR:N/UI:N/S:U/C:N/I:N/A:H"",""version"":""3.1""}},{""other"":{""content"":{""id"":""CVE-2025-65568"",""options"":[{""Exploitation"":""poc""},{""Automatable"":""yes""},{""Technical Impact"":""partial""}],""role"":""CISA Coordinator"",""timestamp"":""2025-12-19T17:29:42.624141Z"",""version"":""2.0.3""},""type"":""ssvc""}}],""problemTypes"":[{""descriptions"":[{""cweId"":""CWE-125"",""description"":""CWE-125 Out-of-bounds Read"",""lang"":""en"",""type"":""CWE""}]}],""providerMetadata"":{""dateUpdated"":""2025-12-19T18:01:06.494Z"",""orgId"":""134c704f-9b21-4f2e-91b3-4a467353bcc0"",""shortName"":""CISA-ADP""},""references"":[{""tags"":[""exploit""],""url"":""https://github.com/omec-project/upf/issues/962""}],""title"":""CISA ADP Vulnrichment""}],""cna"":{""affected"":[{""product"":""n/a"",""vendor"":""n/a"",""versions"":[{""status"":""affected"",""version"":""n/a""}]}],""descriptions"":[{""lang"":""en"",""value"":""A denial-of-service vulnerability exists in the omec-project UPF (pfcpiface component) in version upf-epc-pfcpiface:2.1.3-dev. After PFCP association, a PFCP Session Establishment Request that includes a CreateFAR with an empty or truncated IPv4 address field is not properly validated. During parsing, parseFAR() calls ip2int(), which performs an out-of-bounds read on the IPv4 address buffer and triggers an index-out-of-range panic. An attacker who can send PFCP Session Establishment Request messages to the UPF's N4/PFCP endpoint can exploit this issue to repeatedly crash the UPF and disrupt user-plane services.""}],""problemTypes"":[{""descriptions"":[{""description"":""n/a"",""lang"":""en"",""type"":""text""}]}],""providerMetadata"":{""dateUpdated"":""2026-07-05T16:12:55.967Z"",""orgId"":""8254265b-2729-46b6-b9e3-3dfca2d5bfca"",""shortName"":""mitre""},""references"":[{""url"":""https://github.com/omec-project/upf/issues/962""}]}},""cveMetadata"":{""assignerOrgId"":""8254265b-2729-46b6-b9e3-3dfca2d5bfca"",""assignerShortName"":""mitre"",""cveId"":""CVE-2025-65568"",""datePublished"":""2025-12-18T00:00:00.000Z"",""dateReserved"":""2025-11-18T00:00:00.000Z"",""dateUpdated"":""2026-07-05T16:12:55.967Z"",""state"":""PUBLISHED""},""dataType"":""CVE_RECORD"",""dataVersion"":""5.2""}"
CVE-2025-65427,2025,PUBLISHED,2025-12-16T00:00:00.000Z,2025-11-18T00:00:00.000Z,2026-07-05T16:12:51.804Z,8254265b-2729-46b6-b9e3-3dfca2d5bfca,mitre,null,An issue was discovered in Dbit N300 T1 Pro Easy Setup Wireless Wi-Fi Router on firmware version V1.0.0 does not implement rate limiting to /api/login allowing attackers to brute force password enumerations.,"[{""vendor"":""n/a"",""product"":""n/a"",""defaultStatus"":null,""platforms"":null,""versions"":[{""version"":""n/a"",""status"":""affected"",""lessThan"":null,""lessThanOrEqual"":null,""versionType"":null}]}]",3.1,6.5,MEDIUM,CVSS:3.1/AV:N/AC:L/PR:N/UI:N/S:U/C:L/I:L/A:N,ADP,null,n/a,null,null,null,"[{""url"":""https://github.com/kirubel-cve/CVE-2025-65427"",""name"":null,""tags"":null}]","{""containers"":{""adp"":[{""metrics"":[{""cvssV3_1"":{""attackComplexity"":""LOW"",""attackVector"":""NETWORK"",""availabilityImpact"":""NONE"",""baseScore"":6.5,""baseSeverity"":""MEDIUM"",""confidentialityImpact"":""LOW"",""integrityImpact"":""LOW"",""privilegesRequired"":""NONE"",""scope"":""UNCHANGED"",""userInteraction"":""NONE"",""vectorString"":""CVSS:3.1/AV:N/AC:L/PR:N/UI:N/S:U/C:L/I:L/A:N"",""version"":""3.1""}},{""other"":{""content"":{""id"":""CVE-2025-65427"",""options"":[{""Exploitation"":""poc""},{""Automatable"":""yes""},{""Technical Impact"":""partial""}],""role"":""CISA Coordinator"",""timestamp"":""2025-12-16T20:52:13.016616Z"",""version"":""2.0.3""},""type"":""ssvc""}}],""problemTypes"":[{""descriptions"":[{""cweId"":""CWE-307"",""description"":""CWE-307 Improper Restriction of Excessive Authentication Attempts"",""lang"":""en"",""type"":""CWE""}]}],""providerMetadata"":{""dateUpdated"":""2025-12-16T20:54:07.916Z"",""orgId"":""134c704f-9b21-4f2e-91b3-4a467353bcc0"",""shortName"":""CISA-ADP""},""title"":""CISA ADP Vulnrichment""}],""cna"":{""affected"":[{""product"":""n/a"",""vendor"":""n/a"",""versions"":[{""status"":""affected"",""version"":""n/a""}]}],""descriptions"":[{""lang"":""en"",""value"":""An issue was discovered in Dbit N300 T1 Pro Easy Setup Wireless Wi-Fi Router on firmware version V1.0.0 does not implement rate limiting to /api/login allowing attackers to brute force password enumerations.""}],""problemTypes"":[{""descriptions"":[{""description"":""n/a"",""lang"":""en"",""type"":""text""}]}],""providerMetadata"":{""dateUpdated"":""2026-07-05T16:12:51.804Z"",""orgId"":""8254265b-2729-46b6-b9e3-3dfca2d5bfca"",""shortName"":""mitre""},""references"":[{""url"":""https://github.com/kirubel-cve/CVE-2025-65427""}]}},""cveMetadata"":{""assignerOrgId"":""8254265b-2729-46b6-b9e3-3dfca2d5bfca"",""assignerShortName"":""mitre"",""cveId"":""CVE-2025-65427"",""datePublished"":""2025-12-16T00:00:00.000Z"",""dateReserved"":""2025-11-18T00:00:00.000Z"",""dateUpdated"":""2026-07-05T16:12:51.804Z"",""state"":""PUBLISHED""},""dataType"":""CVE_RECORD"",""dataVersion"":""5.2""}"
CVE-2025-65318,2025,PUBLISHED,2025-12-16T00:00:00.000Z,2025-11-18T00:00:00.000Z,2026-07-05T16:12:47.975Z,8254265b-2729-46b6-b9e3-3dfca2d5bfca,mitre,null,"When using the attachment interaction functionality, Canary Mail 5.1.40 and below saves documents to a file system without a Mark-of-the-Web tag, which allows attackers to bypass the built-in file protection mechanisms of both Windows OS and third-party software.","[{""vendor"":""n/a"",""product"":""n/a"",""defaultStatus"":null,""platforms"":null,""versions"":[{""version"":""n/a"",""status"":""affected"",""lessThan"":null,""lessThanOrEqual"":null,""versionType"":null}]}]",3.1,9.1,CRITICAL,CVSS:3.1/AV:N/AC:L/PR:N/UI:N/S:U/C:H/I:H/A:N,ADP,null,n/a,null,null,null,"[{""url"":""https://drive.google.com/file/d/14wrTzvcLPfFsWmy-SAtDwwZKKPssBsx5/view"",""name"":null,""tags"":null},{""url"":""https://github.com/nickvourd/RTI-Toolkit"",""name"":null,""tags"":null},{""url"":""https://github.com/bbaboha/CVE-2025-65318-and-CVE-2025-65319"",""name"":null,""tags"":null}]","{""containers"":{""adp"":[{""metrics"":[{""cvssV3_1"":{""attackComplexity"":""LOW"",""attackVector"":""NETWORK"",""availabilityImpact"":""NONE"",""baseScore"":9.1,""baseSeverity"":""CRITICAL"",""confidentialityImpact"":""HIGH"",""integrityImpact"":""HIGH"",""privilegesRequired"":""NONE"",""scope"":""UNCHANGED"",""userInteraction"":""NONE"",""vectorString"":""CVSS:3.1/AV:N/AC:L/PR:N/UI:N/S:U/C:H/I:H/A:N"",""version"":""3.1""}},{""other"":{""content"":{""id"":""CVE-2025-65318"",""options"":[{""Exploitation"":""poc""},{""Automatable"":""yes""},{""Technical Impact"":""total""}],""role"":""CISA Coordinator"",""timestamp"":""2025-12-17T18:48:07.239522Z"",""version"":""2.0.3""},""type"":""ssvc""}}],""problemTypes"":[{""descriptions"":[{""cweId"":""CWE-693"",""description"":""CWE-693 Protection Mechanism Failure"",""lang"":""en"",""type"":""CWE""}]}],""providerMetadata"":{""dateUpdated"":""2025-12-17T18:52:10.925Z"",""orgId"":""134c704f-9b21-4f2e-91b3-4a467353bcc0"",""shortName"":""CISA-ADP""},""references"":[{""tags"":[""exploit""],""url"":""https://github.com/bbaboha/CVE-2025-65318-and-CVE-2025-65319""}],""title"":""CISA ADP Vulnrichment""}],""cna"":{""affected"":[{""product"":""n/a"",""vendor"":""n/a"",""versions"":[{""status"":""affected"",""version"":""n/a""}]}],""descriptions"":[{""lang"":""en"",""value"":""When using the attachment interaction functionality, Canary Mail 5.1.40 and below saves documents to a file system without a Mark-of-the-Web tag, which allows attackers to bypass the built-in file protection mechanisms of both Windows OS and third-party software.""}],""problemTypes"":[{""descriptions"":[{""description"":""n/a"",""lang"":""en"",""type"":""text""}]}],""providerMetadata"":{""dateUpdated"":""2026-07-05T16:12:47.975Z"",""orgId"":""8254265b-2729-46b6-b9e3-3dfca2d5bfca"",""shortName"":""mitre""},""references"":[{""url"":""https://drive.google.com/file/d/14wrTzvcLPfFsWmy-SAtDwwZKKPssBsx5/view""},{""url"":""https://github.com/nickvourd/RTI-Toolkit""},{""url"":""https://github.com/bbaboha/CVE-2025-65318-and-CVE-2025-65319""}]}},""cveMetadata"":{""assignerOrgId"":""8254265b-2729-46b6-b9e3-3dfca2d5bfca"",""assignerShortName"":""mitre"",""cveId"":""CVE-2025-65318"",""datePublished"":""2025-12-16T00:00:00.000Z"",""dateReserved"":""2025-11-18T00:00:00.000Z"",""dateUpdated"":""2026-07-05T16:12:47.975Z"",""state"":""PUBLISHED""},""dataType"":""CVE_RECORD"",""dataVersion"":""5.2""}"
CVE-2025-65799,2025,PUBLISHED,2025-12-08T00:00:00.000Z,2025-11-18T00:00:00.000Z,2026-07-05T16:12:43.294Z,8254265b-2729-46b6-b9e3-3dfca2d5bfca,mitre,null,A lack of file name validation or verification in the Attachment service of usememos memos v0.25.2 allows attackers to execute a path traversal.,"[{""vendor"":""n/a"",""product"":""n/a"",""defaultStatus"":null,""platforms"":null,""versions"":[{""version"":""n/a"",""status"":""affected"",""lessThan"":null,""lessThanOrEqual"":null,""versionType"":null}]}]",3.1,4.3,MEDIUM,CVSS:3.1/AV:N/AC:L/PR:L/UI:N/S:U/C:N/I:L/A:N,ADP,null,n/a,null,null,null,"[{""url"":""https://github.com/usememos/memos/pull/5218"",""name"":null,""tags"":null},{""url"":""https://herolab.usd.de/security-advisories/usd-2025-0056/"",""name"":null,""tags"":null}]","{""containers"":{""adp"":[{""metrics"":[{""cvssV3_1"":{""attackComplexity"":""LOW"",""attackVector"":""NETWORK"",""availabilityImpact"":""NONE"",""baseScore"":4.3,""baseSeverity"":""MEDIUM"",""confidentialityImpact"":""NONE"",""integrityImpact"":""LOW"",""privilegesRequired"":""LOW"",""scope"":""UNCHANGED"",""userInteraction"":""NONE"",""vectorString"":""CVSS:3.1/AV:N/AC:L/PR:L/UI:N/S:U/C:N/I:L/A:N"",""version"":""3.1""}},{""other"":{""content"":{""id"":""CVE-2025-65799"",""options"":[{""Exploitation"":""none""},{""Automatable"":""no""},{""Technical Impact"":""partial""}],""role"":""CISA Coordinator"",""timestamp"":""2025-12-08T17:30:19.015938Z"",""version"":""2.0.3""},""type"":""ssvc""}}],""problemTypes"":[{""descriptions"":[{""cweId"":""CWE-73"",""description"":""CWE-73 External Control of File Name or Path"",""lang"":""en"",""type"":""CWE""}]}],""providerMetadata"":{""dateUpdated"":""2025-12-08T17:30:21.360Z"",""orgId"":""134c704f-9b21-4f2e-91b3-4a467353bcc0"",""shortName"":""CISA-ADP""},""title"":""CISA ADP Vulnrichment""}],""cna"":{""affected"":[{""product"":""n/a"",""vendor"":""n/a"",""versions"":[{""status"":""affected"",""version"":""n/a""}]}],""descriptions"":[{""lang"":""en"",""value"":""A lack of file name validation or verification in the Attachment service of usememos memos v0.25.2 allows attackers to execute a path traversal.""}],""problemTypes"":[{""descriptions"":[{""description"":""n/a"",""lang"":""en"",""type"":""text""}]}],""providerMetadata"":{""dateUpdated"":""2026-07-05T16:12:43.294Z"",""orgId"":""8254265b-2729-46b6-b9e3-3dfca2d5bfca"",""shortName"":""mitre""},""references"":[{""url"":""https://github.com/usememos/memos/pull/5218""},{""url"":""https://herolab.usd.de/security-advisories/usd-2025-0056/""}]}},""cveMetadata"":{""assignerOrgId"":""8254265b-2729-46b6-b9e3-3dfca2d5bfca"",""assignerShortName"":""mitre"",""cveId"":""CVE-2025-65799"",""datePublished"":""2025-12-08T00:00:00.000Z"",""dateReserved"":""2025-11-18T00:00:00.000Z"",""dateUpdated"":""2026-07-05T16:12:43.294Z"",""state"":""PUBLISHED""},""dataType"":""CVE_RECORD"",""dataVersion"":""5.2""}"
